Worksheet,Year,StateTerritory,GeographicUnit,GeographicCode,GeographicAreaName,GeographicGroup,DemographicGroup,HourEDpresentation,TriageCategory,MeasureName,MeasureValue,Flag,FlagExplanation
Table1,2017-18,,NAT,001NAT,National,National,All persons,All-hours,TC4+5,"All-hours lower urgency ED, per 1,000 population, age-standardised",119.3,,
Table1,2017-18,,NAT,001NAT,National,National,All persons,In-hours,TC4+5,"In-hours lower urgency ED, per 1,000 population, age-standardised",62,,
Table1,2017-18,,NAT,001NAT,National,National,All persons,After-hours,TC4+5,"After-hours lower urgency ED, per 1,000 population, age-standardised",57.3,,
Table1,2017-18,,NAT,001NAT,National,National,All persons,All-hours,TC4+5,Number all-hours lower urgency ED,2878835,,
Table1,2017-18,,NAT,001NAT,National,National,All persons,All-hours,All,Number total ED,8017492,,
Table1,2017-18,,NAT,001NAT,National,National,All persons,,TC4+5,Estimated resident population,24592588,,
Table1,2018-19,,NAT,001NAT,National,National,All persons,All-hours,TC4+5,"All-hours lower urgency ED, per 1,000 population, age-standardised",120,,
Table1,2018-19,,NAT,001NAT,National,National,All persons,In-hours,TC4+5,"In-hours lower urgency ED, per 1,000 population, age-standardised",62.8,,
Table1,2018-19,,NAT,001NAT,National,National,All persons,After-hours,TC4+5,"After-hours lower urgency ED, per 1,000 population, age-standardised",57.3,,
Table1,2018-19,,NAT,001NAT,National,National,All persons,All-hours,TC4+5,Number all-hours lower urgency ED,2934424,,
Table1,2018-19,,NAT,001NAT,National,National,All persons,All-hours,All,Number total ED,8352192,,
Table1,2018-19,,NAT,001NAT,National,National,All persons,,TC4+5,Estimated resident population,24963258,,
Table1,2019-20,,NAT,001NAT,National,National,All persons,All-hours,TC4+5,"All-hours lower urgency ED, per 1,000 population, age-standardised",115.7,,
Table1,2019-20,,NAT,001NAT,National,National,All persons,In-hours,TC4+5,"In-hours lower urgency ED, per 1,000 population, age-standardised",63.5,,
Table1,2019-20,,NAT,001NAT,National,National,All persons,After-hours,TC4+5,"After-hours lower urgency ED, per 1,000 population, age-standardised",52.3,,
Table1,2019-20,,NAT,001NAT,National,National,All persons,All-hours,TC4+5,Number all-hours lower urgency ED,2869687,,
Table1,2019-20,,NAT,001NAT,National,National,All persons,All-hours,All,Number total ED,8236159,,
Table1,2019-20,,NAT,001NAT,National,National,All persons,,TC4+5,Estimated resident population,25334826,,
Table1,2020-21,,NAT,001NAT,National,National,All persons,All-hours,TC4+5,"All-hours lower urgency ED, per 1,000 population, age-standardised",127.8,,
Table1,2020-21,,NAT,001NAT,National,National,All persons,In-hours,TC4+5,"In-hours lower urgency ED, per 1,000 population, age-standardised",72.3,,
Table1,2020-21,,NAT,001NAT,National,National,All persons,After-hours,TC4+5,"After-hours lower urgency ED, per 1,000 population, age-standardised",55.6,,
Table1,2020-21,,NAT,001NAT,National,National,All persons,All-hours,TC4+5,Number all-hours lower urgency ED,3187834,,
Table1,2020-21,,NAT,001NAT,National,National,All persons,All-hours,All,Number total ED,8808357,,
Table1,2020-21,,NAT,001NAT,National,National,All persons,,TC4+5,Estimated resident population,25649248,,
Table1,2021-22,,NAT,001NAT,National,National,All persons,All-hours,TC4+5,"All-hours lower urgency ED, per 1,000 population, age-standardised",124.3,,
Table1,2021-22,,NAT,001NAT,National,National,All persons,In-hours,TC4+5,"In-hours lower urgency ED, per 1,000 population, age-standardised",68.5,,
Table1,2021-22,,NAT,001NAT,National,National,All persons,After-hours,TC4+5,"After-hours lower urgency ED, per 1,000 population, age-standardised",55.8,,
Table1,2021-22,,NAT,001NAT,National,National,All persons,All-hours,TC4+5,Number all-hours lower urgency ED,3088281,,
Table1,2021-22,,NAT,001NAT,National,National,All persons,All-hours,All,Number total ED,8789877,,
Table1,2021-22,,NAT,001NAT,National,National,All persons,,TC4+5,Estimated resident population,25685412,,
Table1,2022-23,,NAT,001NAT,National,National,All persons,All-hours,TC4+5,"All-hours lower urgency ED, per 1,000 population, age-standardised",114.3,,
Table1,2022-23,,NAT,001NAT,National,National,All persons,In-hours,TC4+5,"In-hours lower urgency ED, per 1,000 population, age-standardised",61.9,,
Table1,2022-23,,NAT,001NAT,National,National,All persons,After-hours,TC4+5,"After-hours lower urgency ED, per 1,000 population, age-standardised",52.4,,
Table1,2022-23,,NAT,001NAT,National,National,All persons,All-hours,TC4+5,Number all-hours lower urgency ED,2874630,,
Table1,2022-23,,NAT,001NAT,National,National,All persons,All-hours,All,Number total ED,8800919,,
Table1,2022-23,,NAT,001NAT,National,National,All persons,,TC4+5,Estimated resident population,26014399,,
Table1,2023-24,,NAT,001NAT,National,National,All persons,All-hours,TC4+5,"All-hours lower urgency ED, per 1,000 population, age-standardised",110.1,,
Table1,2023-24,,NAT,001NAT,National,National,All persons,In-hours,TC4+5,"In-hours lower urgency ED, per 1,000 population, age-standardised",60.1,,
Table1,2023-24,,NAT,001NAT,National,National,All persons,After-hours,TC4+5,"After-hours lower urgency ED, per 1,000 population, age-standardised",50,,
Table1,2023-24,,NAT,001NAT,National,National,All persons,All-hours,TC4+5,Number all-hours lower urgency ED,2846713,,
Table1,2023-24,,NAT,001NAT,National,National,All persons,All-hours,All,Number total ED,9018401,,
Table1,2023-24,,NAT,001NAT,National,National,All persons,,TC4+5,Estimated resident population,26652777,,
Table1,2024-25,,NAT,001NAT,National,National,All persons,All-hours,TC4+5,"All-hours lower urgency ED, per 1,000 population, age-standardised",104.7,,
Table1,2024-25,,NAT,001NAT,National,National,All persons,In-hours,TC4+5,"In-hours lower urgency ED, per 1,000 population, age-standardised",57.3,,
Table1,2024-25,,NAT,001NAT,National,National,All persons,After-hours,TC4+5,"After-hours lower urgency ED, per 1,000 population, age-standardised",47.4,,
Table1,2024-25,,NAT,001NAT,National,National,All persons,All-hours,TC4+5,Number all-hours lower urgency ED,2765074,,
Table1,2024-25,,NAT,001NAT,National,National,All persons,All-hours,All,Number total ED,9094312,,
Table1,2024-25,,NAT,001NAT,National,National,All persons,,TC4+5,Estimated resident population,27194369,,
Table2,2017-18,,NAT,001NAT,National,National,All persons,All-hours,TC4+5,"All-hours lower urgency ED, per 1,000 population, age-standardised",119.3,,
Table2,2017-18,,NAT,001NAT,National,National,All persons,In-hours,TC4+5,"In-hours lower urgency ED, per 1,000 population, age-standardised",62,,
Table2,2017-18,,NAT,001NAT,National,National,All persons,After-hours,TC4+5,"After-hours lower urgency ED, per 1,000 population, age-standardised",57.3,,
Table2,2017-18,,NAT,001NAT,National,National,All persons,All-hours,TC4+5,Number all-hours lower urgency ED,2878835,,
Table2,2017-18,,NAT,001NAT,National,National,All persons,All-hours,All,Number total ED,8017492,,
Table2,2017-18,,NAT,001NAT,National,National,All persons,,TC4+5,Estimated resident population,24592588,,
Table2,2018-19,,NAT,001NAT,National,National,All persons,All-hours,TC4+5,"All-hours lower urgency ED, per 1,000 population, age-standardised",120,,
Table2,2018-19,,NAT,001NAT,National,National,All persons,In-hours,TC4+5,"In-hours lower urgency ED, per 1,000 population, age-standardised",62.8,,
Table2,2018-19,,NAT,001NAT,National,National,All persons,After-hours,TC4+5,"After-hours lower urgency ED, per 1,000 population, age-standardised",57.3,,
Table2,2018-19,,NAT,001NAT,National,National,All persons,All-hours,TC4+5,Number all-hours lower urgency ED,2934424,,
Table2,2018-19,,NAT,001NAT,National,National,All persons,All-hours,All,Number total ED,8352192,,
Table2,2018-19,,NAT,001NAT,National,National,All persons,,TC4+5,Estimated resident population,24963258,,
Table2,2019-20,,NAT,001NAT,National,National,All persons,All-hours,TC4+5,"All-hours lower urgency ED, per 1,000 population, age-standardised",115.7,,
Table2,2019-20,,NAT,001NAT,National,National,All persons,In-hours,TC4+5,"In-hours lower urgency ED, per 1,000 population, age-standardised",63.5,,
Table2,2019-20,,NAT,001NAT,National,National,All persons,After-hours,TC4+5,"After-hours lower urgency ED, per 1,000 population, age-standardised",52.3,,
Table2,2019-20,,NAT,001NAT,National,National,All persons,All-hours,TC4+5,Number all-hours lower urgency ED,2869687,,
Table2,2019-20,,NAT,001NAT,National,National,All persons,All-hours,All,Number total ED,8236159,,
Table2,2019-20,,NAT,001NAT,National,National,All persons,,TC4+5,Estimated resident population,25334826,,
Table2,2020-21,,NAT,001NAT,National,National,All persons,All-hours,TC4+5,"All-hours lower urgency ED, per 1,000 population, age-standardised",127.8,,
Table2,2020-21,,NAT,001NAT,National,National,All persons,In-hours,TC4+5,"In-hours lower urgency ED, per 1,000 population, age-standardised",72.3,,
Table2,2020-21,,NAT,001NAT,National,National,All persons,After-hours,TC4+5,"After-hours lower urgency ED, per 1,000 population, age-standardised",55.6,,
Table2,2020-21,,NAT,001NAT,National,National,All persons,All-hours,TC4+5,Number all-hours lower urgency ED,3187834,,
Table2,2020-21,,NAT,001NAT,National,National,All persons,All-hours,All,Number total ED,8808357,,
Table2,2020-21,,NAT,001NAT,National,National,All persons,,TC4+5,Estimated resident population,25649248,,
Table2,2021-22,,NAT,001NAT,National,National,All persons,All-hours,TC4+5,"All-hours lower urgency ED, per 1,000 population, age-standardised",124.3,,
Table2,2021-22,,NAT,001NAT,National,National,All persons,In-hours,TC4+5,"In-hours lower urgency ED, per 1,000 population, age-standardised",68.5,,
Table2,2021-22,,NAT,001NAT,National,National,All persons,After-hours,TC4+5,"After-hours lower urgency ED, per 1,000 population, age-standardised",55.8,,
Table2,2021-22,,NAT,001NAT,National,National,All persons,All-hours,TC4+5,Number all-hours lower urgency ED,3088281,,
Table2,2021-22,,NAT,001NAT,National,National,All persons,All-hours,All,Number total ED,8789877,,
Table2,2021-22,,NAT,001NAT,National,National,All persons,,TC4+5,Estimated resident population,25685412,,
Table2,2022-23,,NAT,001NAT,National,National,All persons,All-hours,TC4+5,"All-hours lower urgency ED, per 1,000 population, age-standardised",114.3,,
Table2,2022-23,,NAT,001NAT,National,National,All persons,In-hours,TC4+5,"In-hours lower urgency ED, per 1,000 population, age-standardised",61.9,,
Table2,2022-23,,NAT,001NAT,National,National,All persons,After-hours,TC4+5,"After-hours lower urgency ED, per 1,000 population, age-standardised",52.4,,
Table2,2022-23,,NAT,001NAT,National,National,All persons,All-hours,TC4+5,Number all-hours lower urgency ED,2874630,,
Table2,2022-23,,NAT,001NAT,National,National,All persons,All-hours,All,Number total ED,8800919,,
Table2,2022-23,,NAT,001NAT,National,National,All persons,,TC4+5,Estimated resident population,26014399,,
Table2,2023-24,,NAT,001NAT,National,National,All persons,All-hours,TC4+5,"All-hours lower urgency ED, per 1,000 population, age-standardised",110.1,,
Table2,2023-24,,NAT,001NAT,National,National,All persons,In-hours,TC4+5,"In-hours lower urgency ED, per 1,000 population, age-standardised",60.1,,
Table2,2023-24,,NAT,001NAT,National,National,All persons,After-hours,TC4+5,"After-hours lower urgency ED, per 1,000 population, age-standardised",50,,
Table2,2023-24,,NAT,001NAT,National,National,All persons,All-hours,TC4+5,Number all-hours lower urgency ED,2846713,,
Table2,2023-24,,NAT,001NAT,National,National,All persons,All-hours,All,Number total ED,9018401,,
Table2,2023-24,,NAT,001NAT,National,National,All persons,,TC4+5,Estimated resident population,26652777,,
Table2,2024-25,,NAT,001NAT,National,National,All persons,All-hours,TC4+5,"All-hours lower urgency ED, per 1,000 population, age-standardised",104.7,,
Table2,2024-25,,NAT,001NAT,National,National,All persons,In-hours,TC4+5,"In-hours lower urgency ED, per 1,000 population, age-standardised",57.3,,
Table2,2024-25,,NAT,001NAT,National,National,All persons,After-hours,TC4+5,"After-hours lower urgency ED, per 1,000 population, age-standardised",47.4,,
Table2,2024-25,,NAT,001NAT,National,National,All persons,All-hours,TC4+5,Number all-hours lower urgency ED,2765074,,
Table2,2024-25,,NAT,001NAT,National,National,All persons,All-hours,All,Number total ED,9094312,,
Table2,2024-25,,NAT,001NAT,National,National,All persons,,TC4+5,Estimated resident population,27194369,,
Table3,2017-18,,PHN,003MET,Metropolitan,Metropolitan,All persons,All-hours,TC4+5,"All-hours lower urgency ED, per 1,000 population, age-standardised",92.9,,
Table3,2017-18,,PHN,003MET,Metropolitan,Metropolitan,All persons,In-hours,TC4+5,"In-hours lower urgency ED, per 1,000 population, age-standardised",47,,
Table3,2017-18,,PHN,003MET,Metropolitan,Metropolitan,All persons,After-hours,TC4+5,"After-hours lower urgency ED, per 1,000 population, age-standardised",45.9,,
Table3,2017-18,,PHN,003MET,Metropolitan,Metropolitan,All persons,All-hours,TC4+5,Number all-hours lower urgency ED,1476918,,
Table3,2017-18,,PHN,003MET,Metropolitan,Metropolitan,All persons,All-hours,All,Number total ED,4486766,,
Table3,2017-18,,PHN,003MET,Metropolitan,Metropolitan,All persons,,TC4+5,Estimated resident population,16117502,,
Table3,2017-18,,PHN,003REG,Regional,Regional,All persons,All-hours,TC4+5,"All-hours lower urgency ED, per 1,000 population, age-standardised",165.6,#,"Interpret with caution - Results only include data for formal public EDs, so does not include all emergency care provided by public hospitals. This may affect comparability of results for regional and remote areas"
Table3,2017-18,,PHN,003REG,Regional,Regional,All persons,In-hours,TC4+5,"In-hours lower urgency ED, per 1,000 population, age-standardised",88.7,#,"Interpret with caution - Results only include data for formal public EDs, so does not include all emergency care provided by public hospitals. This may affect comparability of results for regional and remote areas"
Table3,2017-18,,PHN,003REG,Regional,Regional,All persons,After-hours,TC4+5,"After-hours lower urgency ED, per 1,000 population, age-standardised",76.8,#,"Interpret with caution - Results only include data for formal public EDs, so does not include all emergency care provided by public hospitals. This may affect comparability of results for regional and remote areas"
Table3,2017-18,,PHN,003REG,Regional,Regional,All persons,All-hours,TC4+5,Number all-hours lower urgency ED,1342622,#,"Interpret with caution - Results only include data for formal public EDs, so does not include all emergency care provided by public hospitals. This may affect comparability of results for regional and remote areas"
Table3,2017-18,,PHN,003REG,Regional,Regional,All persons,All-hours,All,Number total ED,3368483,#,"Interpret with caution - Results only include data for formal public EDs, so does not include all emergency care provided by public hospitals. This may affect comparability of results for regional and remote areas"
Table3,2017-18,,PHN,003REG,Regional,Regional,All persons,,TC4+5,Estimated resident population,8474520,,
Table3,2017-18,ACT,PHN,PHN801,Australian Capital Territory,Metropolitan,All persons,All-hours,TC4+5,"All-hours lower urgency ED, per 1,000 population, age-standardised",126.4,,
Table3,2017-18,ACT,PHN,PHN801,Australian Capital Territory,Metropolitan,All persons,In-hours,TC4+5,"In-hours lower urgency ED, per 1,000 population, age-standardised",65.8,,
Table3,2017-18,ACT,PHN,PHN801,Australian Capital Territory,Metropolitan,All persons,After-hours,TC4+5,"After-hours lower urgency ED, per 1,000 population, age-standardised",60.6,,
Table3,2017-18,ACT,PHN,PHN801,Australian Capital Territory,Metropolitan,All persons,All-hours,TC4+5,Number all-hours lower urgency ED,52445,,
Table3,2017-18,ACT,PHN,PHN801,Australian Capital Territory,Metropolitan,All persons,All-hours,All,Number total ED,137812,,
Table3,2017-18,ACT,PHN,PHN801,Australian Capital Territory,Metropolitan,All persons,,TC4+5,Estimated resident population,415046,,
Table3,2017-18,NSW,PHN,PHN101,Central and Eastern Sydney,Metropolitan,All persons,All-hours,TC4+5,"All-hours lower urgency ED, per 1,000 population, age-standardised",99.6,,
Table3,2017-18,NSW,PHN,PHN101,Central and Eastern Sydney,Metropolitan,All persons,In-hours,TC4+5,"In-hours lower urgency ED, per 1,000 population, age-standardised",49.9,,
Table3,2017-18,NSW,PHN,PHN101,Central and Eastern Sydney,Metropolitan,All persons,After-hours,TC4+5,"After-hours lower urgency ED, per 1,000 population, age-standardised",49.8,,
Table3,2017-18,NSW,PHN,PHN101,Central and Eastern Sydney,Metropolitan,All persons,All-hours,TC4+5,Number all-hours lower urgency ED,150701,,
Table3,2017-18,NSW,PHN,PHN101,Central and Eastern Sydney,Metropolitan,All persons,All-hours,All,Number total ED,415254,,
Table3,2017-18,NSW,PHN,PHN101,Central and Eastern Sydney,Metropolitan,All persons,,TC4+5,Estimated resident population,1585726,,
Table3,2017-18,NSW,PHN,PHN102,Northern Sydney,Metropolitan,All persons,All-hours,TC4+5,"All-hours lower urgency ED, per 1,000 population, age-standardised",96.3,,
Table3,2017-18,NSW,PHN,PHN102,Northern Sydney,Metropolitan,All persons,In-hours,TC4+5,"In-hours lower urgency ED, per 1,000 population, age-standardised",46.3,,
Table3,2017-18,NSW,PHN,PHN102,Northern Sydney,Metropolitan,All persons,After-hours,TC4+5,"After-hours lower urgency ED, per 1,000 population, age-standardised",50,,
Table3,2017-18,NSW,PHN,PHN102,Northern Sydney,Metropolitan,All persons,All-hours,TC4+5,Number all-hours lower urgency ED,86563,,
Table3,2017-18,NSW,PHN,PHN102,Northern Sydney,Metropolitan,All persons,All-hours,All,Number total ED,219539,,
Table3,2017-18,NSW,PHN,PHN102,Northern Sydney,Metropolitan,All persons,,TC4+5,Estimated resident population,924183,,
Table3,2017-18,NSW,PHN,PHN103,Western Sydney,Metropolitan,All persons,All-hours,TC4+5,"All-hours lower urgency ED, per 1,000 population, age-standardised",82.5,,
Table3,2017-18,NSW,PHN,PHN103,Western Sydney,Metropolitan,All persons,In-hours,TC4+5,"In-hours lower urgency ED, per 1,000 population, age-standardised",39.4,,
Table3,2017-18,NSW,PHN,PHN103,Western Sydney,Metropolitan,All persons,After-hours,TC4+5,"After-hours lower urgency ED, per 1,000 population, age-standardised",43.1,,
Table3,2017-18,NSW,PHN,PHN103,Western Sydney,Metropolitan,All persons,All-hours,TC4+5,Number all-hours lower urgency ED,82715,,
Table3,2017-18,NSW,PHN,PHN103,Western Sydney,Metropolitan,All persons,All-hours,All,Number total ED,247869,,
Table3,2017-18,NSW,PHN,PHN103,Western Sydney,Metropolitan,All persons,,TC4+5,Estimated resident population,978286,,
Table3,2017-18,NSW,PHN,PHN104,Nepean Blue Mountains,Metropolitan,All persons,All-hours,TC4+5,"All-hours lower urgency ED, per 1,000 population, age-standardised",130.9,,
Table3,2017-18,NSW,PHN,PHN104,Nepean Blue Mountains,Metropolitan,All persons,In-hours,TC4+5,"In-hours lower urgency ED, per 1,000 population, age-standardised",65.1,,
Table3,2017-18,NSW,PHN,PHN104,Nepean Blue Mountains,Metropolitan,All persons,After-hours,TC4+5,"After-hours lower urgency ED, per 1,000 population, age-standardised",65.8,,
Table3,2017-18,NSW,PHN,PHN104,Nepean Blue Mountains,Metropolitan,All persons,All-hours,TC4+5,Number all-hours lower urgency ED,48480,,
Table3,2017-18,NSW,PHN,PHN104,Nepean Blue Mountains,Metropolitan,All persons,All-hours,All,Number total ED,127504,,
Table3,2017-18,NSW,PHN,PHN104,Nepean Blue Mountains,Metropolitan,All persons,,TC4+5,Estimated resident population,372575,,
Table3,2017-18,NSW,PHN,PHN105,South Western Sydney,Metropolitan,All persons,All-hours,TC4+5,"All-hours lower urgency ED, per 1,000 population, age-standardised",101.3,,
Table3,2017-18,NSW,PHN,PHN105,South Western Sydney,Metropolitan,All persons,In-hours,TC4+5,"In-hours lower urgency ED, per 1,000 population, age-standardised",48.8,,
Table3,2017-18,NSW,PHN,PHN105,South Western Sydney,Metropolitan,All persons,After-hours,TC4+5,"After-hours lower urgency ED, per 1,000 population, age-standardised",52.5,,
Table3,2017-18,NSW,PHN,PHN105,South Western Sydney,Metropolitan,All persons,All-hours,TC4+5,Number all-hours lower urgency ED,101048,,
Table3,2017-18,NSW,PHN,PHN105,South Western Sydney,Metropolitan,All persons,All-hours,All,Number total ED,305152,,
Table3,2017-18,NSW,PHN,PHN105,South Western Sydney,Metropolitan,All persons,,TC4+5,Estimated resident population,989870,,
Table3,2017-18,NSW,PHN,PHN106,South Eastern NSW,Regional,All persons,All-hours,TC4+5,"All-hours lower urgency ED, per 1,000 population, age-standardised",189.8,#,"Interpret with caution - Results only include data for formal public EDs, so does not include all emergency care provided by public hospitals. This may affect comparability of results for regional and remote areas"
Table3,2017-18,NSW,PHN,PHN106,South Eastern NSW,Regional,All persons,In-hours,TC4+5,"In-hours lower urgency ED, per 1,000 population, age-standardised",103.3,#,"Interpret with caution - Results only include data for formal public EDs, so does not include all emergency care provided by public hospitals. This may affect comparability of results for regional and remote areas"
Table3,2017-18,NSW,PHN,PHN106,South Eastern NSW,Regional,All persons,After-hours,TC4+5,"After-hours lower urgency ED, per 1,000 population, age-standardised",86.6,#,"Interpret with caution - Results only include data for formal public EDs, so does not include all emergency care provided by public hospitals. This may affect comparability of results for regional and remote areas"
Table3,2017-18,NSW,PHN,PHN106,South Eastern NSW,Regional,All persons,All-hours,TC4+5,Number all-hours lower urgency ED,112288,#,"Interpret with caution - Results only include data for formal public EDs, so does not include all emergency care provided by public hospitals. This may affect comparability of results for regional and remote areas"
Table3,2017-18,NSW,PHN,PHN106,South Eastern NSW,Regional,All persons,All-hours,All,Number total ED,273802,#,"Interpret with caution - Results only include data for formal public EDs, so does not include all emergency care provided by public hospitals. This may affect comparability of results for regional and remote areas"
Table3,2017-18,NSW,PHN,PHN106,South Eastern NSW,Regional,All persons,,TC4+5,Estimated resident population,617121,,
Table3,2017-18,NSW,PHN,PHN107,Western NSW,Regional,All persons,All-hours,TC4+5,"All-hours lower urgency ED, per 1,000 population, age-standardised",339.8,#,"Interpret with caution - Results only include data for formal public EDs, so does not include all emergency care provided by public hospitals. This may affect comparability of results for regional and remote areas"
Table3,2017-18,NSW,PHN,PHN107,Western NSW,Regional,All persons,In-hours,TC4+5,"In-hours lower urgency ED, per 1,000 population, age-standardised",186.2,#,"Interpret with caution - Results only include data for formal public EDs, so does not include all emergency care provided by public hospitals. This may affect comparability of results for regional and remote areas"
Table3,2017-18,NSW,PHN,PHN107,Western NSW,Regional,All persons,After-hours,TC4+5,"After-hours lower urgency ED, per 1,000 population, age-standardised",153.6,#,"Interpret with caution - Results only include data for formal public EDs, so does not include all emergency care provided by public hospitals. This may affect comparability of results for regional and remote areas"
Table3,2017-18,NSW,PHN,PHN107,Western NSW,Regional,All persons,All-hours,TC4+5,Number all-hours lower urgency ED,101891,#,"Interpret with caution - Results only include data for formal public EDs, so does not include all emergency care provided by public hospitals. This may affect comparability of results for regional and remote areas"
Table3,2017-18,NSW,PHN,PHN107,Western NSW,Regional,All persons,All-hours,All,Number total ED,208264,#,"Interpret with caution - Results only include data for formal public EDs, so does not include all emergency care provided by public hospitals. This may affect comparability of results for regional and remote areas"
Table3,2017-18,NSW,PHN,PHN107,Western NSW,Regional,All persons,,TC4+5,Estimated resident population,308622,,
Table3,2017-18,NSW,PHN,PHN108,Hunter New England and Central Coast,Regional,All persons,All-hours,TC4+5,"All-hours lower urgency ED, per 1,000 population, age-standardised",205.5,#,"Interpret with caution - Results only include data for formal public EDs, so does not include all emergency care provided by public hospitals. This may affect comparability of results for regional and remote areas"
Table3,2017-18,NSW,PHN,PHN108,Hunter New England and Central Coast,Regional,All persons,In-hours,TC4+5,"In-hours lower urgency ED, per 1,000 population, age-standardised",106.6,#,"Interpret with caution - Results only include data for formal public EDs, so does not include all emergency care provided by public hospitals. This may affect comparability of results for regional and remote areas"
Table3,2017-18,NSW,PHN,PHN108,Hunter New England and Central Coast,Regional,All persons,After-hours,TC4+5,"After-hours lower urgency ED, per 1,000 population, age-standardised",98.9,#,"Interpret with caution - Results only include data for formal public EDs, so does not include all emergency care provided by public hospitals. This may affect comparability of results for regional and remote areas"
Table3,2017-18,NSW,PHN,PHN108,Hunter New England and Central Coast,Regional,All persons,All-hours,TC4+5,Number all-hours lower urgency ED,248250,#,"Interpret with caution - Results only include data for formal public EDs, so does not include all emergency care provided by public hospitals. This may affect comparability of results for regional and remote areas"
Table3,2017-18,NSW,PHN,PHN108,Hunter New England and Central Coast,Regional,All persons,All-hours,All,Number total ED,549998,#,"Interpret with caution - Results only include data for formal public EDs, so does not include all emergency care provided by public hospitals. This may affect comparability of results for regional and remote areas"
Table3,2017-18,NSW,PHN,PHN108,Hunter New England and Central Coast,Regional,All persons,,TC4+5,Estimated resident population,1261023,,
Table3,2017-18,NSW,PHN,PHN109,North Coast,Regional,All persons,All-hours,TC4+5,"All-hours lower urgency ED, per 1,000 population, age-standardised",279.5,#,"Interpret with caution - Results only include data for formal public EDs, so does not include all emergency care provided by public hospitals. This may affect comparability of results for regional and remote areas"
Table3,2017-18,NSW,PHN,PHN109,North Coast,Regional,All persons,In-hours,TC4+5,"In-hours lower urgency ED, per 1,000 population, age-standardised",158,#,"Interpret with caution - Results only include data for formal public EDs, so does not include all emergency care provided by public hospitals. This may affect comparability of results for regional and remote areas"
Table3,2017-18,NSW,PHN,PHN109,North Coast,Regional,All persons,After-hours,TC4+5,"After-hours lower urgency ED, per 1,000 population, age-standardised",121.5,#,"Interpret with caution - Results only include data for formal public EDs, so does not include all emergency care provided by public hospitals. This may affect comparability of results for regional and remote areas"
Table3,2017-18,NSW,PHN,PHN109,North Coast,Regional,All persons,All-hours,TC4+5,Number all-hours lower urgency ED,132413,#,"Interpret with caution - Results only include data for formal public EDs, so does not include all emergency care provided by public hospitals. This may affect comparability of results for regional and remote areas"
Table3,2017-18,NSW,PHN,PHN109,North Coast,Regional,All persons,All-hours,All,Number total ED,301962,#,"Interpret with caution - Results only include data for formal public EDs, so does not include all emergency care provided by public hospitals. This may affect comparability of results for regional and remote areas"
Table3,2017-18,NSW,PHN,PHN109,North Coast,Regional,All persons,,TC4+5,Estimated resident population,520921,,
Table3,2017-18,NSW,PHN,PHN110,Murrumbidgee,Regional,All persons,All-hours,TC4+5,"All-hours lower urgency ED, per 1,000 population, age-standardised",244.8,#,"Interpret with caution - Results only include data for formal public EDs, so does not include all emergency care provided by public hospitals. This may affect comparability of results for regional and remote areas"
Table3,2017-18,NSW,PHN,PHN110,Murrumbidgee,Regional,All persons,In-hours,TC4+5,"In-hours lower urgency ED, per 1,000 population, age-standardised",128.6,#,"Interpret with caution - Results only include data for formal public EDs, so does not include all emergency care provided by public hospitals. This may affect comparability of results for regional and remote areas"
Table3,2017-18,NSW,PHN,PHN110,Murrumbidgee,Regional,All persons,After-hours,TC4+5,"After-hours lower urgency ED, per 1,000 population, age-standardised",116.2,#,"Interpret with caution - Results only include data for formal public EDs, so does not include all emergency care provided by public hospitals. This may affect comparability of results for regional and remote areas"
Table3,2017-18,NSW,PHN,PHN110,Murrumbidgee,Regional,All persons,All-hours,TC4+5,Number all-hours lower urgency ED,57893,#,"Interpret with caution - Results only include data for formal public EDs, so does not include all emergency care provided by public hospitals. This may affect comparability of results for regional and remote areas"
Table3,2017-18,NSW,PHN,PHN110,Murrumbidgee,Regional,All persons,All-hours,All,Number total ED,153093,#,"Interpret with caution - Results only include data for formal public EDs, so does not include all emergency care provided by public hospitals. This may affect comparability of results for regional and remote areas"
Table3,2017-18,NSW,PHN,PHN110,Murrumbidgee,Regional,All persons,,TC4+5,Estimated resident population,243998,,
Table3,2017-18,NT,PHN,PHN701,Northern Territory,Regional,All persons,All-hours,TC4+5,"All-hours lower urgency ED, per 1,000 population, age-standardised",224.2,#,"Interpret with caution - Results only include data for formal public EDs, so does not include all emergency care provided by public hospitals. This may affect comparability of results for regional and remote areas"
Table3,2017-18,NT,PHN,PHN701,Northern Territory,Regional,All persons,In-hours,TC4+5,"In-hours lower urgency ED, per 1,000 population, age-standardised",129.2,#,"Interpret with caution - Results only include data for formal public EDs, so does not include all emergency care provided by public hospitals. This may affect comparability of results for regional and remote areas"
Table3,2017-18,NT,PHN,PHN701,Northern Territory,Regional,All persons,After-hours,TC4+5,"After-hours lower urgency ED, per 1,000 population, age-standardised",95,#,"Interpret with caution - Results only include data for formal public EDs, so does not include all emergency care provided by public hospitals. This may affect comparability of results for regional and remote areas"
Table3,2017-18,NT,PHN,PHN701,Northern Territory,Regional,All persons,All-hours,TC4+5,Number all-hours lower urgency ED,56205,#,"Interpret with caution - Results only include data for formal public EDs, so does not include all emergency care provided by public hospitals. This may affect comparability of results for regional and remote areas"
Table3,2017-18,NT,PHN,PHN701,Northern Territory,Regional,All persons,All-hours,All,Number total ED,149252,#,"Interpret with caution - Results only include data for formal public EDs, so does not include all emergency care provided by public hospitals. This may affect comparability of results for regional and remote areas"
Table3,2017-18,NT,PHN,PHN701,Northern Territory,Regional,All persons,,TC4+5,Estimated resident population,247398,,
Table3,2017-18,,NAT,001NAT,National,National,All persons,All-hours,TC4+5,"All-hours lower urgency ED, per 1,000 population, age-standardised",119.3,,
Table3,2017-18,,NAT,001NAT,National,National,All persons,In-hours,TC4+5,"In-hours lower urgency ED, per 1,000 population, age-standardised",62,,
Table3,2017-18,,NAT,001NAT,National,National,All persons,After-hours,TC4+5,"After-hours lower urgency ED, per 1,000 population, age-standardised",57.3,,
Table3,2017-18,,NAT,001NAT,National,National,All persons,All-hours,TC4+5,Number all-hours lower urgency ED,2878835,,
Table3,2017-18,,NAT,001NAT,National,National,All persons,All-hours,All,Number total ED,8017492,,
Table3,2017-18,,NAT,001NAT,National,National,All persons,,TC4+5,Estimated resident population,24592588,,
Table3,2017-18,Qld,PHN,PHN301,Brisbane North,Metropolitan,All persons,All-hours,TC4+5,"All-hours lower urgency ED, per 1,000 population, age-standardised",84.7,,
Table3,2017-18,Qld,PHN,PHN301,Brisbane North,Metropolitan,All persons,In-hours,TC4+5,"In-hours lower urgency ED, per 1,000 population, age-standardised",43.6,,
Table3,2017-18,Qld,PHN,PHN301,Brisbane North,Metropolitan,All persons,After-hours,TC4+5,"After-hours lower urgency ED, per 1,000 population, age-standardised",41.1,,
Table3,2017-18,Qld,PHN,PHN301,Brisbane North,Metropolitan,All persons,All-hours,TC4+5,Number all-hours lower urgency ED,83166,,
Table3,2017-18,Qld,PHN,PHN301,Brisbane North,Metropolitan,All persons,All-hours,All,Number total ED,298763,,
Table3,2017-18,Qld,PHN,PHN301,Brisbane North,Metropolitan,All persons,,TC4+5,Estimated resident population,1003618,,
Table3,2017-18,Qld,PHN,PHN302,Brisbane South,Metropolitan,All persons,All-hours,TC4+5,"All-hours lower urgency ED, per 1,000 population, age-standardised",75,,
Table3,2017-18,Qld,PHN,PHN302,Brisbane South,Metropolitan,All persons,In-hours,TC4+5,"In-hours lower urgency ED, per 1,000 population, age-standardised",39.1,,
Table3,2017-18,Qld,PHN,PHN302,Brisbane South,Metropolitan,All persons,After-hours,TC4+5,"After-hours lower urgency ED, per 1,000 population, age-standardised",35.8,,
Table3,2017-18,Qld,PHN,PHN302,Brisbane South,Metropolitan,All persons,All-hours,TC4+5,Number all-hours lower urgency ED,85331,,
Table3,2017-18,Qld,PHN,PHN302,Brisbane South,Metropolitan,All persons,All-hours,All,Number total ED,342965,,
Table3,2017-18,Qld,PHN,PHN302,Brisbane South,Metropolitan,All persons,,TC4+5,Estimated resident population,1142395,,
Table3,2017-18,Qld,PHN,PHN303,Gold Coast,Metropolitan,All persons,All-hours,TC4+5,"All-hours lower urgency ED, per 1,000 population, age-standardised",71.9,,
Table3,2017-18,Qld,PHN,PHN303,Gold Coast,Metropolitan,All persons,In-hours,TC4+5,"In-hours lower urgency ED, per 1,000 population, age-standardised",39.2,,
Table3,2017-18,Qld,PHN,PHN303,Gold Coast,Metropolitan,All persons,After-hours,TC4+5,"After-hours lower urgency ED, per 1,000 population, age-standardised",32.7,,
Table3,2017-18,Qld,PHN,PHN303,Gold Coast,Metropolitan,All persons,All-hours,TC4+5,Number all-hours lower urgency ED,41835,,
Table3,2017-18,Qld,PHN,PHN303,Gold Coast,Metropolitan,All persons,All-hours,All,Number total ED,177338,,
Table3,2017-18,Qld,PHN,PHN303,Gold Coast,Metropolitan,All persons,,TC4+5,Estimated resident population,603911,,
Table3,2017-18,Qld,PHN,PHN304,Darling Downs and West Moreton,Regional,All persons,All-hours,TC4+5,"All-hours lower urgency ED, per 1,000 population, age-standardised",56.6,#,"Interpret with caution - Results only include data for formal public EDs, so does not include all emergency care provided by public hospitals. This may affect comparability of results for regional and remote areas"
Table3,2017-18,Qld,PHN,PHN304,Darling Downs and West Moreton,Regional,All persons,In-hours,TC4+5,"In-hours lower urgency ED, per 1,000 population, age-standardised",28.8,#,"Interpret with caution - Results only include data for formal public EDs, so does not include all emergency care provided by public hospitals. This may affect comparability of results for regional and remote areas"
Table3,2017-18,Qld,PHN,PHN304,Darling Downs and West Moreton,Regional,All persons,After-hours,TC4+5,"After-hours lower urgency ED, per 1,000 population, age-standardised",27.9,#,"Interpret with caution - Results only include data for formal public EDs, so does not include all emergency care provided by public hospitals. This may affect comparability of results for regional and remote areas"
Table3,2017-18,Qld,PHN,PHN304,Darling Downs and West Moreton,Regional,All persons,All-hours,TC4+5,Number all-hours lower urgency ED,31431,#,"Interpret with caution - Results only include data for formal public EDs, so does not include all emergency care provided by public hospitals. This may affect comparability of results for regional and remote areas"
Table3,2017-18,Qld,PHN,PHN304,Darling Downs and West Moreton,Regional,All persons,All-hours,All,Number total ED,140705,#,"Interpret with caution - Results only include data for formal public EDs, so does not include all emergency care provided by public hospitals. This may affect comparability of results for regional and remote areas"
Table3,2017-18,Qld,PHN,PHN304,Darling Downs and West Moreton,Regional,All persons,,TC4+5,Estimated resident population,567401,,
Table3,2017-18,Qld,PHN,PHN305,Western Queensland,Regional,All persons,All-hours,TC4+5,"All-hours lower urgency ED, per 1,000 population, age-standardised",210.2,#,"Interpret with caution - Results only include data for formal public EDs, so does not include all emergency care provided by public hospitals. This may affect comparability of results for regional and remote areas"
Table3,2017-18,Qld,PHN,PHN305,Western Queensland,Regional,All persons,In-hours,TC4+5,"In-hours lower urgency ED, per 1,000 population, age-standardised",122,#,"Interpret with caution - Results only include data for formal public EDs, so does not include all emergency care provided by public hospitals. This may affect comparability of results for regional and remote areas"
Table3,2017-18,Qld,PHN,PHN305,Western Queensland,Regional,All persons,After-hours,TC4+5,"After-hours lower urgency ED, per 1,000 population, age-standardised",88.3,#,"Interpret with caution - Results only include data for formal public EDs, so does not include all emergency care provided by public hospitals. This may affect comparability of results for regional and remote areas"
Table3,2017-18,Qld,PHN,PHN305,Western Queensland,Regional,All persons,All-hours,TC4+5,Number all-hours lower urgency ED,13284,#,"Interpret with caution - Results only include data for formal public EDs, so does not include all emergency care provided by public hospitals. This may affect comparability of results for regional and remote areas"
Table3,2017-18,Qld,PHN,PHN305,Western Queensland,Regional,All persons,All-hours,All,Number total ED,29486,#,"Interpret with caution - Results only include data for formal public EDs, so does not include all emergency care provided by public hospitals. This may affect comparability of results for regional and remote areas"
Table3,2017-18,Qld,PHN,PHN305,Western Queensland,Regional,All persons,,TC4+5,Estimated resident population,63545,,
Table3,2017-18,Qld,PHN,PHN306,"Central Queensland, Wide Bay, Sunshine Coast",Regional,All persons,All-hours,TC4+5,"All-hours lower urgency ED, per 1,000 population, age-standardised",125.2,#,"Interpret with caution - Results only include data for formal public EDs, so does not include all emergency care provided by public hospitals. This may affect comparability of results for regional and remote areas"
Table3,2017-18,Qld,PHN,PHN306,"Central Queensland, Wide Bay, Sunshine Coast",Regional,All persons,In-hours,TC4+5,"In-hours lower urgency ED, per 1,000 population, age-standardised",68.4,#,"Interpret with caution - Results only include data for formal public EDs, so does not include all emergency care provided by public hospitals. This may affect comparability of results for regional and remote areas"
Table3,2017-18,Qld,PHN,PHN306,"Central Queensland, Wide Bay, Sunshine Coast",Regional,All persons,After-hours,TC4+5,"After-hours lower urgency ED, per 1,000 population, age-standardised",56.9,#,"Interpret with caution - Results only include data for formal public EDs, so does not include all emergency care provided by public hospitals. This may affect comparability of results for regional and remote areas"
Table3,2017-18,Qld,PHN,PHN306,"Central Queensland, Wide Bay, Sunshine Coast",Regional,All persons,All-hours,TC4+5,Number all-hours lower urgency ED,99967,#,"Interpret with caution - Results only include data for formal public EDs, so does not include all emergency care provided by public hospitals. This may affect comparability of results for regional and remote areas"
Table3,2017-18,Qld,PHN,PHN306,"Central Queensland, Wide Bay, Sunshine Coast",Regional,All persons,All-hours,All,Number total ED,317577,#,"Interpret with caution - Results only include data for formal public EDs, so does not include all emergency care provided by public hospitals. This may affect comparability of results for regional and remote areas"
Table3,2017-18,Qld,PHN,PHN306,"Central Queensland, Wide Bay, Sunshine Coast",Regional,All persons,,TC4+5,Estimated resident population,852467,,
Table3,2017-18,Qld,PHN,PHN307,Northern Queensland,Regional,All persons,All-hours,TC4+5,"All-hours lower urgency ED, per 1,000 population, age-standardised",71.1,#,"Interpret with caution - Results only include data for formal public EDs, so does not include all emergency care provided by public hospitals. This may affect comparability of results for regional and remote areas"
Table3,2017-18,Qld,PHN,PHN307,Northern Queensland,Regional,All persons,In-hours,TC4+5,"In-hours lower urgency ED, per 1,000 population, age-standardised",37.4,#,"Interpret with caution - Results only include data for formal public EDs, so does not include all emergency care provided by public hospitals. This may affect comparability of results for regional and remote areas"
Table3,2017-18,Qld,PHN,PHN307,Northern Queensland,Regional,All persons,After-hours,TC4+5,"After-hours lower urgency ED, per 1,000 population, age-standardised",33.7,#,"Interpret with caution - Results only include data for formal public EDs, so does not include all emergency care provided by public hospitals. This may affect comparability of results for regional and remote areas"
Table3,2017-18,Qld,PHN,PHN307,Northern Queensland,Regional,All persons,All-hours,TC4+5,Number all-hours lower urgency ED,48691,#,"Interpret with caution - Results only include data for formal public EDs, so does not include all emergency care provided by public hospitals. This may affect comparability of results for regional and remote areas"
Table3,2017-18,Qld,PHN,PHN307,Northern Queensland,Regional,All persons,All-hours,All,Number total ED,196108,#,"Interpret with caution - Results only include data for formal public EDs, so does not include all emergency care provided by public hospitals. This may affect comparability of results for regional and remote areas"
Table3,2017-18,Qld,PHN,PHN307,Northern Queensland,Regional,All persons,,TC4+5,Estimated resident population,694690,,
Table3,2017-18,SA,PHN,PHN401,Adelaide,Metropolitan,All persons,All-hours,TC4+5,"All-hours lower urgency ED, per 1,000 population, age-standardised",89.1,,
Table3,2017-18,SA,PHN,PHN401,Adelaide,Metropolitan,All persons,In-hours,TC4+5,"In-hours lower urgency ED, per 1,000 population, age-standardised",45.2,,
Table3,2017-18,SA,PHN,PHN401,Adelaide,Metropolitan,All persons,After-hours,TC4+5,"After-hours lower urgency ED, per 1,000 population, age-standardised",43.9,,
Table3,2017-18,SA,PHN,PHN401,Adelaide,Metropolitan,All persons,All-hours,TC4+5,Number all-hours lower urgency ED,104944,,
Table3,2017-18,SA,PHN,PHN401,Adelaide,Metropolitan,All persons,All-hours,All,Number total ED,376557,,
Table3,2017-18,SA,PHN,PHN401,Adelaide,Metropolitan,All persons,,TC4+5,Estimated resident population,1228046,,
Table3,2017-18,SA,PHN,PHN402,Country SA,Regional,All persons,All-hours,TC4+5,"All-hours lower urgency ED, per 1,000 population, age-standardised",114.2,#,"Interpret with caution - Results only include data for formal public EDs, so does not include all emergency care provided by public hospitals. This may affect comparability of results for regional and remote areas"
Table3,2017-18,SA,PHN,PHN402,Country SA,Regional,All persons,In-hours,TC4+5,"In-hours lower urgency ED, per 1,000 population, age-standardised",54.6,#,"Interpret with caution - Results only include data for formal public EDs, so does not include all emergency care provided by public hospitals. This may affect comparability of results for regional and remote areas"
Table3,2017-18,SA,PHN,PHN402,Country SA,Regional,All persons,After-hours,TC4+5,"After-hours lower urgency ED, per 1,000 population, age-standardised",59.6,#,"Interpret with caution - Results only include data for formal public EDs, so does not include all emergency care provided by public hospitals. This may affect comparability of results for regional and remote areas"
Table3,2017-18,SA,PHN,PHN402,Country SA,Regional,All persons,All-hours,TC4+5,Number all-hours lower urgency ED,52783,#,"Interpret with caution - Results only include data for formal public EDs, so does not include all emergency care provided by public hospitals. This may affect comparability of results for regional and remote areas"
Table3,2017-18,SA,PHN,PHN402,Country SA,Regional,All persons,All-hours,All,Number total ED,129626,#,"Interpret with caution - Results only include data for formal public EDs, so does not include all emergency care provided by public hospitals. This may affect comparability of results for regional and remote areas"
Table3,2017-18,SA,PHN,PHN402,Country SA,Regional,All persons,,TC4+5,Estimated resident population,500627,,
Table3,2017-18,Tas,PHN,PHN601,Tasmania,Regional,All persons,All-hours,TC4+5,"All-hours lower urgency ED, per 1,000 population, age-standardised",125,#,"Interpret with caution - Results only include data for formal public EDs, so does not include all emergency care provided by public hospitals. This may affect comparability of results for regional and remote areas"
Table3,2017-18,Tas,PHN,PHN601,Tasmania,Regional,All persons,In-hours,TC4+5,"In-hours lower urgency ED, per 1,000 population, age-standardised",68.1,#,"Interpret with caution - Results only include data for formal public EDs, so does not include all emergency care provided by public hospitals. This may affect comparability of results for regional and remote areas"
Table3,2017-18,Tas,PHN,PHN601,Tasmania,Regional,All persons,After-hours,TC4+5,"After-hours lower urgency ED, per 1,000 population, age-standardised",56.9,#,"Interpret with caution - Results only include data for formal public EDs, so does not include all emergency care provided by public hospitals. This may affect comparability of results for regional and remote areas"
Table3,2017-18,Tas,PHN,PHN601,Tasmania,Regional,All persons,All-hours,TC4+5,Number all-hours lower urgency ED,61492,#,"Interpret with caution - Results only include data for formal public EDs, so does not include all emergency care provided by public hospitals. This may affect comparability of results for regional and remote areas"
Table3,2017-18,Tas,PHN,PHN601,Tasmania,Regional,All persons,All-hours,All,Number total ED,161038,#,"Interpret with caution - Results only include data for formal public EDs, so does not include all emergency care provided by public hospitals. This may affect comparability of results for regional and remote areas"
Table3,2017-18,Tas,PHN,PHN601,Tasmania,Regional,All persons,,TC4+5,Estimated resident population,526762,,
Table3,2017-18,Vic,PHN,PHN201,North Western Melbourne,Metropolitan,All persons,All-hours,TC4+5,"All-hours lower urgency ED, per 1,000 population, age-standardised",101.9,,
Table3,2017-18,Vic,PHN,PHN201,North Western Melbourne,Metropolitan,All persons,In-hours,TC4+5,"In-hours lower urgency ED, per 1,000 population, age-standardised",51.9,,
Table3,2017-18,Vic,PHN,PHN201,North Western Melbourne,Metropolitan,All persons,After-hours,TC4+5,"After-hours lower urgency ED, per 1,000 population, age-standardised",50,,
Table3,2017-18,Vic,PHN,PHN201,North Western Melbourne,Metropolitan,All persons,All-hours,TC4+5,Number all-hours lower urgency ED,179299,,
Table3,2017-18,Vic,PHN,PHN201,North Western Melbourne,Metropolitan,All persons,All-hours,All,Number total ED,468567,,
Table3,2017-18,Vic,PHN,PHN201,North Western Melbourne,Metropolitan,All persons,,TC4+5,Estimated resident population,1754792,,
Table3,2017-18,Vic,PHN,PHN202,Eastern Melbourne,Metropolitan,All persons,All-hours,TC4+5,"All-hours lower urgency ED, per 1,000 population, age-standardised",80.6,,
Table3,2017-18,Vic,PHN,PHN202,Eastern Melbourne,Metropolitan,All persons,In-hours,TC4+5,"In-hours lower urgency ED, per 1,000 population, age-standardised",40.9,,
Table3,2017-18,Vic,PHN,PHN202,Eastern Melbourne,Metropolitan,All persons,After-hours,TC4+5,"After-hours lower urgency ED, per 1,000 population, age-standardised",39.7,,
Table3,2017-18,Vic,PHN,PHN202,Eastern Melbourne,Metropolitan,All persons,All-hours,TC4+5,Number all-hours lower urgency ED,119851,,
Table3,2017-18,Vic,PHN,PHN202,Eastern Melbourne,Metropolitan,All persons,All-hours,All,Number total ED,367839,,
Table3,2017-18,Vic,PHN,PHN202,Eastern Melbourne,Metropolitan,All persons,,TC4+5,Estimated resident population,1526023,,
Table3,2017-18,Vic,PHN,PHN203,South Eastern Melbourne,Metropolitan,All persons,All-hours,TC4+5,"All-hours lower urgency ED, per 1,000 population, age-standardised",77.6,,
Table3,2017-18,Vic,PHN,PHN203,South Eastern Melbourne,Metropolitan,All persons,In-hours,TC4+5,"In-hours lower urgency ED, per 1,000 population, age-standardised",38.5,,
Table3,2017-18,Vic,PHN,PHN203,South Eastern Melbourne,Metropolitan,All persons,After-hours,TC4+5,"After-hours lower urgency ED, per 1,000 population, age-standardised",39.1,,
Table3,2017-18,Vic,PHN,PHN203,South Eastern Melbourne,Metropolitan,All persons,All-hours,TC4+5,Number all-hours lower urgency ED,117609,,
Table3,2017-18,Vic,PHN,PHN203,South Eastern Melbourne,Metropolitan,All persons,All-hours,All,Number total ED,389830,,
Table3,2017-18,Vic,PHN,PHN203,South Eastern Melbourne,Metropolitan,All persons,,TC4+5,Estimated resident population,1539301,,
Table3,2017-18,Vic,PHN,PHN204,Gippsland,Regional,All persons,All-hours,TC4+5,"All-hours lower urgency ED, per 1,000 population, age-standardised",196.4,#,"Interpret with caution - Results only include data for formal public EDs, so does not include all emergency care provided by public hospitals. This may affect comparability of results for regional and remote areas"
Table3,2017-18,Vic,PHN,PHN204,Gippsland,Regional,All persons,In-hours,TC4+5,"In-hours lower urgency ED, per 1,000 population, age-standardised",101.8,#,"Interpret with caution - Results only include data for formal public EDs, so does not include all emergency care provided by public hospitals. This may affect comparability of results for regional and remote areas"
Table3,2017-18,Vic,PHN,PHN204,Gippsland,Regional,All persons,After-hours,TC4+5,"After-hours lower urgency ED, per 1,000 population, age-standardised",94.6,#,"Interpret with caution - Results only include data for formal public EDs, so does not include all emergency care provided by public hospitals. This may affect comparability of results for regional and remote areas"
Table3,2017-18,Vic,PHN,PHN204,Gippsland,Regional,All persons,All-hours,TC4+5,Number all-hours lower urgency ED,51152,#,"Interpret with caution - Results only include data for formal public EDs, so does not include all emergency care provided by public hospitals. This may affect comparability of results for regional and remote areas"
Table3,2017-18,Vic,PHN,PHN204,Gippsland,Regional,All persons,All-hours,All,Number total ED,115722,#,"Interpret with caution - Results only include data for formal public EDs, so does not include all emergency care provided by public hospitals. This may affect comparability of results for regional and remote areas"
Table3,2017-18,Vic,PHN,PHN204,Gippsland,Regional,All persons,,TC4+5,Estimated resident population,280322,,
Table3,2017-18,Vic,PHN,PHN206,Western Victoria,Regional,All persons,All-hours,TC4+5,"All-hours lower urgency ED, per 1,000 population, age-standardised",109.6,#,"Interpret with caution - Results only include data for formal public EDs, so does not include all emergency care provided by public hospitals. This may affect comparability of results for regional and remote areas"
Table3,2017-18,Vic,PHN,PHN206,Western Victoria,Regional,All persons,In-hours,TC4+5,"In-hours lower urgency ED, per 1,000 population, age-standardised",55.3,#,"Interpret with caution - Results only include data for formal public EDs, so does not include all emergency care provided by public hospitals. This may affect comparability of results for regional and remote areas"
Table3,2017-18,Vic,PHN,PHN206,Western Victoria,Regional,All persons,After-hours,TC4+5,"After-hours lower urgency ED, per 1,000 population, age-standardised",54.3,#,"Interpret with caution - Results only include data for formal public EDs, so does not include all emergency care provided by public hospitals. This may affect comparability of results for regional and remote areas"
Table3,2017-18,Vic,PHN,PHN206,Western Victoria,Regional,All persons,All-hours,TC4+5,Number all-hours lower urgency ED,66605,#,"Interpret with caution - Results only include data for formal public EDs, so does not include all emergency care provided by public hospitals. This may affect comparability of results for regional and remote areas"
Table3,2017-18,Vic,PHN,PHN206,Western Victoria,Regional,All persons,All-hours,All,Number total ED,184809,#,"Interpret with caution - Results only include data for formal public EDs, so does not include all emergency care provided by public hospitals. This may affect comparability of results for regional and remote areas"
Table3,2017-18,Vic,PHN,PHN206,Western Victoria,Regional,All persons,,TC4+5,Estimated resident population,642312,,
Table3,2017-18,Vic/NSW,PHN,PHN205,Murray,Regional,All persons,All-hours,TC4+5,"All-hours lower urgency ED, per 1,000 population, age-standardised",181.7,#,"Interpret with caution - Results only include data for formal public EDs, so does not include all emergency care provided by public hospitals. This may affect comparability of results for regional and remote areas"
Table3,2017-18,Vic/NSW,PHN,PHN205,Murray,Regional,All persons,In-hours,TC4+5,"In-hours lower urgency ED, per 1,000 population, age-standardised",95.9,#,"Interpret with caution - Results only include data for formal public EDs, so does not include all emergency care provided by public hospitals. This may affect comparability of results for regional and remote areas"
Table3,2017-18,Vic/NSW,PHN,PHN205,Murray,Regional,All persons,After-hours,TC4+5,"After-hours lower urgency ED, per 1,000 population, age-standardised",85.8,#,"Interpret with caution - Results only include data for formal public EDs, so does not include all emergency care provided by public hospitals. This may affect comparability of results for regional and remote areas"
Table3,2017-18,Vic/NSW,PHN,PHN205,Murray,Regional,All persons,All-hours,TC4+5,Number all-hours lower urgency ED,104302,#,"Interpret with caution - Results only include data for formal public EDs, so does not include all emergency care provided by public hospitals. This may affect comparability of results for regional and remote areas"
Table3,2017-18,Vic/NSW,PHN,PHN205,Murray,Regional,All persons,All-hours,All,Number total ED,241335,#,"Interpret with caution - Results only include data for formal public EDs, so does not include all emergency care provided by public hospitals. This may affect comparability of results for regional and remote areas"
Table3,2017-18,Vic/NSW,PHN,PHN205,Murray,Regional,All persons,,TC4+5,Estimated resident population,612897,,
Table3,2017-18,WA,PHN,PHN501,Perth North,Metropolitan,All persons,All-hours,TC4+5,"All-hours lower urgency ED, per 1,000 population, age-standardised",102.4,,
Table3,2017-18,WA,PHN,PHN501,Perth North,Metropolitan,All persons,In-hours,TC4+5,"In-hours lower urgency ED, per 1,000 population, age-standardised",53.8,,
Table3,2017-18,WA,PHN,PHN501,Perth North,Metropolitan,All persons,After-hours,TC4+5,"After-hours lower urgency ED, per 1,000 population, age-standardised",48.6,,
Table3,2017-18,WA,PHN,PHN501,Perth North,Metropolitan,All persons,All-hours,TC4+5,Number all-hours lower urgency ED,107179,,
Table3,2017-18,WA,PHN,PHN501,Perth North,Metropolitan,All persons,All-hours,All,Number total ED,301271,,
Table3,2017-18,WA,PHN,PHN501,Perth North,Metropolitan,All persons,,TC4+5,Estimated resident population,1066739,,
Table3,2017-18,WA,PHN,PHN502,Perth South,Metropolitan,All persons,All-hours,TC4+5,"All-hours lower urgency ED, per 1,000 population, age-standardised",118.3,,
Table3,2017-18,WA,PHN,PHN502,Perth South,Metropolitan,All persons,In-hours,TC4+5,"In-hours lower urgency ED, per 1,000 population, age-standardised",61.4,,
Table3,2017-18,WA,PHN,PHN502,Perth South,Metropolitan,All persons,After-hours,TC4+5,"After-hours lower urgency ED, per 1,000 population, age-standardised",56.9,,
Table3,2017-18,WA,PHN,PHN502,Perth South,Metropolitan,All persons,All-hours,TC4+5,Number all-hours lower urgency ED,115753,,
Table3,2017-18,WA,PHN,PHN502,Perth South,Metropolitan,All persons,All-hours,All,Number total ED,310507,,
Table3,2017-18,WA,PHN,PHN502,Perth South,Metropolitan,All persons,,TC4+5,Estimated resident population,986990,,
Table3,2017-18,WA,PHN,PHN503,Country WA,Regional,All persons,All-hours,TC4+5,"All-hours lower urgency ED, per 1,000 population, age-standardised",200.9,#,"Interpret with caution - Results only include data for formal public EDs, so does not include all emergency care provided by public hospitals. This may affect comparability of results for regional and remote areas"
Table3,2017-18,WA,PHN,PHN503,Country WA,Regional,All persons,In-hours,TC4+5,"In-hours lower urgency ED, per 1,000 population, age-standardised",112.8,#,"Interpret with caution - Results only include data for formal public EDs, so does not include all emergency care provided by public hospitals. This may affect comparability of results for regional and remote areas"
Table3,2017-18,WA,PHN,PHN503,Country WA,Regional,All persons,After-hours,TC4+5,"After-hours lower urgency ED, per 1,000 population, age-standardised",88,#,"Interpret with caution - Results only include data for formal public EDs, so does not include all emergency care provided by public hospitals. This may affect comparability of results for regional and remote areas"
Table3,2017-18,WA,PHN,PHN503,Country WA,Regional,All persons,All-hours,TC4+5,Number all-hours lower urgency ED,103974,#,"Interpret with caution - Results only include data for formal public EDs, so does not include all emergency care provided by public hospitals. This may affect comparability of results for regional and remote areas"
Table3,2017-18,WA,PHN,PHN503,Country WA,Regional,All persons,All-hours,All,Number total ED,215708,#,"Interpret with caution - Results only include data for formal public EDs, so does not include all emergency care provided by public hospitals. This may affect comparability of results for regional and remote areas"
Table3,2017-18,WA,PHN,PHN503,Country WA,Regional,All persons,,TC4+5,Estimated resident population,534415,,
Table3,2018-19,,PHN,003MET,Metropolitan,Metropolitan,All persons,All-hours,TC4+5,"All-hours lower urgency ED, per 1,000 population, age-standardised",91.8,,
Table3,2018-19,,PHN,003MET,Metropolitan,Metropolitan,All persons,In-hours,TC4+5,"In-hours lower urgency ED, per 1,000 population, age-standardised",46.3,,
Table3,2018-19,,PHN,003MET,Metropolitan,Metropolitan,All persons,After-hours,TC4+5,"After-hours lower urgency ED, per 1,000 population, age-standardised",45.5,,
Table3,2018-19,,PHN,003MET,Metropolitan,Metropolitan,All persons,All-hours,TC4+5,Number all-hours lower urgency ED,1479860,,
Table3,2018-19,,PHN,003MET,Metropolitan,Metropolitan,All persons,All-hours,All,Number total ED,4647327,,
Table3,2018-19,,PHN,003MET,Metropolitan,Metropolitan,All persons,,TC4+5,Estimated resident population,16389214,,
Table3,2018-19,,PHN,003REG,Regional,Regional,All persons,All-hours,TC4+5,"All-hours lower urgency ED, per 1,000 population, age-standardised",171.2,#,"Interpret with caution - Results only include data for formal public EDs, so does not include all emergency care provided by public hospitals. This may affect comparability of results for regional and remote areas"
Table3,2018-19,,PHN,003REG,Regional,Regional,All persons,In-hours,TC4+5,"In-hours lower urgency ED, per 1,000 population, age-standardised",92.9,#,"Interpret with caution - Results only include data for formal public EDs, so does not include all emergency care provided by public hospitals. This may affect comparability of results for regional and remote areas"
Table3,2018-19,,PHN,003REG,Regional,Regional,All persons,After-hours,TC4+5,"After-hours lower urgency ED, per 1,000 population, age-standardised",78.4,#,"Interpret with caution - Results only include data for formal public EDs, so does not include all emergency care provided by public hospitals. This may affect comparability of results for regional and remote areas"
Table3,2018-19,,PHN,003REG,Regional,Regional,All persons,All-hours,TC4+5,Number all-hours lower urgency ED,1402309,#,"Interpret with caution - Results only include data for formal public EDs, so does not include all emergency care provided by public hospitals. This may affect comparability of results for regional and remote areas"
Table3,2018-19,,PHN,003REG,Regional,Regional,All persons,All-hours,All,Number total ED,3562290,#,"Interpret with caution - Results only include data for formal public EDs, so does not include all emergency care provided by public hospitals. This may affect comparability of results for regional and remote areas"
Table3,2018-19,,PHN,003REG,Regional,Regional,All persons,,TC4+5,Estimated resident population,8573474,,
Table3,2018-19,ACT,PHN,PHN801,Australian Capital Territory,Metropolitan,All persons,All-hours,TC4+5,"All-hours lower urgency ED, per 1,000 population, age-standardised",117.8,,
Table3,2018-19,ACT,PHN,PHN801,Australian Capital Territory,Metropolitan,All persons,In-hours,TC4+5,"In-hours lower urgency ED, per 1,000 population, age-standardised",61.3,,
Table3,2018-19,ACT,PHN,PHN801,Australian Capital Territory,Metropolitan,All persons,After-hours,TC4+5,"After-hours lower urgency ED, per 1,000 population, age-standardised",56.5,,
Table3,2018-19,ACT,PHN,PHN801,Australian Capital Territory,Metropolitan,All persons,All-hours,TC4+5,Number all-hours lower urgency ED,50043,,
Table3,2018-19,ACT,PHN,PHN801,Australian Capital Territory,Metropolitan,All persons,All-hours,All,Number total ED,137319,,
Table3,2018-19,ACT,PHN,PHN801,Australian Capital Territory,Metropolitan,All persons,,TC4+5,Estimated resident population,426081,,
Table3,2018-19,NSW,PHN,PHN101,Central and Eastern Sydney,Metropolitan,All persons,All-hours,TC4+5,"All-hours lower urgency ED, per 1,000 population, age-standardised",99,,
Table3,2018-19,NSW,PHN,PHN101,Central and Eastern Sydney,Metropolitan,All persons,In-hours,TC4+5,"In-hours lower urgency ED, per 1,000 population, age-standardised",49.4,,
Table3,2018-19,NSW,PHN,PHN101,Central and Eastern Sydney,Metropolitan,All persons,After-hours,TC4+5,"After-hours lower urgency ED, per 1,000 population, age-standardised",49.6,,
Table3,2018-19,NSW,PHN,PHN101,Central and Eastern Sydney,Metropolitan,All persons,All-hours,TC4+5,Number all-hours lower urgency ED,149787,,
Table3,2018-19,NSW,PHN,PHN101,Central and Eastern Sydney,Metropolitan,All persons,All-hours,All,Number total ED,436028,,
Table3,2018-19,NSW,PHN,PHN101,Central and Eastern Sydney,Metropolitan,All persons,,TC4+5,Estimated resident population,1592692,,
Table3,2018-19,NSW,PHN,PHN102,Northern Sydney,Metropolitan,All persons,All-hours,TC4+5,"All-hours lower urgency ED, per 1,000 population, age-standardised",89.9,,
Table3,2018-19,NSW,PHN,PHN102,Northern Sydney,Metropolitan,All persons,In-hours,TC4+5,"In-hours lower urgency ED, per 1,000 population, age-standardised",42.3,,
Table3,2018-19,NSW,PHN,PHN102,Northern Sydney,Metropolitan,All persons,After-hours,TC4+5,"After-hours lower urgency ED, per 1,000 population, age-standardised",47.6,,
Table3,2018-19,NSW,PHN,PHN102,Northern Sydney,Metropolitan,All persons,All-hours,TC4+5,Number all-hours lower urgency ED,81259,,
Table3,2018-19,NSW,PHN,PHN102,Northern Sydney,Metropolitan,All persons,All-hours,All,Number total ED,221373,,
Table3,2018-19,NSW,PHN,PHN102,Northern Sydney,Metropolitan,All persons,,TC4+5,Estimated resident population,932887,,
Table3,2018-19,NSW,PHN,PHN103,Western Sydney,Metropolitan,All persons,All-hours,TC4+5,"All-hours lower urgency ED, per 1,000 population, age-standardised",83.9,,
Table3,2018-19,NSW,PHN,PHN103,Western Sydney,Metropolitan,All persons,In-hours,TC4+5,"In-hours lower urgency ED, per 1,000 population, age-standardised",39.6,,
Table3,2018-19,NSW,PHN,PHN103,Western Sydney,Metropolitan,All persons,After-hours,TC4+5,"After-hours lower urgency ED, per 1,000 population, age-standardised",44.3,,
Table3,2018-19,NSW,PHN,PHN103,Western Sydney,Metropolitan,All persons,All-hours,TC4+5,Number all-hours lower urgency ED,85895,,
Table3,2018-19,NSW,PHN,PHN103,Western Sydney,Metropolitan,All persons,All-hours,All,Number total ED,259312,,
Table3,2018-19,NSW,PHN,PHN103,Western Sydney,Metropolitan,All persons,,TC4+5,Estimated resident population,1003426,,
Table3,2018-19,NSW,PHN,PHN104,Nepean Blue Mountains,Metropolitan,All persons,All-hours,TC4+5,"All-hours lower urgency ED, per 1,000 population, age-standardised",131.9,,
Table3,2018-19,NSW,PHN,PHN104,Nepean Blue Mountains,Metropolitan,All persons,In-hours,TC4+5,"In-hours lower urgency ED, per 1,000 population, age-standardised",67,,
Table3,2018-19,NSW,PHN,PHN104,Nepean Blue Mountains,Metropolitan,All persons,After-hours,TC4+5,"After-hours lower urgency ED, per 1,000 population, age-standardised",64.8,,
Table3,2018-19,NSW,PHN,PHN104,Nepean Blue Mountains,Metropolitan,All persons,All-hours,TC4+5,Number all-hours lower urgency ED,49318,,
Table3,2018-19,NSW,PHN,PHN104,Nepean Blue Mountains,Metropolitan,All persons,All-hours,All,Number total ED,132381,,
Table3,2018-19,NSW,PHN,PHN104,Nepean Blue Mountains,Metropolitan,All persons,,TC4+5,Estimated resident population,376944,,
Table3,2018-19,NSW,PHN,PHN105,South Western Sydney,Metropolitan,All persons,All-hours,TC4+5,"All-hours lower urgency ED, per 1,000 population, age-standardised",101.1,,
Table3,2018-19,NSW,PHN,PHN105,South Western Sydney,Metropolitan,All persons,In-hours,TC4+5,"In-hours lower urgency ED, per 1,000 population, age-standardised",48.4,,
Table3,2018-19,NSW,PHN,PHN105,South Western Sydney,Metropolitan,All persons,After-hours,TC4+5,"After-hours lower urgency ED, per 1,000 population, age-standardised",52.7,,
Table3,2018-19,NSW,PHN,PHN105,South Western Sydney,Metropolitan,All persons,All-hours,TC4+5,Number all-hours lower urgency ED,102950,,
Table3,2018-19,NSW,PHN,PHN105,South Western Sydney,Metropolitan,All persons,All-hours,All,Number total ED,325252,,
Table3,2018-19,NSW,PHN,PHN105,South Western Sydney,Metropolitan,All persons,,TC4+5,Estimated resident population,1013314,,
Table3,2018-19,NSW,PHN,PHN106,South Eastern NSW,Regional,All persons,All-hours,TC4+5,"All-hours lower urgency ED, per 1,000 population, age-standardised",198.9,#,"Interpret with caution - Results only include data for formal public EDs, so does not include all emergency care provided by public hospitals. This may affect comparability of results for regional and remote areas"
Table3,2018-19,NSW,PHN,PHN106,South Eastern NSW,Regional,All persons,In-hours,TC4+5,"In-hours lower urgency ED, per 1,000 population, age-standardised",108.7,#,"Interpret with caution - Results only include data for formal public EDs, so does not include all emergency care provided by public hospitals. This may affect comparability of results for regional and remote areas"
Table3,2018-19,NSW,PHN,PHN106,South Eastern NSW,Regional,All persons,After-hours,TC4+5,"After-hours lower urgency ED, per 1,000 population, age-standardised",90.2,#,"Interpret with caution - Results only include data for formal public EDs, so does not include all emergency care provided by public hospitals. This may affect comparability of results for regional and remote areas"
Table3,2018-19,NSW,PHN,PHN106,South Eastern NSW,Regional,All persons,All-hours,TC4+5,Number all-hours lower urgency ED,118660,#,"Interpret with caution - Results only include data for formal public EDs, so does not include all emergency care provided by public hospitals. This may affect comparability of results for regional and remote areas"
Table3,2018-19,NSW,PHN,PHN106,South Eastern NSW,Regional,All persons,All-hours,All,Number total ED,287571,#,"Interpret with caution - Results only include data for formal public EDs, so does not include all emergency care provided by public hospitals. This may affect comparability of results for regional and remote areas"
Table3,2018-19,NSW,PHN,PHN106,South Eastern NSW,Regional,All persons,,TC4+5,Estimated resident population,623834,,
Table3,2018-19,NSW,PHN,PHN107,Western NSW,Regional,All persons,All-hours,TC4+5,"All-hours lower urgency ED, per 1,000 population, age-standardised",342.3,#,"Interpret with caution - Results only include data for formal public EDs, so does not include all emergency care provided by public hospitals. This may affect comparability of results for regional and remote areas"
Table3,2018-19,NSW,PHN,PHN107,Western NSW,Regional,All persons,In-hours,TC4+5,"In-hours lower urgency ED, per 1,000 population, age-standardised",191.3,#,"Interpret with caution - Results only include data for formal public EDs, so does not include all emergency care provided by public hospitals. This may affect comparability of results for regional and remote areas"
Table3,2018-19,NSW,PHN,PHN107,Western NSW,Regional,All persons,After-hours,TC4+5,"After-hours lower urgency ED, per 1,000 population, age-standardised",151,#,"Interpret with caution - Results only include data for formal public EDs, so does not include all emergency care provided by public hospitals. This may affect comparability of results for regional and remote areas"
Table3,2018-19,NSW,PHN,PHN107,Western NSW,Regional,All persons,All-hours,TC4+5,Number all-hours lower urgency ED,103354,#,"Interpret with caution - Results only include data for formal public EDs, so does not include all emergency care provided by public hospitals. This may affect comparability of results for regional and remote areas"
Table3,2018-19,NSW,PHN,PHN107,Western NSW,Regional,All persons,All-hours,All,Number total ED,214452,#,"Interpret with caution - Results only include data for formal public EDs, so does not include all emergency care provided by public hospitals. This may affect comparability of results for regional and remote areas"
Table3,2018-19,NSW,PHN,PHN107,Western NSW,Regional,All persons,,TC4+5,Estimated resident population,310417,,
Table3,2018-19,NSW,PHN,PHN108,Hunter New England and Central Coast,Regional,All persons,All-hours,TC4+5,"All-hours lower urgency ED, per 1,000 population, age-standardised",201.8,#,"Interpret with caution - Results only include data for formal public EDs, so does not include all emergency care provided by public hospitals. This may affect comparability of results for regional and remote areas"
Table3,2018-19,NSW,PHN,PHN108,Hunter New England and Central Coast,Regional,All persons,In-hours,TC4+5,"In-hours lower urgency ED, per 1,000 population, age-standardised",104.6,#,"Interpret with caution - Results only include data for formal public EDs, so does not include all emergency care provided by public hospitals. This may affect comparability of results for regional and remote areas"
Table3,2018-19,NSW,PHN,PHN108,Hunter New England and Central Coast,Regional,All persons,After-hours,TC4+5,"After-hours lower urgency ED, per 1,000 population, age-standardised",97.2,#,"Interpret with caution - Results only include data for formal public EDs, so does not include all emergency care provided by public hospitals. This may affect comparability of results for regional and remote areas"
Table3,2018-19,NSW,PHN,PHN108,Hunter New England and Central Coast,Regional,All persons,All-hours,TC4+5,Number all-hours lower urgency ED,245798,#,"Interpret with caution - Results only include data for formal public EDs, so does not include all emergency care provided by public hospitals. This may affect comparability of results for regional and remote areas"
Table3,2018-19,NSW,PHN,PHN108,Hunter New England and Central Coast,Regional,All persons,All-hours,All,Number total ED,567729,#,"Interpret with caution - Results only include data for formal public EDs, so does not include all emergency care provided by public hospitals. This may affect comparability of results for regional and remote areas"
Table3,2018-19,NSW,PHN,PHN108,Hunter New England and Central Coast,Regional,All persons,,TC4+5,Estimated resident population,1275151,,
Table3,2018-19,NSW,PHN,PHN109,North Coast,Regional,All persons,All-hours,TC4+5,"All-hours lower urgency ED, per 1,000 population, age-standardised",284.2,#,"Interpret with caution - Results only include data for formal public EDs, so does not include all emergency care provided by public hospitals. This may affect comparability of results for regional and remote areas"
Table3,2018-19,NSW,PHN,PHN109,North Coast,Regional,All persons,In-hours,TC4+5,"In-hours lower urgency ED, per 1,000 population, age-standardised",161.6,#,"Interpret with caution - Results only include data for formal public EDs, so does not include all emergency care provided by public hospitals. This may affect comparability of results for regional and remote areas"
Table3,2018-19,NSW,PHN,PHN109,North Coast,Regional,All persons,After-hours,TC4+5,"After-hours lower urgency ED, per 1,000 population, age-standardised",122.5,#,"Interpret with caution - Results only include data for formal public EDs, so does not include all emergency care provided by public hospitals. This may affect comparability of results for regional and remote areas"
Table3,2018-19,NSW,PHN,PHN109,North Coast,Regional,All persons,All-hours,TC4+5,Number all-hours lower urgency ED,136901,#,"Interpret with caution - Results only include data for formal public EDs, so does not include all emergency care provided by public hospitals. This may affect comparability of results for regional and remote areas"
Table3,2018-19,NSW,PHN,PHN109,North Coast,Regional,All persons,All-hours,All,Number total ED,312886,#,"Interpret with caution - Results only include data for formal public EDs, so does not include all emergency care provided by public hospitals. This may affect comparability of results for regional and remote areas"
Table3,2018-19,NSW,PHN,PHN109,North Coast,Regional,All persons,,TC4+5,Estimated resident population,526579,,
Table3,2018-19,NSW,PHN,PHN110,Murrumbidgee,Regional,All persons,All-hours,TC4+5,"All-hours lower urgency ED, per 1,000 population, age-standardised",262,#,"Interpret with caution - Results only include data for formal public EDs, so does not include all emergency care provided by public hospitals. This may affect comparability of results for regional and remote areas"
Table3,2018-19,NSW,PHN,PHN110,Murrumbidgee,Regional,All persons,In-hours,TC4+5,"In-hours lower urgency ED, per 1,000 population, age-standardised",139.4,#,"Interpret with caution - Results only include data for formal public EDs, so does not include all emergency care provided by public hospitals. This may affect comparability of results for regional and remote areas"
Table3,2018-19,NSW,PHN,PHN110,Murrumbidgee,Regional,All persons,After-hours,TC4+5,"After-hours lower urgency ED, per 1,000 population, age-standardised",122.6,#,"Interpret with caution - Results only include data for formal public EDs, so does not include all emergency care provided by public hospitals. This may affect comparability of results for regional and remote areas"
Table3,2018-19,NSW,PHN,PHN110,Murrumbidgee,Regional,All persons,All-hours,TC4+5,Number all-hours lower urgency ED,62076,#,"Interpret with caution - Results only include data for formal public EDs, so does not include all emergency care provided by public hospitals. This may affect comparability of results for regional and remote areas"
Table3,2018-19,NSW,PHN,PHN110,Murrumbidgee,Regional,All persons,All-hours,All,Number total ED,162442,#,"Interpret with caution - Results only include data for formal public EDs, so does not include all emergency care provided by public hospitals. This may affect comparability of results for regional and remote areas"
Table3,2018-19,NSW,PHN,PHN110,Murrumbidgee,Regional,All persons,,TC4+5,Estimated resident population,245362,,
Table3,2018-19,NT,PHN,PHN701,Northern Territory,Regional,All persons,All-hours,TC4+5,"All-hours lower urgency ED, per 1,000 population, age-standardised",241.7,#,"Interpret with caution - Results only include data for formal public EDs, so does not include all emergency care provided by public hospitals. This may affect comparability of results for regional and remote areas"
Table3,2018-19,NT,PHN,PHN701,Northern Territory,Regional,All persons,In-hours,TC4+5,"In-hours lower urgency ED, per 1,000 population, age-standardised",138.1,#,"Interpret with caution - Results only include data for formal public EDs, so does not include all emergency care provided by public hospitals. This may affect comparability of results for regional and remote areas"
Table3,2018-19,NT,PHN,PHN701,Northern Territory,Regional,All persons,After-hours,TC4+5,"After-hours lower urgency ED, per 1,000 population, age-standardised",103.6,#,"Interpret with caution - Results only include data for formal public EDs, so does not include all emergency care provided by public hospitals. This may affect comparability of results for regional and remote areas"
Table3,2018-19,NT,PHN,PHN701,Northern Territory,Regional,All persons,All-hours,TC4+5,Number all-hours lower urgency ED,60430,#,"Interpret with caution - Results only include data for formal public EDs, so does not include all emergency care provided by public hospitals. This may affect comparability of results for regional and remote areas"
Table3,2018-19,NT,PHN,PHN701,Northern Territory,Regional,All persons,All-hours,All,Number total ED,157503,#,"Interpret with caution - Results only include data for formal public EDs, so does not include all emergency care provided by public hospitals. This may affect comparability of results for regional and remote areas"
Table3,2018-19,NT,PHN,PHN701,Northern Territory,Regional,All persons,,TC4+5,Estimated resident population,247081,,
Table3,2018-19,,NAT,001NAT,National,National,All persons,All-hours,TC4+5,"All-hours lower urgency ED, per 1,000 population, age-standardised",120,,
Table3,2018-19,,NAT,001NAT,National,National,All persons,In-hours,TC4+5,"In-hours lower urgency ED, per 1,000 population, age-standardised",62.8,,
Table3,2018-19,,NAT,001NAT,National,National,All persons,After-hours,TC4+5,"After-hours lower urgency ED, per 1,000 population, age-standardised",57.3,,
Table3,2018-19,,NAT,001NAT,National,National,All persons,All-hours,TC4+5,Number all-hours lower urgency ED,2934424,,
Table3,2018-19,,NAT,001NAT,National,National,All persons,All-hours,All,Number total ED,8352192,,
Table3,2018-19,,NAT,001NAT,National,National,All persons,,TC4+5,Estimated resident population,24963258,,
Table3,2018-19,Qld,PHN,PHN301,Brisbane North,Metropolitan,All persons,All-hours,TC4+5,"All-hours lower urgency ED, per 1,000 population, age-standardised",83.5,,
Table3,2018-19,Qld,PHN,PHN301,Brisbane North,Metropolitan,All persons,In-hours,TC4+5,"In-hours lower urgency ED, per 1,000 population, age-standardised",42.8,,
Table3,2018-19,Qld,PHN,PHN301,Brisbane North,Metropolitan,All persons,After-hours,TC4+5,"After-hours lower urgency ED, per 1,000 population, age-standardised",40.7,,
Table3,2018-19,Qld,PHN,PHN301,Brisbane North,Metropolitan,All persons,All-hours,TC4+5,Number all-hours lower urgency ED,83283,,
Table3,2018-19,Qld,PHN,PHN301,Brisbane North,Metropolitan,All persons,All-hours,All,Number total ED,307165,,
Table3,2018-19,Qld,PHN,PHN301,Brisbane North,Metropolitan,All persons,,TC4+5,Estimated resident population,1022955,,
Table3,2018-19,Qld,PHN,PHN302,Brisbane South,Metropolitan,All persons,All-hours,TC4+5,"All-hours lower urgency ED, per 1,000 population, age-standardised",72.6,,
Table3,2018-19,Qld,PHN,PHN302,Brisbane South,Metropolitan,All persons,In-hours,TC4+5,"In-hours lower urgency ED, per 1,000 population, age-standardised",38,,
Table3,2018-19,Qld,PHN,PHN302,Brisbane South,Metropolitan,All persons,After-hours,TC4+5,"After-hours lower urgency ED, per 1,000 population, age-standardised",34.6,,
Table3,2018-19,Qld,PHN,PHN302,Brisbane South,Metropolitan,All persons,All-hours,TC4+5,Number all-hours lower urgency ED,83764,,
Table3,2018-19,Qld,PHN,PHN302,Brisbane South,Metropolitan,All persons,All-hours,All,Number total ED,352137,,
Table3,2018-19,Qld,PHN,PHN302,Brisbane South,Metropolitan,All persons,,TC4+5,Estimated resident population,1161759,,
Table3,2018-19,Qld,PHN,PHN303,Gold Coast,Metropolitan,All persons,All-hours,TC4+5,"All-hours lower urgency ED, per 1,000 population, age-standardised",71.2,,
Table3,2018-19,Qld,PHN,PHN303,Gold Coast,Metropolitan,All persons,In-hours,TC4+5,"In-hours lower urgency ED, per 1,000 population, age-standardised",38.7,,
Table3,2018-19,Qld,PHN,PHN303,Gold Coast,Metropolitan,All persons,After-hours,TC4+5,"After-hours lower urgency ED, per 1,000 population, age-standardised",32.5,,
Table3,2018-19,Qld,PHN,PHN303,Gold Coast,Metropolitan,All persons,All-hours,TC4+5,Number all-hours lower urgency ED,42321,,
Table3,2018-19,Qld,PHN,PHN303,Gold Coast,Metropolitan,All persons,All-hours,All,Number total ED,181294,,
Table3,2018-19,Qld,PHN,PHN303,Gold Coast,Metropolitan,All persons,,TC4+5,Estimated resident population,617560,,
Table3,2018-19,Qld,PHN,PHN304,Darling Downs and West Moreton,Regional,All persons,All-hours,TC4+5,"All-hours lower urgency ED, per 1,000 population, age-standardised",54.2,#,"Interpret with caution - Results only include data for formal public EDs, so does not include all emergency care provided by public hospitals. This may affect comparability of results for regional and remote areas"
Table3,2018-19,Qld,PHN,PHN304,Darling Downs and West Moreton,Regional,All persons,In-hours,TC4+5,"In-hours lower urgency ED, per 1,000 population, age-standardised",27.7,#,"Interpret with caution - Results only include data for formal public EDs, so does not include all emergency care provided by public hospitals. This may affect comparability of results for regional and remote areas"
Table3,2018-19,Qld,PHN,PHN304,Darling Downs and West Moreton,Regional,All persons,After-hours,TC4+5,"After-hours lower urgency ED, per 1,000 population, age-standardised",26.5,#,"Interpret with caution - Results only include data for formal public EDs, so does not include all emergency care provided by public hospitals. This may affect comparability of results for regional and remote areas"
Table3,2018-19,Qld,PHN,PHN304,Darling Downs and West Moreton,Regional,All persons,All-hours,TC4+5,Number all-hours lower urgency ED,30464,#,"Interpret with caution - Results only include data for formal public EDs, so does not include all emergency care provided by public hospitals. This may affect comparability of results for regional and remote areas"
Table3,2018-19,Qld,PHN,PHN304,Darling Downs and West Moreton,Regional,All persons,All-hours,All,Number total ED,146652,#,"Interpret with caution - Results only include data for formal public EDs, so does not include all emergency care provided by public hospitals. This may affect comparability of results for regional and remote areas"
Table3,2018-19,Qld,PHN,PHN304,Darling Downs and West Moreton,Regional,All persons,,TC4+5,Estimated resident population,577044,,
Table3,2018-19,Qld,PHN,PHN305,Western Queensland,Regional,All persons,All-hours,TC4+5,"All-hours lower urgency ED, per 1,000 population, age-standardised",223.1,#,"Interpret with caution - Results only include data for formal public EDs, so does not include all emergency care provided by public hospitals. This may affect comparability of results for regional and remote areas"
Table3,2018-19,Qld,PHN,PHN305,Western Queensland,Regional,All persons,In-hours,TC4+5,"In-hours lower urgency ED, per 1,000 population, age-standardised",134.2,#,"Interpret with caution - Results only include data for formal public EDs, so does not include all emergency care provided by public hospitals. This may affect comparability of results for regional and remote areas"
Table3,2018-19,Qld,PHN,PHN305,Western Queensland,Regional,All persons,After-hours,TC4+5,"After-hours lower urgency ED, per 1,000 population, age-standardised",88.9,#,"Interpret with caution - Results only include data for formal public EDs, so does not include all emergency care provided by public hospitals. This may affect comparability of results for regional and remote areas"
Table3,2018-19,Qld,PHN,PHN305,Western Queensland,Regional,All persons,All-hours,TC4+5,Number all-hours lower urgency ED,14097,#,"Interpret with caution - Results only include data for formal public EDs, so does not include all emergency care provided by public hospitals. This may affect comparability of results for regional and remote areas"
Table3,2018-19,Qld,PHN,PHN305,Western Queensland,Regional,All persons,All-hours,All,Number total ED,30292,#,"Interpret with caution - Results only include data for formal public EDs, so does not include all emergency care provided by public hospitals. This may affect comparability of results for regional and remote areas"
Table3,2018-19,Qld,PHN,PHN305,Western Queensland,Regional,All persons,,TC4+5,Estimated resident population,63437,,
Table3,2018-19,Qld,PHN,PHN306,"Central Queensland, Wide Bay, Sunshine Coast",Regional,All persons,All-hours,TC4+5,"All-hours lower urgency ED, per 1,000 population, age-standardised",123,#,"Interpret with caution - Results only include data for formal public EDs, so does not include all emergency care provided by public hospitals. This may affect comparability of results for regional and remote areas"
Table3,2018-19,Qld,PHN,PHN306,"Central Queensland, Wide Bay, Sunshine Coast",Regional,All persons,In-hours,TC4+5,"In-hours lower urgency ED, per 1,000 population, age-standardised",68.5,#,"Interpret with caution - Results only include data for formal public EDs, so does not include all emergency care provided by public hospitals. This may affect comparability of results for regional and remote areas"
Table3,2018-19,Qld,PHN,PHN306,"Central Queensland, Wide Bay, Sunshine Coast",Regional,All persons,After-hours,TC4+5,"After-hours lower urgency ED, per 1,000 population, age-standardised",54.6,#,"Interpret with caution - Results only include data for formal public EDs, so does not include all emergency care provided by public hospitals. This may affect comparability of results for regional and remote areas"
Table3,2018-19,Qld,PHN,PHN306,"Central Queensland, Wide Bay, Sunshine Coast",Regional,All persons,All-hours,TC4+5,Number all-hours lower urgency ED,99738,#,"Interpret with caution - Results only include data for formal public EDs, so does not include all emergency care provided by public hospitals. This may affect comparability of results for regional and remote areas"
Table3,2018-19,Qld,PHN,PHN306,"Central Queensland, Wide Bay, Sunshine Coast",Regional,All persons,All-hours,All,Number total ED,327313,#,"Interpret with caution - Results only include data for formal public EDs, so does not include all emergency care provided by public hospitals. This may affect comparability of results for regional and remote areas"
Table3,2018-19,Qld,PHN,PHN306,"Central Queensland, Wide Bay, Sunshine Coast",Regional,All persons,,TC4+5,Estimated resident population,866747,,
Table3,2018-19,Qld,PHN,PHN307,Northern Queensland,Regional,All persons,All-hours,TC4+5,"All-hours lower urgency ED, per 1,000 population, age-standardised",76.2,#,"Interpret with caution - Results only include data for formal public EDs, so does not include all emergency care provided by public hospitals. This may affect comparability of results for regional and remote areas"
Table3,2018-19,Qld,PHN,PHN307,Northern Queensland,Regional,All persons,In-hours,TC4+5,"In-hours lower urgency ED, per 1,000 population, age-standardised",40,#,"Interpret with caution - Results only include data for formal public EDs, so does not include all emergency care provided by public hospitals. This may affect comparability of results for regional and remote areas"
Table3,2018-19,Qld,PHN,PHN307,Northern Queensland,Regional,All persons,After-hours,TC4+5,"After-hours lower urgency ED, per 1,000 population, age-standardised",36.2,#,"Interpret with caution - Results only include data for formal public EDs, so does not include all emergency care provided by public hospitals. This may affect comparability of results for regional and remote areas"
Table3,2018-19,Qld,PHN,PHN307,Northern Queensland,Regional,All persons,All-hours,TC4+5,Number all-hours lower urgency ED,52291,#,"Interpret with caution - Results only include data for formal public EDs, so does not include all emergency care provided by public hospitals. This may affect comparability of results for regional and remote areas"
Table3,2018-19,Qld,PHN,PHN307,Northern Queensland,Regional,All persons,All-hours,All,Number total ED,205851,#,"Interpret with caution - Results only include data for formal public EDs, so does not include all emergency care provided by public hospitals. This may affect comparability of results for regional and remote areas"
Table3,2018-19,Qld,PHN,PHN307,Northern Queensland,Regional,All persons,,TC4+5,Estimated resident population,698857,,
Table3,2018-19,SA,PHN,PHN401,Adelaide,Metropolitan,All persons,All-hours,TC4+5,"All-hours lower urgency ED, per 1,000 population, age-standardised",89.6,,
Table3,2018-19,SA,PHN,PHN401,Adelaide,Metropolitan,All persons,In-hours,TC4+5,"In-hours lower urgency ED, per 1,000 population, age-standardised",45.8,,
Table3,2018-19,SA,PHN,PHN401,Adelaide,Metropolitan,All persons,After-hours,TC4+5,"After-hours lower urgency ED, per 1,000 population, age-standardised",43.7,,
Table3,2018-19,SA,PHN,PHN401,Adelaide,Metropolitan,All persons,All-hours,TC4+5,Number all-hours lower urgency ED,106259,,
Table3,2018-19,SA,PHN,PHN401,Adelaide,Metropolitan,All persons,All-hours,All,Number total ED,387780,,
Table3,2018-19,SA,PHN,PHN401,Adelaide,Metropolitan,All persons,,TC4+5,Estimated resident population,1241749,,
Table3,2018-19,SA,PHN,PHN402,Country SA,Regional,All persons,All-hours,TC4+5,"All-hours lower urgency ED, per 1,000 population, age-standardised",111.9,#,"Interpret with caution - Results only include data for formal public EDs, so does not include all emergency care provided by public hospitals. This may affect comparability of results for regional and remote areas"
Table3,2018-19,SA,PHN,PHN402,Country SA,Regional,All persons,In-hours,TC4+5,"In-hours lower urgency ED, per 1,000 population, age-standardised",55,#,"Interpret with caution - Results only include data for formal public EDs, so does not include all emergency care provided by public hospitals. This may affect comparability of results for regional and remote areas"
Table3,2018-19,SA,PHN,PHN402,Country SA,Regional,All persons,After-hours,TC4+5,"After-hours lower urgency ED, per 1,000 population, age-standardised",56.9,#,"Interpret with caution - Results only include data for formal public EDs, so does not include all emergency care provided by public hospitals. This may affect comparability of results for regional and remote areas"
Table3,2018-19,SA,PHN,PHN402,Country SA,Regional,All persons,All-hours,TC4+5,Number all-hours lower urgency ED,51969,#,"Interpret with caution - Results only include data for formal public EDs, so does not include all emergency care provided by public hospitals. This may affect comparability of results for regional and remote areas"
Table3,2018-19,SA,PHN,PHN402,Country SA,Regional,All persons,All-hours,All,Number total ED,130478,#,"Interpret with caution - Results only include data for formal public EDs, so does not include all emergency care provided by public hospitals. This may affect comparability of results for regional and remote areas"
Table3,2018-19,SA,PHN,PHN402,Country SA,Regional,All persons,,TC4+5,Estimated resident population,504388,,
Table3,2018-19,Tas,PHN,PHN601,Tasmania,Regional,All persons,All-hours,TC4+5,"All-hours lower urgency ED, per 1,000 population, age-standardised",124.6,#,"Interpret with caution - Results only include data for formal public EDs, so does not include all emergency care provided by public hospitals. This may affect comparability of results for regional and remote areas"
Table3,2018-19,Tas,PHN,PHN601,Tasmania,Regional,All persons,In-hours,TC4+5,"In-hours lower urgency ED, per 1,000 population, age-standardised",68.3,#,"Interpret with caution - Results only include data for formal public EDs, so does not include all emergency care provided by public hospitals. This may affect comparability of results for regional and remote areas"
Table3,2018-19,Tas,PHN,PHN601,Tasmania,Regional,All persons,After-hours,TC4+5,"After-hours lower urgency ED, per 1,000 population, age-standardised",56.3,#,"Interpret with caution - Results only include data for formal public EDs, so does not include all emergency care provided by public hospitals. This may affect comparability of results for regional and remote areas"
Table3,2018-19,Tas,PHN,PHN601,Tasmania,Regional,All persons,All-hours,TC4+5,Number all-hours lower urgency ED,62552,#,"Interpret with caution - Results only include data for formal public EDs, so does not include all emergency care provided by public hospitals. This may affect comparability of results for regional and remote areas"
Table3,2018-19,Tas,PHN,PHN601,Tasmania,Regional,All persons,All-hours,All,Number total ED,164851,#,"Interpret with caution - Results only include data for formal public EDs, so does not include all emergency care provided by public hospitals. This may affect comparability of results for regional and remote areas"
Table3,2018-19,Tas,PHN,PHN601,Tasmania,Regional,All persons,,TC4+5,Estimated resident population,537291,,
Table3,2018-19,Vic,PHN,PHN201,North Western Melbourne,Metropolitan,All persons,All-hours,TC4+5,"All-hours lower urgency ED, per 1,000 population, age-standardised",98,,
Table3,2018-19,Vic,PHN,PHN201,North Western Melbourne,Metropolitan,All persons,In-hours,TC4+5,"In-hours lower urgency ED, per 1,000 population, age-standardised",49.7,,
Table3,2018-19,Vic,PHN,PHN201,North Western Melbourne,Metropolitan,All persons,After-hours,TC4+5,"After-hours lower urgency ED, per 1,000 population, age-standardised",48.4,,
Table3,2018-19,Vic,PHN,PHN201,North Western Melbourne,Metropolitan,All persons,All-hours,TC4+5,Number all-hours lower urgency ED,177071,,
Table3,2018-19,Vic,PHN,PHN201,North Western Melbourne,Metropolitan,All persons,All-hours,All,Number total ED,485440,,
Table3,2018-19,Vic,PHN,PHN201,North Western Melbourne,Metropolitan,All persons,,TC4+5,Estimated resident population,1804021,,
Table3,2018-19,Vic,PHN,PHN202,Eastern Melbourne,Metropolitan,All persons,All-hours,TC4+5,"All-hours lower urgency ED, per 1,000 population, age-standardised",79.1,,
Table3,2018-19,Vic,PHN,PHN202,Eastern Melbourne,Metropolitan,All persons,In-hours,TC4+5,"In-hours lower urgency ED, per 1,000 population, age-standardised",40,,
Table3,2018-19,Vic,PHN,PHN202,Eastern Melbourne,Metropolitan,All persons,After-hours,TC4+5,"After-hours lower urgency ED, per 1,000 population, age-standardised",39.1,,
Table3,2018-19,Vic,PHN,PHN202,Eastern Melbourne,Metropolitan,All persons,All-hours,TC4+5,Number all-hours lower urgency ED,118592,,
Table3,2018-19,Vic,PHN,PHN202,Eastern Melbourne,Metropolitan,All persons,All-hours,All,Number total ED,375984,,
Table3,2018-19,Vic,PHN,PHN202,Eastern Melbourne,Metropolitan,All persons,,TC4+5,Estimated resident population,1543610,,
Table3,2018-19,Vic,PHN,PHN203,South Eastern Melbourne,Metropolitan,All persons,All-hours,TC4+5,"All-hours lower urgency ED, per 1,000 population, age-standardised",74.2,,
Table3,2018-19,Vic,PHN,PHN203,South Eastern Melbourne,Metropolitan,All persons,In-hours,TC4+5,"In-hours lower urgency ED, per 1,000 population, age-standardised",37.2,,
Table3,2018-19,Vic,PHN,PHN203,South Eastern Melbourne,Metropolitan,All persons,After-hours,TC4+5,"After-hours lower urgency ED, per 1,000 population, age-standardised",37.1,,
Table3,2018-19,Vic,PHN,PHN203,South Eastern Melbourne,Metropolitan,All persons,All-hours,TC4+5,Number all-hours lower urgency ED,114619,,
Table3,2018-19,Vic,PHN,PHN203,South Eastern Melbourne,Metropolitan,All persons,All-hours,All,Number total ED,399604,,
Table3,2018-19,Vic,PHN,PHN203,South Eastern Melbourne,Metropolitan,All persons,,TC4+5,Estimated resident population,1568958,,
Table3,2018-19,Vic,PHN,PHN204,Gippsland,Regional,All persons,All-hours,TC4+5,"All-hours lower urgency ED, per 1,000 population, age-standardised",194.9,#,"Interpret with caution - Results only include data for formal public EDs, so does not include all emergency care provided by public hospitals. This may affect comparability of results for regional and remote areas"
Table3,2018-19,Vic,PHN,PHN204,Gippsland,Regional,All persons,In-hours,TC4+5,"In-hours lower urgency ED, per 1,000 population, age-standardised",101.7,#,"Interpret with caution - Results only include data for formal public EDs, so does not include all emergency care provided by public hospitals. This may affect comparability of results for regional and remote areas"
Table3,2018-19,Vic,PHN,PHN204,Gippsland,Regional,All persons,After-hours,TC4+5,"After-hours lower urgency ED, per 1,000 population, age-standardised",93.2,#,"Interpret with caution - Results only include data for formal public EDs, so does not include all emergency care provided by public hospitals. This may affect comparability of results for regional and remote areas"
Table3,2018-19,Vic,PHN,PHN204,Gippsland,Regional,All persons,All-hours,TC4+5,Number all-hours lower urgency ED,51386,#,"Interpret with caution - Results only include data for formal public EDs, so does not include all emergency care provided by public hospitals. This may affect comparability of results for regional and remote areas"
Table3,2018-19,Vic,PHN,PHN204,Gippsland,Regional,All persons,All-hours,All,Number total ED,123057,#,"Interpret with caution - Results only include data for formal public EDs, so does not include all emergency care provided by public hospitals. This may affect comparability of results for regional and remote areas"
Table3,2018-19,Vic,PHN,PHN204,Gippsland,Regional,All persons,,TC4+5,Estimated resident population,284989,,
Table3,2018-19,Vic,PHN,PHN206,Western Victoria,Regional,All persons,All-hours,TC4+5,"All-hours lower urgency ED, per 1,000 population, age-standardised",105.9,#,"Interpret with caution - Results only include data for formal public EDs, so does not include all emergency care provided by public hospitals. This may affect comparability of results for regional and remote areas"
Table3,2018-19,Vic,PHN,PHN206,Western Victoria,Regional,All persons,In-hours,TC4+5,"In-hours lower urgency ED, per 1,000 population, age-standardised",54,#,"Interpret with caution - Results only include data for formal public EDs, so does not include all emergency care provided by public hospitals. This may affect comparability of results for regional and remote areas"
Table3,2018-19,Vic,PHN,PHN206,Western Victoria,Regional,All persons,After-hours,TC4+5,"After-hours lower urgency ED, per 1,000 population, age-standardised",51.9,#,"Interpret with caution - Results only include data for formal public EDs, so does not include all emergency care provided by public hospitals. This may affect comparability of results for regional and remote areas"
Table3,2018-19,Vic,PHN,PHN206,Western Victoria,Regional,All persons,All-hours,TC4+5,Number all-hours lower urgency ED,65712,#,"Interpret with caution - Results only include data for formal public EDs, so does not include all emergency care provided by public hospitals. This may affect comparability of results for regional and remote areas"
Table3,2018-19,Vic,PHN,PHN206,Western Victoria,Regional,All persons,All-hours,All,Number total ED,191268,#,"Interpret with caution - Results only include data for formal public EDs, so does not include all emergency care provided by public hospitals. This may affect comparability of results for regional and remote areas"
Table3,2018-19,Vic,PHN,PHN206,Western Victoria,Regional,All persons,,TC4+5,Estimated resident population,654427,,
Table3,2018-19,Vic/NSW,PHN,PHN205,Murray,Regional,All persons,All-hours,TC4+5,"All-hours lower urgency ED, per 1,000 population, age-standardised",183.7,#,"Interpret with caution - Results only include data for formal public EDs, so does not include all emergency care provided by public hospitals. This may affect comparability of results for regional and remote areas"
Table3,2018-19,Vic/NSW,PHN,PHN205,Murray,Regional,All persons,In-hours,TC4+5,"In-hours lower urgency ED, per 1,000 population, age-standardised",97.6,#,"Interpret with caution - Results only include data for formal public EDs, so does not include all emergency care provided by public hospitals. This may affect comparability of results for regional and remote areas"
Table3,2018-19,Vic/NSW,PHN,PHN205,Murray,Regional,All persons,After-hours,TC4+5,"After-hours lower urgency ED, per 1,000 population, age-standardised",86.1,#,"Interpret with caution - Results only include data for formal public EDs, so does not include all emergency care provided by public hospitals. This may affect comparability of results for regional and remote areas"
Table3,2018-19,Vic/NSW,PHN,PHN205,Murray,Regional,All persons,All-hours,TC4+5,Number all-hours lower urgency ED,106876,#,"Interpret with caution - Results only include data for formal public EDs, so does not include all emergency care provided by public hospitals. This may affect comparability of results for regional and remote areas"
Table3,2018-19,Vic/NSW,PHN,PHN205,Murray,Regional,All persons,All-hours,All,Number total ED,253606,#,"Interpret with caution - Results only include data for formal public EDs, so does not include all emergency care provided by public hospitals. This may affect comparability of results for regional and remote areas"
Table3,2018-19,Vic/NSW,PHN,PHN205,Murray,Regional,All persons,,TC4+5,Estimated resident population,620936,,
Table3,2018-19,WA,PHN,PHN501,Perth North,Metropolitan,All persons,All-hours,TC4+5,"All-hours lower urgency ED, per 1,000 population, age-standardised",108.7,,
Table3,2018-19,WA,PHN,PHN501,Perth North,Metropolitan,All persons,In-hours,TC4+5,"In-hours lower urgency ED, per 1,000 population, age-standardised",56.4,,
Table3,2018-19,WA,PHN,PHN501,Perth North,Metropolitan,All persons,After-hours,TC4+5,"After-hours lower urgency ED, per 1,000 population, age-standardised",52.3,,
Table3,2018-19,WA,PHN,PHN501,Perth North,Metropolitan,All persons,All-hours,TC4+5,Number all-hours lower urgency ED,114777,,
Table3,2018-19,WA,PHN,PHN501,Perth North,Metropolitan,All persons,All-hours,All,Number total ED,321318,,
Table3,2018-19,WA,PHN,PHN501,Perth North,Metropolitan,All persons,,TC4+5,Estimated resident population,1079910,,
Table3,2018-19,WA,PHN,PHN502,Perth South,Metropolitan,All persons,All-hours,TC4+5,"All-hours lower urgency ED, per 1,000 population, age-standardised",120.8,,
Table3,2018-19,WA,PHN,PHN502,Perth South,Metropolitan,All persons,In-hours,TC4+5,"In-hours lower urgency ED, per 1,000 population, age-standardised",62.9,,
Table3,2018-19,WA,PHN,PHN502,Perth South,Metropolitan,All persons,After-hours,TC4+5,"After-hours lower urgency ED, per 1,000 population, age-standardised",57.8,,
Table3,2018-19,WA,PHN,PHN502,Perth South,Metropolitan,All persons,All-hours,TC4+5,Number all-hours lower urgency ED,119921,,
Table3,2018-19,WA,PHN,PHN502,Perth South,Metropolitan,All persons,All-hours,All,Number total ED,324938,,
Table3,2018-19,WA,PHN,PHN502,Perth South,Metropolitan,All persons,,TC4+5,Estimated resident population,1003346,,
Table3,2018-19,WA,PHN,PHN503,Country WA,Regional,All persons,All-hours,TC4+5,"All-hours lower urgency ED, per 1,000 population, age-standardised",270.2,#,"Interpret with caution - Results only include data for formal public EDs, so does not include all emergency care provided by public hospitals. This may affect comparability of results for regional and remote areas"
Table3,2018-19,WA,PHN,PHN503,Country WA,Regional,All persons,In-hours,TC4+5,"In-hours lower urgency ED, per 1,000 population, age-standardised",156.9,#,"Interpret with caution - Results only include data for formal public EDs, so does not include all emergency care provided by public hospitals. This may affect comparability of results for regional and remote areas"
Table3,2018-19,WA,PHN,PHN503,Country WA,Regional,All persons,After-hours,TC4+5,"After-hours lower urgency ED, per 1,000 population, age-standardised",113.3,#,"Interpret with caution - Results only include data for formal public EDs, so does not include all emergency care provided by public hospitals. This may affect comparability of results for regional and remote areas"
Table3,2018-19,WA,PHN,PHN503,Country WA,Regional,All persons,All-hours,TC4+5,Number all-hours lower urgency ED,140004,#,"Interpret with caution - Results only include data for formal public EDs, so does not include all emergency care provided by public hospitals. This may affect comparability of results for regional and remote areas"
Table3,2018-19,WA,PHN,PHN503,Country WA,Regional,All persons,All-hours,All,Number total ED,286340,#,"Interpret with caution - Results only include data for formal public EDs, so does not include all emergency care provided by public hospitals. This may affect comparability of results for regional and remote areas"
Table3,2018-19,WA,PHN,PHN503,Country WA,Regional,All persons,,TC4+5,Estimated resident population,536934,,
Table3,2019-20,,PHN,003MET,Metropolitan,Metropolitan,All persons,All-hours,TC4+5,"All-hours lower urgency ED, per 1,000 population, age-standardised",88.8,,
Table3,2019-20,,PHN,003MET,Metropolitan,Metropolitan,All persons,In-hours,TC4+5,"In-hours lower urgency ED, per 1,000 population, age-standardised",47.7,,
Table3,2019-20,,PHN,003MET,Metropolitan,Metropolitan,All persons,After-hours,TC4+5,"After-hours lower urgency ED, per 1,000 population, age-standardised",41.1,,
Table3,2019-20,,PHN,003MET,Metropolitan,Metropolitan,All persons,All-hours,TC4+5,Number all-hours lower urgency ED,1456621,,
Table3,2019-20,,PHN,003MET,Metropolitan,Metropolitan,All persons,All-hours,All,Number total ED,4562670,,
Table3,2019-20,,PHN,003MET,Metropolitan,Metropolitan,All persons,,TC4+5,Estimated resident population,16660365,,
Table3,2019-20,,PHN,003REG,Regional,Regional,All persons,All-hours,TC4+5,"All-hours lower urgency ED, per 1,000 population, age-standardised",164.8,#,"Interpret with caution - Results only include data for formal public EDs, so does not include all emergency care provided by public hospitals. This may affect comparability of results for regional and remote areas"
Table3,2019-20,,PHN,003REG,Regional,Regional,All persons,In-hours,TC4+5,"In-hours lower urgency ED, per 1,000 population, age-standardised",92.3,#,"Interpret with caution - Results only include data for formal public EDs, so does not include all emergency care provided by public hospitals. This may affect comparability of results for regional and remote areas"
Table3,2019-20,,PHN,003REG,Regional,Regional,All persons,After-hours,TC4+5,"After-hours lower urgency ED, per 1,000 population, age-standardised",72.5,#,"Interpret with caution - Results only include data for formal public EDs, so does not include all emergency care provided by public hospitals. This may affect comparability of results for regional and remote areas"
Table3,2019-20,,PHN,003REG,Regional,Regional,All persons,All-hours,TC4+5,Number all-hours lower urgency ED,1364105,#,"Interpret with caution - Results only include data for formal public EDs, so does not include all emergency care provided by public hospitals. This may affect comparability of results for regional and remote areas"
Table3,2019-20,,PHN,003REG,Regional,Regional,All persons,All-hours,All,Number total ED,3539085,#,"Interpret with caution - Results only include data for formal public EDs, so does not include all emergency care provided by public hospitals. This may affect comparability of results for regional and remote areas"
Table3,2019-20,,PHN,003REG,Regional,Regional,All persons,,TC4+5,Estimated resident population,8673887,,
Table3,2019-20,ACT,PHN,PHN801,Australian Capital Territory,Metropolitan,All persons,All-hours,TC4+5,"All-hours lower urgency ED, per 1,000 population, age-standardised",101.2,,
Table3,2019-20,ACT,PHN,PHN801,Australian Capital Territory,Metropolitan,All persons,In-hours,TC4+5,"In-hours lower urgency ED, per 1,000 population, age-standardised",54,,
Table3,2019-20,ACT,PHN,PHN801,Australian Capital Territory,Metropolitan,All persons,After-hours,TC4+5,"After-hours lower urgency ED, per 1,000 population, age-standardised",47.2,,
Table3,2019-20,ACT,PHN,PHN801,Australian Capital Territory,Metropolitan,All persons,All-hours,TC4+5,Number all-hours lower urgency ED,43946,,
Table3,2019-20,ACT,PHN,PHN801,Australian Capital Territory,Metropolitan,All persons,All-hours,All,Number total ED,131375,,
Table3,2019-20,ACT,PHN,PHN801,Australian Capital Territory,Metropolitan,All persons,,TC4+5,Estimated resident population,435730,,
Table3,2019-20,NSW,PHN,PHN101,Central and Eastern Sydney,Metropolitan,All persons,All-hours,TC4+5,"All-hours lower urgency ED, per 1,000 population, age-standardised",106.8,,
Table3,2019-20,NSW,PHN,PHN101,Central and Eastern Sydney,Metropolitan,All persons,In-hours,TC4+5,"In-hours lower urgency ED, per 1,000 population, age-standardised",60.3,,
Table3,2019-20,NSW,PHN,PHN101,Central and Eastern Sydney,Metropolitan,All persons,After-hours,TC4+5,"After-hours lower urgency ED, per 1,000 population, age-standardised",46.4,,
Table3,2019-20,NSW,PHN,PHN101,Central and Eastern Sydney,Metropolitan,All persons,All-hours,TC4+5,Number all-hours lower urgency ED,164026,,
Table3,2019-20,NSW,PHN,PHN101,Central and Eastern Sydney,Metropolitan,All persons,All-hours,All,Number total ED,439998,,
Table3,2019-20,NSW,PHN,PHN101,Central and Eastern Sydney,Metropolitan,All persons,,TC4+5,Estimated resident population,1595778,,
Table3,2019-20,NSW,PHN,PHN102,Northern Sydney,Metropolitan,All persons,All-hours,TC4+5,"All-hours lower urgency ED, per 1,000 population, age-standardised",100.9,,
Table3,2019-20,NSW,PHN,PHN102,Northern Sydney,Metropolitan,All persons,In-hours,TC4+5,"In-hours lower urgency ED, per 1,000 population, age-standardised",56.7,,
Table3,2019-20,NSW,PHN,PHN102,Northern Sydney,Metropolitan,All persons,After-hours,TC4+5,"After-hours lower urgency ED, per 1,000 population, age-standardised",44.3,,
Table3,2019-20,NSW,PHN,PHN102,Northern Sydney,Metropolitan,All persons,All-hours,TC4+5,Number all-hours lower urgency ED,92245,,
Table3,2019-20,NSW,PHN,PHN102,Northern Sydney,Metropolitan,All persons,All-hours,All,Number total ED,230034,,
Table3,2019-20,NSW,PHN,PHN102,Northern Sydney,Metropolitan,All persons,,TC4+5,Estimated resident population,940540,,
Table3,2019-20,NSW,PHN,PHN103,Western Sydney,Metropolitan,All persons,All-hours,TC4+5,"All-hours lower urgency ED, per 1,000 population, age-standardised",78.3,,
Table3,2019-20,NSW,PHN,PHN103,Western Sydney,Metropolitan,All persons,In-hours,TC4+5,"In-hours lower urgency ED, per 1,000 population, age-standardised",39.3,,
Table3,2019-20,NSW,PHN,PHN103,Western Sydney,Metropolitan,All persons,After-hours,TC4+5,"After-hours lower urgency ED, per 1,000 population, age-standardised",39,,
Table3,2019-20,NSW,PHN,PHN103,Western Sydney,Metropolitan,All persons,All-hours,TC4+5,Number all-hours lower urgency ED,82107,,
Table3,2019-20,NSW,PHN,PHN103,Western Sydney,Metropolitan,All persons,All-hours,All,Number total ED,249415,,
Table3,2019-20,NSW,PHN,PHN103,Western Sydney,Metropolitan,All persons,,TC4+5,Estimated resident population,1030648,,
Table3,2019-20,NSW,PHN,PHN104,Nepean Blue Mountains,Metropolitan,All persons,All-hours,TC4+5,"All-hours lower urgency ED, per 1,000 population, age-standardised",119.7,,
Table3,2019-20,NSW,PHN,PHN104,Nepean Blue Mountains,Metropolitan,All persons,In-hours,TC4+5,"In-hours lower urgency ED, per 1,000 population, age-standardised",62.9,,
Table3,2019-20,NSW,PHN,PHN104,Nepean Blue Mountains,Metropolitan,All persons,After-hours,TC4+5,"After-hours lower urgency ED, per 1,000 population, age-standardised",56.9,,
Table3,2019-20,NSW,PHN,PHN104,Nepean Blue Mountains,Metropolitan,All persons,All-hours,TC4+5,Number all-hours lower urgency ED,45272,,
Table3,2019-20,NSW,PHN,PHN104,Nepean Blue Mountains,Metropolitan,All persons,All-hours,All,Number total ED,127729,,
Table3,2019-20,NSW,PHN,PHN104,Nepean Blue Mountains,Metropolitan,All persons,,TC4+5,Estimated resident population,380965,,
Table3,2019-20,NSW,PHN,PHN105,South Western Sydney,Metropolitan,All persons,All-hours,TC4+5,"All-hours lower urgency ED, per 1,000 population, age-standardised",94,,
Table3,2019-20,NSW,PHN,PHN105,South Western Sydney,Metropolitan,All persons,In-hours,TC4+5,"In-hours lower urgency ED, per 1,000 population, age-standardised",48.3,,
Table3,2019-20,NSW,PHN,PHN105,South Western Sydney,Metropolitan,All persons,After-hours,TC4+5,"After-hours lower urgency ED, per 1,000 population, age-standardised",45.8,,
Table3,2019-20,NSW,PHN,PHN105,South Western Sydney,Metropolitan,All persons,All-hours,TC4+5,Number all-hours lower urgency ED,97626,,
Table3,2019-20,NSW,PHN,PHN105,South Western Sydney,Metropolitan,All persons,All-hours,All,Number total ED,314140,,
Table3,2019-20,NSW,PHN,PHN105,South Western Sydney,Metropolitan,All persons,,TC4+5,Estimated resident population,1035812,,
Table3,2019-20,NSW,PHN,PHN106,South Eastern NSW,Regional,All persons,All-hours,TC4+5,"All-hours lower urgency ED, per 1,000 population, age-standardised",179.2,#,"Interpret with caution - Results only include data for formal public EDs, so does not include all emergency care provided by public hospitals. This may affect comparability of results for regional and remote areas"
Table3,2019-20,NSW,PHN,PHN106,South Eastern NSW,Regional,All persons,In-hours,TC4+5,"In-hours lower urgency ED, per 1,000 population, age-standardised",100.3,#,"Interpret with caution - Results only include data for formal public EDs, so does not include all emergency care provided by public hospitals. This may affect comparability of results for regional and remote areas"
Table3,2019-20,NSW,PHN,PHN106,South Eastern NSW,Regional,All persons,After-hours,TC4+5,"After-hours lower urgency ED, per 1,000 population, age-standardised",78.9,#,"Interpret with caution - Results only include data for formal public EDs, so does not include all emergency care provided by public hospitals. This may affect comparability of results for regional and remote areas"
Table3,2019-20,NSW,PHN,PHN106,South Eastern NSW,Regional,All persons,All-hours,TC4+5,Number all-hours lower urgency ED,108358,#,"Interpret with caution - Results only include data for formal public EDs, so does not include all emergency care provided by public hospitals. This may affect comparability of results for regional and remote areas"
Table3,2019-20,NSW,PHN,PHN106,South Eastern NSW,Regional,All persons,All-hours,All,Number total ED,272862,#,"Interpret with caution - Results only include data for formal public EDs, so does not include all emergency care provided by public hospitals. This may affect comparability of results for regional and remote areas"
Table3,2019-20,NSW,PHN,PHN106,South Eastern NSW,Regional,All persons,,TC4+5,Estimated resident population,630385,,
Table3,2019-20,NSW,PHN,PHN107,Western NSW,Regional,All persons,All-hours,TC4+5,"All-hours lower urgency ED, per 1,000 population, age-standardised",337,#,"Interpret with caution - Results only include data for formal public EDs, so does not include all emergency care provided by public hospitals. This may affect comparability of results for regional and remote areas"
Table3,2019-20,NSW,PHN,PHN107,Western NSW,Regional,All persons,In-hours,TC4+5,"In-hours lower urgency ED, per 1,000 population, age-standardised",198.3,#,"Interpret with caution - Results only include data for formal public EDs, so does not include all emergency care provided by public hospitals. This may affect comparability of results for regional and remote areas"
Table3,2019-20,NSW,PHN,PHN107,Western NSW,Regional,All persons,After-hours,TC4+5,"After-hours lower urgency ED, per 1,000 population, age-standardised",138.7,#,"Interpret with caution - Results only include data for formal public EDs, so does not include all emergency care provided by public hospitals. This may affect comparability of results for regional and remote areas"
Table3,2019-20,NSW,PHN,PHN107,Western NSW,Regional,All persons,All-hours,TC4+5,Number all-hours lower urgency ED,101782,#,"Interpret with caution - Results only include data for formal public EDs, so does not include all emergency care provided by public hospitals. This may affect comparability of results for regional and remote areas"
Table3,2019-20,NSW,PHN,PHN107,Western NSW,Regional,All persons,All-hours,All,Number total ED,215348,#,"Interpret with caution - Results only include data for formal public EDs, so does not include all emergency care provided by public hospitals. This may affect comparability of results for regional and remote areas"
Table3,2019-20,NSW,PHN,PHN107,Western NSW,Regional,All persons,,TC4+5,Estimated resident population,311601,,
Table3,2019-20,NSW,PHN,PHN108,Hunter New England and Central Coast,Regional,All persons,All-hours,TC4+5,"All-hours lower urgency ED, per 1,000 population, age-standardised",196.5,#,"Interpret with caution - Results only include data for formal public EDs, so does not include all emergency care provided by public hospitals. This may affect comparability of results for regional and remote areas"
Table3,2019-20,NSW,PHN,PHN108,Hunter New England and Central Coast,Regional,All persons,In-hours,TC4+5,"In-hours lower urgency ED, per 1,000 population, age-standardised",107.2,#,"Interpret with caution - Results only include data for formal public EDs, so does not include all emergency care provided by public hospitals. This may affect comparability of results for regional and remote areas"
Table3,2019-20,NSW,PHN,PHN108,Hunter New England and Central Coast,Regional,All persons,After-hours,TC4+5,"After-hours lower urgency ED, per 1,000 population, age-standardised",89.2,#,"Interpret with caution - Results only include data for formal public EDs, so does not include all emergency care provided by public hospitals. This may affect comparability of results for regional and remote areas"
Table3,2019-20,NSW,PHN,PHN108,Hunter New England and Central Coast,Regional,All persons,All-hours,TC4+5,Number all-hours lower urgency ED,241913,#,"Interpret with caution - Results only include data for formal public EDs, so does not include all emergency care provided by public hospitals. This may affect comparability of results for regional and remote areas"
Table3,2019-20,NSW,PHN,PHN108,Hunter New England and Central Coast,Regional,All persons,All-hours,All,Number total ED,558010,#,"Interpret with caution - Results only include data for formal public EDs, so does not include all emergency care provided by public hospitals. This may affect comparability of results for regional and remote areas"
Table3,2019-20,NSW,PHN,PHN108,Hunter New England and Central Coast,Regional,All persons,,TC4+5,Estimated resident population,1288038,,
Table3,2019-20,NSW,PHN,PHN109,North Coast,Regional,All persons,All-hours,TC4+5,"All-hours lower urgency ED, per 1,000 population, age-standardised",275.5,#,"Interpret with caution - Results only include data for formal public EDs, so does not include all emergency care provided by public hospitals. This may affect comparability of results for regional and remote areas"
Table3,2019-20,NSW,PHN,PHN109,North Coast,Regional,All persons,In-hours,TC4+5,"In-hours lower urgency ED, per 1,000 population, age-standardised",160.7,#,"Interpret with caution - Results only include data for formal public EDs, so does not include all emergency care provided by public hospitals. This may affect comparability of results for regional and remote areas"
Table3,2019-20,NSW,PHN,PHN109,North Coast,Regional,All persons,After-hours,TC4+5,"After-hours lower urgency ED, per 1,000 population, age-standardised",114.9,#,"Interpret with caution - Results only include data for formal public EDs, so does not include all emergency care provided by public hospitals. This may affect comparability of results for regional and remote areas"
Table3,2019-20,NSW,PHN,PHN109,North Coast,Regional,All persons,All-hours,TC4+5,Number all-hours lower urgency ED,134177,#,"Interpret with caution - Results only include data for formal public EDs, so does not include all emergency care provided by public hospitals. This may affect comparability of results for regional and remote areas"
Table3,2019-20,NSW,PHN,PHN109,North Coast,Regional,All persons,All-hours,All,Number total ED,309764,#,"Interpret with caution - Results only include data for formal public EDs, so does not include all emergency care provided by public hospitals. This may affect comparability of results for regional and remote areas"
Table3,2019-20,NSW,PHN,PHN109,North Coast,Regional,All persons,,TC4+5,Estimated resident population,531719,,
Table3,2019-20,NSW,PHN,PHN110,Murrumbidgee,Regional,All persons,All-hours,TC4+5,"All-hours lower urgency ED, per 1,000 population, age-standardised",251.8,#,"Interpret with caution - Results only include data for formal public EDs, so does not include all emergency care provided by public hospitals. This may affect comparability of results for regional and remote areas"
Table3,2019-20,NSW,PHN,PHN110,Murrumbidgee,Regional,All persons,In-hours,TC4+5,"In-hours lower urgency ED, per 1,000 population, age-standardised",140.1,#,"Interpret with caution - Results only include data for formal public EDs, so does not include all emergency care provided by public hospitals. This may affect comparability of results for regional and remote areas"
Table3,2019-20,NSW,PHN,PHN110,Murrumbidgee,Regional,All persons,After-hours,TC4+5,"After-hours lower urgency ED, per 1,000 population, age-standardised",111.8,#,"Interpret with caution - Results only include data for formal public EDs, so does not include all emergency care provided by public hospitals. This may affect comparability of results for regional and remote areas"
Table3,2019-20,NSW,PHN,PHN110,Murrumbidgee,Regional,All persons,All-hours,TC4+5,Number all-hours lower urgency ED,60063,#,"Interpret with caution - Results only include data for formal public EDs, so does not include all emergency care provided by public hospitals. This may affect comparability of results for regional and remote areas"
Table3,2019-20,NSW,PHN,PHN110,Murrumbidgee,Regional,All persons,All-hours,All,Number total ED,152812,#,"Interpret with caution - Results only include data for formal public EDs, so does not include all emergency care provided by public hospitals. This may affect comparability of results for regional and remote areas"
Table3,2019-20,NSW,PHN,PHN110,Murrumbidgee,Regional,All persons,,TC4+5,Estimated resident population,246635,,
Table3,2019-20,NT,PHN,PHN701,Northern Territory,Regional,All persons,All-hours,TC4+5,"All-hours lower urgency ED, per 1,000 population, age-standardised",236,#,"Interpret with caution - Results only include data for formal public EDs, so does not include all emergency care provided by public hospitals. This may affect comparability of results for regional and remote areas"
Table3,2019-20,NT,PHN,PHN701,Northern Territory,Regional,All persons,In-hours,TC4+5,"In-hours lower urgency ED, per 1,000 population, age-standardised",137.7,#,"Interpret with caution - Results only include data for formal public EDs, so does not include all emergency care provided by public hospitals. This may affect comparability of results for regional and remote areas"
Table3,2019-20,NT,PHN,PHN701,Northern Territory,Regional,All persons,After-hours,TC4+5,"After-hours lower urgency ED, per 1,000 population, age-standardised",98.3,#,"Interpret with caution - Results only include data for formal public EDs, so does not include all emergency care provided by public hospitals. This may affect comparability of results for regional and remote areas"
Table3,2019-20,NT,PHN,PHN701,Northern Territory,Regional,All persons,All-hours,TC4+5,Number all-hours lower urgency ED,58665,#,"Interpret with caution - Results only include data for formal public EDs, so does not include all emergency care provided by public hospitals. This may affect comparability of results for regional and remote areas"
Table3,2019-20,NT,PHN,PHN701,Northern Territory,Regional,All persons,All-hours,All,Number total ED,159339,#,"Interpret with caution - Results only include data for formal public EDs, so does not include all emergency care provided by public hospitals. This may affect comparability of results for regional and remote areas"
Table3,2019-20,NT,PHN,PHN701,Northern Territory,Regional,All persons,,TC4+5,Estimated resident population,246545,,
Table3,2019-20,,NAT,001NAT,National,National,All persons,All-hours,TC4+5,"All-hours lower urgency ED, per 1,000 population, age-standardised",115.7,,
Table3,2019-20,,NAT,001NAT,National,National,All persons,In-hours,TC4+5,"In-hours lower urgency ED, per 1,000 population, age-standardised",63.5,,
Table3,2019-20,,NAT,001NAT,National,National,All persons,After-hours,TC4+5,"After-hours lower urgency ED, per 1,000 population, age-standardised",52.3,,
Table3,2019-20,,NAT,001NAT,National,National,All persons,All-hours,TC4+5,Number all-hours lower urgency ED,2869687,,
Table3,2019-20,,NAT,001NAT,National,National,All persons,All-hours,All,Number total ED,8236159,,
Table3,2019-20,,NAT,001NAT,National,National,All persons,,TC4+5,Estimated resident population,25334826,,
Table3,2019-20,Qld,PHN,PHN301,Brisbane North,Metropolitan,All persons,All-hours,TC4+5,"All-hours lower urgency ED, per 1,000 population, age-standardised",96.3,,
Table3,2019-20,Qld,PHN,PHN301,Brisbane North,Metropolitan,All persons,In-hours,TC4+5,"In-hours lower urgency ED, per 1,000 population, age-standardised",55.4,,
Table3,2019-20,Qld,PHN,PHN301,Brisbane North,Metropolitan,All persons,After-hours,TC4+5,"After-hours lower urgency ED, per 1,000 population, age-standardised",40.9,,
Table3,2019-20,Qld,PHN,PHN301,Brisbane North,Metropolitan,All persons,All-hours,TC4+5,Number all-hours lower urgency ED,98108,,
Table3,2019-20,Qld,PHN,PHN301,Brisbane North,Metropolitan,All persons,All-hours,All,Number total ED,325415,,
Table3,2019-20,Qld,PHN,PHN301,Brisbane North,Metropolitan,All persons,,TC4+5,Estimated resident population,1042146,,
Table3,2019-20,Qld,PHN,PHN302,Brisbane South,Metropolitan,All persons,All-hours,TC4+5,"All-hours lower urgency ED, per 1,000 population, age-standardised",72.3,,
Table3,2019-20,Qld,PHN,PHN302,Brisbane South,Metropolitan,All persons,In-hours,TC4+5,"In-hours lower urgency ED, per 1,000 population, age-standardised",39.5,,
Table3,2019-20,Qld,PHN,PHN302,Brisbane South,Metropolitan,All persons,After-hours,TC4+5,"After-hours lower urgency ED, per 1,000 population, age-standardised",32.9,,
Table3,2019-20,Qld,PHN,PHN302,Brisbane South,Metropolitan,All persons,All-hours,TC4+5,Number all-hours lower urgency ED,84759,,
Table3,2019-20,Qld,PHN,PHN302,Brisbane South,Metropolitan,All persons,All-hours,All,Number total ED,357903,,
Table3,2019-20,Qld,PHN,PHN302,Brisbane South,Metropolitan,All persons,,TC4+5,Estimated resident population,1182524,,
Table3,2019-20,Qld,PHN,PHN303,Gold Coast,Metropolitan,All persons,All-hours,TC4+5,"All-hours lower urgency ED, per 1,000 population, age-standardised",90,,
Table3,2019-20,Qld,PHN,PHN303,Gold Coast,Metropolitan,All persons,In-hours,TC4+5,"In-hours lower urgency ED, per 1,000 population, age-standardised",56.5,,
Table3,2019-20,Qld,PHN,PHN303,Gold Coast,Metropolitan,All persons,After-hours,TC4+5,"After-hours lower urgency ED, per 1,000 population, age-standardised",33.5,,
Table3,2019-20,Qld,PHN,PHN303,Gold Coast,Metropolitan,All persons,All-hours,TC4+5,Number all-hours lower urgency ED,55017,,
Table3,2019-20,Qld,PHN,PHN303,Gold Coast,Metropolitan,All persons,All-hours,All,Number total ED,190135,,
Table3,2019-20,Qld,PHN,PHN303,Gold Coast,Metropolitan,All persons,,TC4+5,Estimated resident population,629850,,
Table3,2019-20,Qld,PHN,PHN304,Darling Downs and West Moreton,Regional,All persons,All-hours,TC4+5,"All-hours lower urgency ED, per 1,000 population, age-standardised",48.9,#,"Interpret with caution - Results only include data for formal public EDs, so does not include all emergency care provided by public hospitals. This may affect comparability of results for regional and remote areas"
Table3,2019-20,Qld,PHN,PHN304,Darling Downs and West Moreton,Regional,All persons,In-hours,TC4+5,"In-hours lower urgency ED, per 1,000 population, age-standardised",26.4,#,"Interpret with caution - Results only include data for formal public EDs, so does not include all emergency care provided by public hospitals. This may affect comparability of results for regional and remote areas"
Table3,2019-20,Qld,PHN,PHN304,Darling Downs and West Moreton,Regional,All persons,After-hours,TC4+5,"After-hours lower urgency ED, per 1,000 population, age-standardised",22.5,#,"Interpret with caution - Results only include data for formal public EDs, so does not include all emergency care provided by public hospitals. This may affect comparability of results for regional and remote areas"
Table3,2019-20,Qld,PHN,PHN304,Darling Downs and West Moreton,Regional,All persons,All-hours,TC4+5,Number all-hours lower urgency ED,27922,#,"Interpret with caution - Results only include data for formal public EDs, so does not include all emergency care provided by public hospitals. This may affect comparability of results for regional and remote areas"
Table3,2019-20,Qld,PHN,PHN304,Darling Downs and West Moreton,Regional,All persons,All-hours,All,Number total ED,147285,#,"Interpret with caution - Results only include data for formal public EDs, so does not include all emergency care provided by public hospitals. This may affect comparability of results for regional and remote areas"
Table3,2019-20,Qld,PHN,PHN304,Darling Downs and West Moreton,Regional,All persons,,TC4+5,Estimated resident population,588023,,
Table3,2019-20,Qld,PHN,PHN305,Western Queensland,Regional,All persons,All-hours,TC4+5,"All-hours lower urgency ED, per 1,000 population, age-standardised",233.9,#,"Interpret with caution - Results only include data for formal public EDs, so does not include all emergency care provided by public hospitals. This may affect comparability of results for regional and remote areas"
Table3,2019-20,Qld,PHN,PHN305,Western Queensland,Regional,All persons,In-hours,TC4+5,"In-hours lower urgency ED, per 1,000 population, age-standardised",144.8,#,"Interpret with caution - Results only include data for formal public EDs, so does not include all emergency care provided by public hospitals. This may affect comparability of results for regional and remote areas"
Table3,2019-20,Qld,PHN,PHN305,Western Queensland,Regional,All persons,After-hours,TC4+5,"After-hours lower urgency ED, per 1,000 population, age-standardised",89.2,#,"Interpret with caution - Results only include data for formal public EDs, so does not include all emergency care provided by public hospitals. This may affect comparability of results for regional and remote areas"
Table3,2019-20,Qld,PHN,PHN305,Western Queensland,Regional,All persons,All-hours,TC4+5,Number all-hours lower urgency ED,14762,#,"Interpret with caution - Results only include data for formal public EDs, so does not include all emergency care provided by public hospitals. This may affect comparability of results for regional and remote areas"
Table3,2019-20,Qld,PHN,PHN305,Western Queensland,Regional,All persons,All-hours,All,Number total ED,30913,#,"Interpret with caution - Results only include data for formal public EDs, so does not include all emergency care provided by public hospitals. This may affect comparability of results for regional and remote areas"
Table3,2019-20,Qld,PHN,PHN305,Western Queensland,Regional,All persons,,TC4+5,Estimated resident population,63353,,
Table3,2019-20,Qld,PHN,PHN306,"Central Queensland, Wide Bay, Sunshine Coast",Regional,All persons,All-hours,TC4+5,"All-hours lower urgency ED, per 1,000 population, age-standardised",123.5,#,"Interpret with caution - Results only include data for formal public EDs, so does not include all emergency care provided by public hospitals. This may affect comparability of results for regional and remote areas"
Table3,2019-20,Qld,PHN,PHN306,"Central Queensland, Wide Bay, Sunshine Coast",Regional,All persons,In-hours,TC4+5,"In-hours lower urgency ED, per 1,000 population, age-standardised",70.6,#,"Interpret with caution - Results only include data for formal public EDs, so does not include all emergency care provided by public hospitals. This may affect comparability of results for regional and remote areas"
Table3,2019-20,Qld,PHN,PHN306,"Central Queensland, Wide Bay, Sunshine Coast",Regional,All persons,After-hours,TC4+5,"After-hours lower urgency ED, per 1,000 population, age-standardised",52.9,#,"Interpret with caution - Results only include data for formal public EDs, so does not include all emergency care provided by public hospitals. This may affect comparability of results for regional and remote areas"
Table3,2019-20,Qld,PHN,PHN306,"Central Queensland, Wide Bay, Sunshine Coast",Regional,All persons,All-hours,TC4+5,Number all-hours lower urgency ED,101367,#,"Interpret with caution - Results only include data for formal public EDs, so does not include all emergency care provided by public hospitals. This may affect comparability of results for regional and remote areas"
Table3,2019-20,Qld,PHN,PHN306,"Central Queensland, Wide Bay, Sunshine Coast",Regional,All persons,All-hours,All,Number total ED,335863,#,"Interpret with caution - Results only include data for formal public EDs, so does not include all emergency care provided by public hospitals. This may affect comparability of results for regional and remote areas"
Table3,2019-20,Qld,PHN,PHN306,"Central Queensland, Wide Bay, Sunshine Coast",Regional,All persons,,TC4+5,Estimated resident population,881788,,
Table3,2019-20,Qld,PHN,PHN307,Northern Queensland,Regional,All persons,All-hours,TC4+5,"All-hours lower urgency ED, per 1,000 population, age-standardised",73.5,#,"Interpret with caution - Results only include data for formal public EDs, so does not include all emergency care provided by public hospitals. This may affect comparability of results for regional and remote areas"
Table3,2019-20,Qld,PHN,PHN307,Northern Queensland,Regional,All persons,In-hours,TC4+5,"In-hours lower urgency ED, per 1,000 population, age-standardised",40,#,"Interpret with caution - Results only include data for formal public EDs, so does not include all emergency care provided by public hospitals. This may affect comparability of results for regional and remote areas"
Table3,2019-20,Qld,PHN,PHN307,Northern Queensland,Regional,All persons,After-hours,TC4+5,"After-hours lower urgency ED, per 1,000 population, age-standardised",33.6,#,"Interpret with caution - Results only include data for formal public EDs, so does not include all emergency care provided by public hospitals. This may affect comparability of results for regional and remote areas"
Table3,2019-20,Qld,PHN,PHN307,Northern Queensland,Regional,All persons,All-hours,TC4+5,Number all-hours lower urgency ED,50575,#,"Interpret with caution - Results only include data for formal public EDs, so does not include all emergency care provided by public hospitals. This may affect comparability of results for regional and remote areas"
Table3,2019-20,Qld,PHN,PHN307,Northern Queensland,Regional,All persons,All-hours,All,Number total ED,205964,#,"Interpret with caution - Results only include data for formal public EDs, so does not include all emergency care provided by public hospitals. This may affect comparability of results for regional and remote areas"
Table3,2019-20,Qld,PHN,PHN307,Northern Queensland,Regional,All persons,,TC4+5,Estimated resident population,702974,,
Table3,2019-20,SA,PHN,PHN401,Adelaide,Metropolitan,All persons,All-hours,TC4+5,"All-hours lower urgency ED, per 1,000 population, age-standardised",81,,
Table3,2019-20,SA,PHN,PHN401,Adelaide,Metropolitan,All persons,In-hours,TC4+5,"In-hours lower urgency ED, per 1,000 population, age-standardised",42.1,,
Table3,2019-20,SA,PHN,PHN401,Adelaide,Metropolitan,All persons,After-hours,TC4+5,"After-hours lower urgency ED, per 1,000 population, age-standardised",38.9,,
Table3,2019-20,SA,PHN,PHN401,Adelaide,Metropolitan,All persons,All-hours,TC4+5,Number all-hours lower urgency ED,97373,,
Table3,2019-20,SA,PHN,PHN401,Adelaide,Metropolitan,All persons,All-hours,All,Number total ED,373787,,
Table3,2019-20,SA,PHN,PHN401,Adelaide,Metropolitan,All persons,,TC4+5,Estimated resident population,1258391,,
Table3,2019-20,SA,PHN,PHN402,Country SA,Regional,All persons,All-hours,TC4+5,"All-hours lower urgency ED, per 1,000 population, age-standardised",126.7,#,"Interpret with caution - Results only include data for formal public EDs, so does not include all emergency care provided by public hospitals. This may affect comparability of results for regional and remote areas"
Table3,2019-20,SA,PHN,PHN402,Country SA,Regional,All persons,In-hours,TC4+5,"In-hours lower urgency ED, per 1,000 population, age-standardised",61.9,#,"Interpret with caution - Results only include data for formal public EDs, so does not include all emergency care provided by public hospitals. This may affect comparability of results for regional and remote areas"
Table3,2019-20,SA,PHN,PHN402,Country SA,Regional,All persons,After-hours,TC4+5,"After-hours lower urgency ED, per 1,000 population, age-standardised",64.8,#,"Interpret with caution - Results only include data for formal public EDs, so does not include all emergency care provided by public hospitals. This may affect comparability of results for regional and remote areas"
Table3,2019-20,SA,PHN,PHN402,Country SA,Regional,All persons,All-hours,TC4+5,Number all-hours lower urgency ED,59594,#,"Interpret with caution - Results only include data for formal public EDs, so does not include all emergency care provided by public hospitals. This may affect comparability of results for regional and remote areas"
Table3,2019-20,SA,PHN,PHN402,Country SA,Regional,All persons,All-hours,All,Number total ED,158322,#,"Interpret with caution - Results only include data for formal public EDs, so does not include all emergency care provided by public hospitals. This may affect comparability of results for regional and remote areas"
Table3,2019-20,SA,PHN,PHN402,Country SA,Regional,All persons,,TC4+5,Estimated resident population,509004,,
Table3,2019-20,Tas,PHN,PHN601,Tasmania,Regional,All persons,All-hours,TC4+5,"All-hours lower urgency ED, per 1,000 population, age-standardised",108.2,#,"Interpret with caution - Results only include data for formal public EDs, so does not include all emergency care provided by public hospitals. This may affect comparability of results for regional and remote areas"
Table3,2019-20,Tas,PHN,PHN601,Tasmania,Regional,All persons,In-hours,TC4+5,"In-hours lower urgency ED, per 1,000 population, age-standardised",60.6,#,"Interpret with caution - Results only include data for formal public EDs, so does not include all emergency care provided by public hospitals. This may affect comparability of results for regional and remote areas"
Table3,2019-20,Tas,PHN,PHN601,Tasmania,Regional,All persons,After-hours,TC4+5,"After-hours lower urgency ED, per 1,000 population, age-standardised",47.6,#,"Interpret with caution - Results only include data for formal public EDs, so does not include all emergency care provided by public hospitals. This may affect comparability of results for regional and remote areas"
Table3,2019-20,Tas,PHN,PHN601,Tasmania,Regional,All persons,All-hours,TC4+5,Number all-hours lower urgency ED,55483,#,"Interpret with caution - Results only include data for formal public EDs, so does not include all emergency care provided by public hospitals. This may affect comparability of results for regional and remote areas"
Table3,2019-20,Tas,PHN,PHN601,Tasmania,Regional,All persons,All-hours,All,Number total ED,153017,#,"Interpret with caution - Results only include data for formal public EDs, so does not include all emergency care provided by public hospitals. This may affect comparability of results for regional and remote areas"
Table3,2019-20,Tas,PHN,PHN601,Tasmania,Regional,All persons,,TC4+5,Estimated resident population,547841,,
Table3,2019-20,Vic,PHN,PHN201,North Western Melbourne,Metropolitan,All persons,All-hours,TC4+5,"All-hours lower urgency ED, per 1,000 population, age-standardised",88,,
Table3,2019-20,Vic,PHN,PHN201,North Western Melbourne,Metropolitan,All persons,In-hours,TC4+5,"In-hours lower urgency ED, per 1,000 population, age-standardised",45.7,,
Table3,2019-20,Vic,PHN,PHN201,North Western Melbourne,Metropolitan,All persons,After-hours,TC4+5,"After-hours lower urgency ED, per 1,000 population, age-standardised",42.3,,
Table3,2019-20,Vic,PHN,PHN201,North Western Melbourne,Metropolitan,All persons,All-hours,TC4+5,Number all-hours lower urgency ED,163287,,
Table3,2019-20,Vic,PHN,PHN201,North Western Melbourne,Metropolitan,All persons,All-hours,All,Number total ED,466860,,
Table3,2019-20,Vic,PHN,PHN201,North Western Melbourne,Metropolitan,All persons,,TC4+5,Estimated resident population,1850400,,
Table3,2019-20,Vic,PHN,PHN202,Eastern Melbourne,Metropolitan,All persons,All-hours,TC4+5,"All-hours lower urgency ED, per 1,000 population, age-standardised",70.8,,
Table3,2019-20,Vic,PHN,PHN202,Eastern Melbourne,Metropolitan,All persons,In-hours,TC4+5,"In-hours lower urgency ED, per 1,000 population, age-standardised",37.2,,
Table3,2019-20,Vic,PHN,PHN202,Eastern Melbourne,Metropolitan,All persons,After-hours,TC4+5,"After-hours lower urgency ED, per 1,000 population, age-standardised",33.7,,
Table3,2019-20,Vic,PHN,PHN202,Eastern Melbourne,Metropolitan,All persons,All-hours,TC4+5,Number all-hours lower urgency ED,107251,,
Table3,2019-20,Vic,PHN,PHN202,Eastern Melbourne,Metropolitan,All persons,All-hours,All,Number total ED,351892,,
Table3,2019-20,Vic,PHN,PHN202,Eastern Melbourne,Metropolitan,All persons,,TC4+5,Estimated resident population,1559269,,
Table3,2019-20,Vic,PHN,PHN203,South Eastern Melbourne,Metropolitan,All persons,All-hours,TC4+5,"All-hours lower urgency ED, per 1,000 population, age-standardised",66.2,,
Table3,2019-20,Vic,PHN,PHN203,South Eastern Melbourne,Metropolitan,All persons,In-hours,TC4+5,"In-hours lower urgency ED, per 1,000 population, age-standardised",34.2,,
Table3,2019-20,Vic,PHN,PHN203,South Eastern Melbourne,Metropolitan,All persons,After-hours,TC4+5,"After-hours lower urgency ED, per 1,000 population, age-standardised",32,,
Table3,2019-20,Vic,PHN,PHN203,South Eastern Melbourne,Metropolitan,All persons,All-hours,TC4+5,Number all-hours lower urgency ED,103916,,
Table3,2019-20,Vic,PHN,PHN203,South Eastern Melbourne,Metropolitan,All persons,All-hours,All,Number total ED,382967,,
Table3,2019-20,Vic,PHN,PHN203,South Eastern Melbourne,Metropolitan,All persons,,TC4+5,Estimated resident population,1596788,,
Table3,2019-20,Vic,PHN,PHN204,Gippsland,Regional,All persons,All-hours,TC4+5,"All-hours lower urgency ED, per 1,000 population, age-standardised",189.8,#,"Interpret with caution - Results only include data for formal public EDs, so does not include all emergency care provided by public hospitals. This may affect comparability of results for regional and remote areas"
Table3,2019-20,Vic,PHN,PHN204,Gippsland,Regional,All persons,In-hours,TC4+5,"In-hours lower urgency ED, per 1,000 population, age-standardised",104,#,"Interpret with caution - Results only include data for formal public EDs, so does not include all emergency care provided by public hospitals. This may affect comparability of results for regional and remote areas"
Table3,2019-20,Vic,PHN,PHN204,Gippsland,Regional,All persons,After-hours,TC4+5,"After-hours lower urgency ED, per 1,000 population, age-standardised",85.9,#,"Interpret with caution - Results only include data for formal public EDs, so does not include all emergency care provided by public hospitals. This may affect comparability of results for regional and remote areas"
Table3,2019-20,Vic,PHN,PHN204,Gippsland,Regional,All persons,All-hours,TC4+5,Number all-hours lower urgency ED,50952,#,"Interpret with caution - Results only include data for formal public EDs, so does not include all emergency care provided by public hospitals. This may affect comparability of results for regional and remote areas"
Table3,2019-20,Vic,PHN,PHN204,Gippsland,Regional,All persons,All-hours,All,Number total ED,123383,#,"Interpret with caution - Results only include data for formal public EDs, so does not include all emergency care provided by public hospitals. This may affect comparability of results for regional and remote areas"
Table3,2019-20,Vic,PHN,PHN204,Gippsland,Regional,All persons,,TC4+5,Estimated resident population,289830,,
Table3,2019-20,Vic,PHN,PHN206,Western Victoria,Regional,All persons,All-hours,TC4+5,"All-hours lower urgency ED, per 1,000 population, age-standardised",93.2,#,"Interpret with caution - Results only include data for formal public EDs, so does not include all emergency care provided by public hospitals. This may affect comparability of results for regional and remote areas"
Table3,2019-20,Vic,PHN,PHN206,Western Victoria,Regional,All persons,In-hours,TC4+5,"In-hours lower urgency ED, per 1,000 population, age-standardised",49,#,"Interpret with caution - Results only include data for formal public EDs, so does not include all emergency care provided by public hospitals. This may affect comparability of results for regional and remote areas"
Table3,2019-20,Vic,PHN,PHN206,Western Victoria,Regional,All persons,After-hours,TC4+5,"After-hours lower urgency ED, per 1,000 population, age-standardised",44.2,#,"Interpret with caution - Results only include data for formal public EDs, so does not include all emergency care provided by public hospitals. This may affect comparability of results for regional and remote areas"
Table3,2019-20,Vic,PHN,PHN206,Western Victoria,Regional,All persons,All-hours,TC4+5,Number all-hours lower urgency ED,59014,#,"Interpret with caution - Results only include data for formal public EDs, so does not include all emergency care provided by public hospitals. This may affect comparability of results for regional and remote areas"
Table3,2019-20,Vic,PHN,PHN206,Western Victoria,Regional,All persons,All-hours,All,Number total ED,183948,#,"Interpret with caution - Results only include data for formal public EDs, so does not include all emergency care provided by public hospitals. This may affect comparability of results for regional and remote areas"
Table3,2019-20,Vic,PHN,PHN206,Western Victoria,Regional,All persons,,TC4+5,Estimated resident population,667192,,
Table3,2019-20,Vic/NSW,PHN,PHN205,Murray,Regional,All persons,All-hours,TC4+5,"All-hours lower urgency ED, per 1,000 population, age-standardised",164.7,#,"Interpret with caution - Results only include data for formal public EDs, so does not include all emergency care provided by public hospitals. This may affect comparability of results for regional and remote areas"
Table3,2019-20,Vic/NSW,PHN,PHN205,Murray,Regional,All persons,In-hours,TC4+5,"In-hours lower urgency ED, per 1,000 population, age-standardised",87.8,#,"Interpret with caution - Results only include data for formal public EDs, so does not include all emergency care provided by public hospitals. This may affect comparability of results for regional and remote areas"
Table3,2019-20,Vic/NSW,PHN,PHN205,Murray,Regional,All persons,After-hours,TC4+5,"After-hours lower urgency ED, per 1,000 population, age-standardised",76.9,#,"Interpret with caution - Results only include data for formal public EDs, so does not include all emergency care provided by public hospitals. This may affect comparability of results for regional and remote areas"
Table3,2019-20,Vic/NSW,PHN,PHN205,Murray,Regional,All persons,All-hours,TC4+5,Number all-hours lower urgency ED,97203,#,"Interpret with caution - Results only include data for formal public EDs, so does not include all emergency care provided by public hospitals. This may affect comparability of results for regional and remote areas"
Table3,2019-20,Vic/NSW,PHN,PHN205,Murray,Regional,All persons,All-hours,All,Number total ED,246657,#,"Interpret with caution - Results only include data for formal public EDs, so does not include all emergency care provided by public hospitals. This may affect comparability of results for regional and remote areas"
Table3,2019-20,Vic/NSW,PHN,PHN205,Murray,Regional,All persons,,TC4+5,Estimated resident population,628467,,
Table3,2019-20,WA,PHN,PHN501,Perth North,Metropolitan,All persons,All-hours,TC4+5,"All-hours lower urgency ED, per 1,000 population, age-standardised",101.4,,
Table3,2019-20,WA,PHN,PHN501,Perth North,Metropolitan,All persons,In-hours,TC4+5,"In-hours lower urgency ED, per 1,000 population, age-standardised",54,,
Table3,2019-20,WA,PHN,PHN501,Perth North,Metropolitan,All persons,After-hours,TC4+5,"After-hours lower urgency ED, per 1,000 population, age-standardised",47.4,,
Table3,2019-20,WA,PHN,PHN501,Perth North,Metropolitan,All persons,All-hours,TC4+5,Number all-hours lower urgency ED,108645,,
Table3,2019-20,WA,PHN,PHN501,Perth North,Metropolitan,All persons,All-hours,All,Number total ED,308739,,
Table3,2019-20,WA,PHN,PHN501,Perth North,Metropolitan,All persons,,TC4+5,Estimated resident population,1097442,,
Table3,2019-20,WA,PHN,PHN502,Perth South,Metropolitan,All persons,All-hours,TC4+5,"All-hours lower urgency ED, per 1,000 population, age-standardised",111.8,,
Table3,2019-20,WA,PHN,PHN502,Perth South,Metropolitan,All persons,In-hours,TC4+5,"In-hours lower urgency ED, per 1,000 population, age-standardised",58.8,,
Table3,2019-20,WA,PHN,PHN502,Perth South,Metropolitan,All persons,After-hours,TC4+5,"After-hours lower urgency ED, per 1,000 population, age-standardised",53,,
Table3,2019-20,WA,PHN,PHN502,Perth South,Metropolitan,All persons,All-hours,TC4+5,Number all-hours lower urgency ED,113043,,
Table3,2019-20,WA,PHN,PHN502,Perth South,Metropolitan,All persons,All-hours,All,Number total ED,312282,,
Table3,2019-20,WA,PHN,PHN502,Perth South,Metropolitan,All persons,,TC4+5,Estimated resident population,1024082,,
Table3,2019-20,WA,PHN,PHN503,Country WA,Regional,All persons,All-hours,TC4+5,"All-hours lower urgency ED, per 1,000 population, age-standardised",273.9,#,"Interpret with caution - Results only include data for formal public EDs, so does not include all emergency care provided by public hospitals. This may affect comparability of results for regional and remote areas"
Table3,2019-20,WA,PHN,PHN503,Country WA,Regional,All persons,In-hours,TC4+5,"In-hours lower urgency ED, per 1,000 population, age-standardised",163.3,#,"Interpret with caution - Results only include data for formal public EDs, so does not include all emergency care provided by public hospitals. This may affect comparability of results for regional and remote areas"
Table3,2019-20,WA,PHN,PHN503,Country WA,Regional,All persons,After-hours,TC4+5,"After-hours lower urgency ED, per 1,000 population, age-standardised",110.6,#,"Interpret with caution - Results only include data for formal public EDs, so does not include all emergency care provided by public hospitals. This may affect comparability of results for regional and remote areas"
Table3,2019-20,WA,PHN,PHN503,Country WA,Regional,All persons,All-hours,TC4+5,Number all-hours lower urgency ED,142276,#,"Interpret with caution - Results only include data for formal public EDs, so does not include all emergency care provided by public hospitals. This may affect comparability of results for regional and remote areas"
Table3,2019-20,WA,PHN,PHN503,Country WA,Regional,All persons,All-hours,All,Number total ED,285600,#,"Interpret with caution - Results only include data for formal public EDs, so does not include all emergency care provided by public hospitals. This may affect comparability of results for regional and remote areas"
Table3,2019-20,WA,PHN,PHN503,Country WA,Regional,All persons,,TC4+5,Estimated resident population,540492,,
Table3,2020-21,,PHN,003MET,Metropolitan,Metropolitan,All persons,All-hours,TC4+5,"All-hours lower urgency ED, per 1,000 population, age-standardised",101.7,,
Table3,2020-21,,PHN,003MET,Metropolitan,Metropolitan,All persons,In-hours,TC4+5,"In-hours lower urgency ED, per 1,000 population, age-standardised",56.7,,
Table3,2020-21,,PHN,003MET,Metropolitan,Metropolitan,All persons,After-hours,TC4+5,"After-hours lower urgency ED, per 1,000 population, age-standardised",45,,
Table3,2020-21,,PHN,003MET,Metropolitan,Metropolitan,All persons,All-hours,TC4+5,Number all-hours lower urgency ED,1679436,,
Table3,2020-21,,PHN,003MET,Metropolitan,Metropolitan,All persons,All-hours,All,Number total ED,4917621,,
Table3,2020-21,,PHN,003MET,Metropolitan,Metropolitan,All persons,,TC4+5,Estimated resident population,16874195,,
Table3,2020-21,,PHN,003REG,Regional,Regional,All persons,All-hours,TC4+5,"All-hours lower urgency ED, per 1,000 population, age-standardised",176.7,#,"Interpret with caution - Results only include data for formal public EDs, so does not include all emergency care provided by public hospitals. This may affect comparability of results for regional and remote areas"
Table3,2020-21,,PHN,003REG,Regional,Regional,All persons,In-hours,TC4+5,"In-hours lower urgency ED, per 1,000 population, age-standardised",101.4,#,"Interpret with caution - Results only include data for formal public EDs, so does not include all emergency care provided by public hospitals. This may affect comparability of results for regional and remote areas"
Table3,2020-21,,PHN,003REG,Regional,Regional,All persons,After-hours,TC4+5,"After-hours lower urgency ED, per 1,000 population, age-standardised",75.3,#,"Interpret with caution - Results only include data for formal public EDs, so does not include all emergency care provided by public hospitals. This may affect comparability of results for regional and remote areas"
Table3,2020-21,,PHN,003REG,Regional,Regional,All persons,All-hours,TC4+5,Number all-hours lower urgency ED,1469517,#,"Interpret with caution - Results only include data for formal public EDs, so does not include all emergency care provided by public hospitals. This may affect comparability of results for regional and remote areas"
Table3,2020-21,,PHN,003REG,Regional,Regional,All persons,All-hours,All,Number total ED,3777244,#,"Interpret with caution - Results only include data for formal public EDs, so does not include all emergency care provided by public hospitals. This may affect comparability of results for regional and remote areas"
Table3,2020-21,,PHN,003REG,Regional,Regional,All persons,,TC4+5,Estimated resident population,8774479,,
Table3,2020-21,ACT,PHN,PHN801,Australian Capital Territory,Metropolitan,All persons,All-hours,TC4+5,"All-hours lower urgency ED, per 1,000 population, age-standardised",117.3,,
Table3,2020-21,ACT,PHN,PHN801,Australian Capital Territory,Metropolitan,All persons,In-hours,TC4+5,"In-hours lower urgency ED, per 1,000 population, age-standardised",63.6,,
Table3,2020-21,ACT,PHN,PHN801,Australian Capital Territory,Metropolitan,All persons,After-hours,TC4+5,"After-hours lower urgency ED, per 1,000 population, age-standardised",53.7,,
Table3,2020-21,ACT,PHN,PHN801,Australian Capital Territory,Metropolitan,All persons,All-hours,TC4+5,Number all-hours lower urgency ED,51754,,
Table3,2020-21,ACT,PHN,PHN801,Australian Capital Territory,Metropolitan,All persons,All-hours,All,Number total ED,143979,,
Table3,2020-21,ACT,PHN,PHN801,Australian Capital Territory,Metropolitan,All persons,,TC4+5,Estimated resident population,444903,,
Table3,2020-21,NSW,PHN,PHN101,Central and Eastern Sydney,Metropolitan,All persons,All-hours,TC4+5,"All-hours lower urgency ED, per 1,000 population, age-standardised",99.6,,
Table3,2020-21,NSW,PHN,PHN101,Central and Eastern Sydney,Metropolitan,All persons,In-hours,TC4+5,"In-hours lower urgency ED, per 1,000 population, age-standardised",53.1,,
Table3,2020-21,NSW,PHN,PHN101,Central and Eastern Sydney,Metropolitan,All persons,After-hours,TC4+5,"After-hours lower urgency ED, per 1,000 population, age-standardised",46.5,,
Table3,2020-21,NSW,PHN,PHN101,Central and Eastern Sydney,Metropolitan,All persons,All-hours,TC4+5,Number all-hours lower urgency ED,148791,,
Table3,2020-21,NSW,PHN,PHN101,Central and Eastern Sydney,Metropolitan,All persons,All-hours,All,Number total ED,438388,,
Table3,2020-21,NSW,PHN,PHN101,Central and Eastern Sydney,Metropolitan,All persons,,TC4+5,Estimated resident population,1589688,,
Table3,2020-21,NSW,PHN,PHN102,Northern Sydney,Metropolitan,All persons,All-hours,TC4+5,"All-hours lower urgency ED, per 1,000 population, age-standardised",149,,
Table3,2020-21,NSW,PHN,PHN102,Northern Sydney,Metropolitan,All persons,In-hours,TC4+5,"In-hours lower urgency ED, per 1,000 population, age-standardised",91.9,,
Table3,2020-21,NSW,PHN,PHN102,Northern Sydney,Metropolitan,All persons,After-hours,TC4+5,"After-hours lower urgency ED, per 1,000 population, age-standardised",57,,
Table3,2020-21,NSW,PHN,PHN102,Northern Sydney,Metropolitan,All persons,All-hours,TC4+5,Number all-hours lower urgency ED,135150,,
Table3,2020-21,NSW,PHN,PHN102,Northern Sydney,Metropolitan,All persons,All-hours,All,Number total ED,279927,,
Table3,2020-21,NSW,PHN,PHN102,Northern Sydney,Metropolitan,All persons,,TC4+5,Estimated resident population,941294,,
Table3,2020-21,NSW,PHN,PHN103,Western Sydney,Metropolitan,All persons,All-hours,TC4+5,"All-hours lower urgency ED, per 1,000 population, age-standardised",76.9,,
Table3,2020-21,NSW,PHN,PHN103,Western Sydney,Metropolitan,All persons,In-hours,TC4+5,"In-hours lower urgency ED, per 1,000 population, age-standardised",38.9,,
Table3,2020-21,NSW,PHN,PHN103,Western Sydney,Metropolitan,All persons,After-hours,TC4+5,"After-hours lower urgency ED, per 1,000 population, age-standardised",38,,
Table3,2020-21,NSW,PHN,PHN103,Western Sydney,Metropolitan,All persons,All-hours,TC4+5,Number all-hours lower urgency ED,81865,,
Table3,2020-21,NSW,PHN,PHN103,Western Sydney,Metropolitan,All persons,All-hours,All,Number total ED,261149,,
Table3,2020-21,NSW,PHN,PHN103,Western Sydney,Metropolitan,All persons,,TC4+5,Estimated resident population,1051917,,
Table3,2020-21,NSW,PHN,PHN104,Nepean Blue Mountains,Metropolitan,All persons,All-hours,TC4+5,"All-hours lower urgency ED, per 1,000 population, age-standardised",127.6,,
Table3,2020-21,NSW,PHN,PHN104,Nepean Blue Mountains,Metropolitan,All persons,In-hours,TC4+5,"In-hours lower urgency ED, per 1,000 population, age-standardised",68.2,,
Table3,2020-21,NSW,PHN,PHN104,Nepean Blue Mountains,Metropolitan,All persons,After-hours,TC4+5,"After-hours lower urgency ED, per 1,000 population, age-standardised",59.4,,
Table3,2020-21,NSW,PHN,PHN104,Nepean Blue Mountains,Metropolitan,All persons,All-hours,TC4+5,Number all-hours lower urgency ED,48491,,
Table3,2020-21,NSW,PHN,PHN104,Nepean Blue Mountains,Metropolitan,All persons,All-hours,All,Number total ED,132794,,
Table3,2020-21,NSW,PHN,PHN104,Nepean Blue Mountains,Metropolitan,All persons,,TC4+5,Estimated resident population,384435,,
Table3,2020-21,NSW,PHN,PHN105,South Western Sydney,Metropolitan,All persons,All-hours,TC4+5,"All-hours lower urgency ED, per 1,000 population, age-standardised",87.3,,
Table3,2020-21,NSW,PHN,PHN105,South Western Sydney,Metropolitan,All persons,In-hours,TC4+5,"In-hours lower urgency ED, per 1,000 population, age-standardised",44.3,,
Table3,2020-21,NSW,PHN,PHN105,South Western Sydney,Metropolitan,All persons,After-hours,TC4+5,"After-hours lower urgency ED, per 1,000 population, age-standardised",43,,
Table3,2020-21,NSW,PHN,PHN105,South Western Sydney,Metropolitan,All persons,All-hours,TC4+5,Number all-hours lower urgency ED,91849,,
Table3,2020-21,NSW,PHN,PHN105,South Western Sydney,Metropolitan,All persons,All-hours,All,Number total ED,314133,,
Table3,2020-21,NSW,PHN,PHN105,South Western Sydney,Metropolitan,All persons,,TC4+5,Estimated resident population,1053636,,
Table3,2020-21,NSW,PHN,PHN106,South Eastern NSW,Regional,All persons,All-hours,TC4+5,"All-hours lower urgency ED, per 1,000 population, age-standardised",188.5,#,"Interpret with caution - Results only include data for formal public EDs, so does not include all emergency care provided by public hospitals. This may affect comparability of results for regional and remote areas"
Table3,2020-21,NSW,PHN,PHN106,South Eastern NSW,Regional,All persons,In-hours,TC4+5,"In-hours lower urgency ED, per 1,000 population, age-standardised",107,#,"Interpret with caution - Results only include data for formal public EDs, so does not include all emergency care provided by public hospitals. This may affect comparability of results for regional and remote areas"
Table3,2020-21,NSW,PHN,PHN106,South Eastern NSW,Regional,All persons,After-hours,TC4+5,"After-hours lower urgency ED, per 1,000 population, age-standardised",81.4,#,"Interpret with caution - Results only include data for formal public EDs, so does not include all emergency care provided by public hospitals. This may affect comparability of results for regional and remote areas"
Table3,2020-21,NSW,PHN,PHN106,South Eastern NSW,Regional,All persons,All-hours,TC4+5,Number all-hours lower urgency ED,114507,#,"Interpret with caution - Results only include data for formal public EDs, so does not include all emergency care provided by public hospitals. This may affect comparability of results for regional and remote areas"
Table3,2020-21,NSW,PHN,PHN106,South Eastern NSW,Regional,All persons,All-hours,All,Number total ED,285753,#,"Interpret with caution - Results only include data for formal public EDs, so does not include all emergency care provided by public hospitals. This may affect comparability of results for regional and remote areas"
Table3,2020-21,NSW,PHN,PHN106,South Eastern NSW,Regional,All persons,,TC4+5,Estimated resident population,637157,,
Table3,2020-21,NSW,PHN,PHN107,Western NSW,Regional,All persons,All-hours,TC4+5,"All-hours lower urgency ED, per 1,000 population, age-standardised",407.9,#,"Interpret with caution - Results only include data for formal public EDs, so does not include all emergency care provided by public hospitals. This may affect comparability of results for regional and remote areas"
Table3,2020-21,NSW,PHN,PHN107,Western NSW,Regional,All persons,In-hours,TC4+5,"In-hours lower urgency ED, per 1,000 population, age-standardised",252.9,#,"Interpret with caution - Results only include data for formal public EDs, so does not include all emergency care provided by public hospitals. This may affect comparability of results for regional and remote areas"
Table3,2020-21,NSW,PHN,PHN107,Western NSW,Regional,All persons,After-hours,TC4+5,"After-hours lower urgency ED, per 1,000 population, age-standardised",155,#,"Interpret with caution - Results only include data for formal public EDs, so does not include all emergency care provided by public hospitals. This may affect comparability of results for regional and remote areas"
Table3,2020-21,NSW,PHN,PHN107,Western NSW,Regional,All persons,All-hours,TC4+5,Number all-hours lower urgency ED,122308,#,"Interpret with caution - Results only include data for formal public EDs, so does not include all emergency care provided by public hospitals. This may affect comparability of results for regional and remote areas"
Table3,2020-21,NSW,PHN,PHN107,Western NSW,Regional,All persons,All-hours,All,Number total ED,253520,#,"Interpret with caution - Results only include data for formal public EDs, so does not include all emergency care provided by public hospitals. This may affect comparability of results for regional and remote areas"
Table3,2020-21,NSW,PHN,PHN107,Western NSW,Regional,All persons,,TC4+5,Estimated resident population,312050,,
Table3,2020-21,NSW,PHN,PHN108,Hunter New England and Central Coast,Regional,All persons,All-hours,TC4+5,"All-hours lower urgency ED, per 1,000 population, age-standardised",217.3,#,"Interpret with caution - Results only include data for formal public EDs, so does not include all emergency care provided by public hospitals. This may affect comparability of results for regional and remote areas"
Table3,2020-21,NSW,PHN,PHN108,Hunter New England and Central Coast,Regional,All persons,In-hours,TC4+5,"In-hours lower urgency ED, per 1,000 population, age-standardised",122.1,#,"Interpret with caution - Results only include data for formal public EDs, so does not include all emergency care provided by public hospitals. This may affect comparability of results for regional and remote areas"
Table3,2020-21,NSW,PHN,PHN108,Hunter New England and Central Coast,Regional,All persons,After-hours,TC4+5,"After-hours lower urgency ED, per 1,000 population, age-standardised",95.2,#,"Interpret with caution - Results only include data for formal public EDs, so does not include all emergency care provided by public hospitals. This may affect comparability of results for regional and remote areas"
Table3,2020-21,NSW,PHN,PHN108,Hunter New England and Central Coast,Regional,All persons,All-hours,TC4+5,Number all-hours lower urgency ED,267980,#,"Interpret with caution - Results only include data for formal public EDs, so does not include all emergency care provided by public hospitals. This may affect comparability of results for regional and remote areas"
Table3,2020-21,NSW,PHN,PHN108,Hunter New England and Central Coast,Regional,All persons,All-hours,All,Number total ED,601579,#,"Interpret with caution - Results only include data for formal public EDs, so does not include all emergency care provided by public hospitals. This may affect comparability of results for regional and remote areas"
Table3,2020-21,NSW,PHN,PHN108,Hunter New England and Central Coast,Regional,All persons,,TC4+5,Estimated resident population,1300311,,
Table3,2020-21,NSW,PHN,PHN109,North Coast,Regional,All persons,All-hours,TC4+5,"All-hours lower urgency ED, per 1,000 population, age-standardised",284.6,#,"Interpret with caution - Results only include data for formal public EDs, so does not include all emergency care provided by public hospitals. This may affect comparability of results for regional and remote areas"
Table3,2020-21,NSW,PHN,PHN109,North Coast,Regional,All persons,In-hours,TC4+5,"In-hours lower urgency ED, per 1,000 population, age-standardised",168.1,#,"Interpret with caution - Results only include data for formal public EDs, so does not include all emergency care provided by public hospitals. This may affect comparability of results for regional and remote areas"
Table3,2020-21,NSW,PHN,PHN109,North Coast,Regional,All persons,After-hours,TC4+5,"After-hours lower urgency ED, per 1,000 population, age-standardised",116.5,#,"Interpret with caution - Results only include data for formal public EDs, so does not include all emergency care provided by public hospitals. This may affect comparability of results for regional and remote areas"
Table3,2020-21,NSW,PHN,PHN109,North Coast,Regional,All persons,All-hours,TC4+5,Number all-hours lower urgency ED,138583,#,"Interpret with caution - Results only include data for formal public EDs, so does not include all emergency care provided by public hospitals. This may affect comparability of results for regional and remote areas"
Table3,2020-21,NSW,PHN,PHN109,North Coast,Regional,All persons,All-hours,All,Number total ED,325696,#,"Interpret with caution - Results only include data for formal public EDs, so does not include all emergency care provided by public hospitals. This may affect comparability of results for regional and remote areas"
Table3,2020-21,NSW,PHN,PHN109,North Coast,Regional,All persons,,TC4+5,Estimated resident population,536762,,
Table3,2020-21,NSW,PHN,PHN110,Murrumbidgee,Regional,All persons,All-hours,TC4+5,"All-hours lower urgency ED, per 1,000 population, age-standardised",255.9,#,"Interpret with caution - Results only include data for formal public EDs, so does not include all emergency care provided by public hospitals. This may affect comparability of results for regional and remote areas"
Table3,2020-21,NSW,PHN,PHN110,Murrumbidgee,Regional,All persons,In-hours,TC4+5,"In-hours lower urgency ED, per 1,000 population, age-standardised",145.9,#,"Interpret with caution - Results only include data for formal public EDs, so does not include all emergency care provided by public hospitals. This may affect comparability of results for regional and remote areas"
Table3,2020-21,NSW,PHN,PHN110,Murrumbidgee,Regional,All persons,After-hours,TC4+5,"After-hours lower urgency ED, per 1,000 population, age-standardised",110,#,"Interpret with caution - Results only include data for formal public EDs, so does not include all emergency care provided by public hospitals. This may affect comparability of results for regional and remote areas"
Table3,2020-21,NSW,PHN,PHN110,Murrumbidgee,Regional,All persons,All-hours,TC4+5,Number all-hours lower urgency ED,61084,#,"Interpret with caution - Results only include data for formal public EDs, so does not include all emergency care provided by public hospitals. This may affect comparability of results for regional and remote areas"
Table3,2020-21,NSW,PHN,PHN110,Murrumbidgee,Regional,All persons,All-hours,All,Number total ED,146597,#,"Interpret with caution - Results only include data for formal public EDs, so does not include all emergency care provided by public hospitals. This may affect comparability of results for regional and remote areas"
Table3,2020-21,NSW,PHN,PHN110,Murrumbidgee,Regional,All persons,,TC4+5,Estimated resident population,247902,,
Table3,2020-21,NT,PHN,PHN701,Northern Territory,Regional,All persons,All-hours,TC4+5,"All-hours lower urgency ED, per 1,000 population, age-standardised",256.4,#,"Interpret with caution - Results only include data for formal public EDs, so does not include all emergency care provided by public hospitals. This may affect comparability of results for regional and remote areas"
Table3,2020-21,NT,PHN,PHN701,Northern Territory,Regional,All persons,In-hours,TC4+5,"In-hours lower urgency ED, per 1,000 population, age-standardised",153.5,#,"Interpret with caution - Results only include data for formal public EDs, so does not include all emergency care provided by public hospitals. This may affect comparability of results for regional and remote areas"
Table3,2020-21,NT,PHN,PHN701,Northern Territory,Regional,All persons,After-hours,TC4+5,"After-hours lower urgency ED, per 1,000 population, age-standardised",102.9,#,"Interpret with caution - Results only include data for formal public EDs, so does not include all emergency care provided by public hospitals. This may affect comparability of results for regional and remote areas"
Table3,2020-21,NT,PHN,PHN701,Northern Territory,Regional,All persons,All-hours,TC4+5,Number all-hours lower urgency ED,63736,#,"Interpret with caution - Results only include data for formal public EDs, so does not include all emergency care provided by public hospitals. This may affect comparability of results for regional and remote areas"
Table3,2020-21,NT,PHN,PHN701,Northern Territory,Regional,All persons,All-hours,All,Number total ED,172341,#,"Interpret with caution - Results only include data for formal public EDs, so does not include all emergency care provided by public hospitals. This may affect comparability of results for regional and remote areas"
Table3,2020-21,NT,PHN,PHN701,Northern Territory,Regional,All persons,,TC4+5,Estimated resident population,247413,,
Table3,2020-21,,NAT,001NAT,National,National,All persons,All-hours,TC4+5,"All-hours lower urgency ED, per 1,000 population, age-standardised",127.8,,
Table3,2020-21,,NAT,001NAT,National,National,All persons,In-hours,TC4+5,"In-hours lower urgency ED, per 1,000 population, age-standardised",72.3,,
Table3,2020-21,,NAT,001NAT,National,National,All persons,After-hours,TC4+5,"After-hours lower urgency ED, per 1,000 population, age-standardised",55.6,,
Table3,2020-21,,NAT,001NAT,National,National,All persons,All-hours,TC4+5,Number all-hours lower urgency ED,3187834,,
Table3,2020-21,,NAT,001NAT,National,National,All persons,All-hours,All,Number total ED,8808357,,
Table3,2020-21,,NAT,001NAT,National,National,All persons,,TC4+5,Estimated resident population,25649248,,
Table3,2020-21,Qld,PHN,PHN301,Brisbane North,Metropolitan,All persons,All-hours,TC4+5,"All-hours lower urgency ED, per 1,000 population, age-standardised",186,,
Table3,2020-21,Qld,PHN,PHN301,Brisbane North,Metropolitan,All persons,In-hours,TC4+5,"In-hours lower urgency ED, per 1,000 population, age-standardised",117.2,,
Table3,2020-21,Qld,PHN,PHN301,Brisbane North,Metropolitan,All persons,After-hours,TC4+5,"After-hours lower urgency ED, per 1,000 population, age-standardised",68.8,,
Table3,2020-21,Qld,PHN,PHN301,Brisbane North,Metropolitan,All persons,All-hours,TC4+5,Number all-hours lower urgency ED,193572,,
Table3,2020-21,Qld,PHN,PHN301,Brisbane North,Metropolitan,All persons,All-hours,All,Number total ED,436161,,
Table3,2020-21,Qld,PHN,PHN301,Brisbane North,Metropolitan,All persons,,TC4+5,Estimated resident population,1058666,,
Table3,2020-21,Qld,PHN,PHN302,Brisbane South,Metropolitan,All persons,All-hours,TC4+5,"All-hours lower urgency ED, per 1,000 population, age-standardised",84.8,,
Table3,2020-21,Qld,PHN,PHN302,Brisbane South,Metropolitan,All persons,In-hours,TC4+5,"In-hours lower urgency ED, per 1,000 population, age-standardised",46.4,,
Table3,2020-21,Qld,PHN,PHN302,Brisbane South,Metropolitan,All persons,After-hours,TC4+5,"After-hours lower urgency ED, per 1,000 population, age-standardised",38.5,,
Table3,2020-21,Qld,PHN,PHN302,Brisbane South,Metropolitan,All persons,All-hours,TC4+5,Number all-hours lower urgency ED,100564,,
Table3,2020-21,Qld,PHN,PHN302,Brisbane South,Metropolitan,All persons,All-hours,All,Number total ED,391326,,
Table3,2020-21,Qld,PHN,PHN302,Brisbane South,Metropolitan,All persons,,TC4+5,Estimated resident population,1201392,,
Table3,2020-21,Qld,PHN,PHN303,Gold Coast,Metropolitan,All persons,All-hours,TC4+5,"All-hours lower urgency ED, per 1,000 population, age-standardised",182.1,,
Table3,2020-21,Qld,PHN,PHN303,Gold Coast,Metropolitan,All persons,In-hours,TC4+5,"In-hours lower urgency ED, per 1,000 population, age-standardised",125.4,,
Table3,2020-21,Qld,PHN,PHN303,Gold Coast,Metropolitan,All persons,After-hours,TC4+5,"After-hours lower urgency ED, per 1,000 population, age-standardised",56.7,,
Table3,2020-21,Qld,PHN,PHN303,Gold Coast,Metropolitan,All persons,All-hours,TC4+5,Number all-hours lower urgency ED,113491,,
Table3,2020-21,Qld,PHN,PHN303,Gold Coast,Metropolitan,All persons,All-hours,All,Number total ED,262789,,
Table3,2020-21,Qld,PHN,PHN303,Gold Coast,Metropolitan,All persons,,TC4+5,Estimated resident population,641940,,
Table3,2020-21,Qld,PHN,PHN304,Darling Downs and West Moreton,Regional,All persons,All-hours,TC4+5,"All-hours lower urgency ED, per 1,000 population, age-standardised",53,#,"Interpret with caution - Results only include data for formal public EDs, so does not include all emergency care provided by public hospitals. This may affect comparability of results for regional and remote areas"
Table3,2020-21,Qld,PHN,PHN304,Darling Downs and West Moreton,Regional,All persons,In-hours,TC4+5,"In-hours lower urgency ED, per 1,000 population, age-standardised",28.8,#,"Interpret with caution - Results only include data for formal public EDs, so does not include all emergency care provided by public hospitals. This may affect comparability of results for regional and remote areas"
Table3,2020-21,Qld,PHN,PHN304,Darling Downs and West Moreton,Regional,All persons,After-hours,TC4+5,"After-hours lower urgency ED, per 1,000 population, age-standardised",24.2,#,"Interpret with caution - Results only include data for formal public EDs, so does not include all emergency care provided by public hospitals. This may affect comparability of results for regional and remote areas"
Table3,2020-21,Qld,PHN,PHN304,Darling Downs and West Moreton,Regional,All persons,All-hours,TC4+5,Number all-hours lower urgency ED,30572,#,"Interpret with caution - Results only include data for formal public EDs, so does not include all emergency care provided by public hospitals. This may affect comparability of results for regional and remote areas"
Table3,2020-21,Qld,PHN,PHN304,Darling Downs and West Moreton,Regional,All persons,All-hours,All,Number total ED,156032,#,"Interpret with caution - Results only include data for formal public EDs, so does not include all emergency care provided by public hospitals. This may affect comparability of results for regional and remote areas"
Table3,2020-21,Qld,PHN,PHN304,Darling Downs and West Moreton,Regional,All persons,,TC4+5,Estimated resident population,597345,,
Table3,2020-21,Qld,PHN,PHN305,Western Queensland,Regional,All persons,All-hours,TC4+5,"All-hours lower urgency ED, per 1,000 population, age-standardised",269.6,#,"Interpret with caution - Results only include data for formal public EDs, so does not include all emergency care provided by public hospitals. This may affect comparability of results for regional and remote areas"
Table3,2020-21,Qld,PHN,PHN305,Western Queensland,Regional,All persons,In-hours,TC4+5,"In-hours lower urgency ED, per 1,000 population, age-standardised",171.5,#,"Interpret with caution - Results only include data for formal public EDs, so does not include all emergency care provided by public hospitals. This may affect comparability of results for regional and remote areas"
Table3,2020-21,Qld,PHN,PHN305,Western Queensland,Regional,All persons,After-hours,TC4+5,"After-hours lower urgency ED, per 1,000 population, age-standardised",98.1,#,"Interpret with caution - Results only include data for formal public EDs, so does not include all emergency care provided by public hospitals. This may affect comparability of results for regional and remote areas"
Table3,2020-21,Qld,PHN,PHN305,Western Queensland,Regional,All persons,All-hours,TC4+5,Number all-hours lower urgency ED,16888,#,"Interpret with caution - Results only include data for formal public EDs, so does not include all emergency care provided by public hospitals. This may affect comparability of results for regional and remote areas"
Table3,2020-21,Qld,PHN,PHN305,Western Queensland,Regional,All persons,All-hours,All,Number total ED,34242,#,"Interpret with caution - Results only include data for formal public EDs, so does not include all emergency care provided by public hospitals. This may affect comparability of results for regional and remote areas"
Table3,2020-21,Qld,PHN,PHN305,Western Queensland,Regional,All persons,,TC4+5,Estimated resident population,63497,,
Table3,2020-21,Qld,PHN,PHN306,"Central Queensland, Wide Bay, Sunshine Coast",Regional,All persons,All-hours,TC4+5,"All-hours lower urgency ED, per 1,000 population, age-standardised",134.2,#,"Interpret with caution - Results only include data for formal public EDs, so does not include all emergency care provided by public hospitals. This may affect comparability of results for regional and remote areas"
Table3,2020-21,Qld,PHN,PHN306,"Central Queensland, Wide Bay, Sunshine Coast",Regional,All persons,In-hours,TC4+5,"In-hours lower urgency ED, per 1,000 population, age-standardised",77.1,#,"Interpret with caution - Results only include data for formal public EDs, so does not include all emergency care provided by public hospitals. This may affect comparability of results for regional and remote areas"
Table3,2020-21,Qld,PHN,PHN306,"Central Queensland, Wide Bay, Sunshine Coast",Regional,All persons,After-hours,TC4+5,"After-hours lower urgency ED, per 1,000 population, age-standardised",57.1,#,"Interpret with caution - Results only include data for formal public EDs, so does not include all emergency care provided by public hospitals. This may affect comparability of results for regional and remote areas"
Table3,2020-21,Qld,PHN,PHN306,"Central Queensland, Wide Bay, Sunshine Coast",Regional,All persons,All-hours,TC4+5,Number all-hours lower urgency ED,111217,#,"Interpret with caution - Results only include data for formal public EDs, so does not include all emergency care provided by public hospitals. This may affect comparability of results for regional and remote areas"
Table3,2020-21,Qld,PHN,PHN306,"Central Queensland, Wide Bay, Sunshine Coast",Regional,All persons,All-hours,All,Number total ED,361464,#,"Interpret with caution - Results only include data for formal public EDs, so does not include all emergency care provided by public hospitals. This may affect comparability of results for regional and remote areas"
Table3,2020-21,Qld,PHN,PHN306,"Central Queensland, Wide Bay, Sunshine Coast",Regional,All persons,,TC4+5,Estimated resident population,895714,,
Table3,2020-21,Qld,PHN,PHN307,Northern Queensland,Regional,All persons,All-hours,TC4+5,"All-hours lower urgency ED, per 1,000 population, age-standardised",83.4,#,"Interpret with caution - Results only include data for formal public EDs, so does not include all emergency care provided by public hospitals. This may affect comparability of results for regional and remote areas"
Table3,2020-21,Qld,PHN,PHN307,Northern Queensland,Regional,All persons,In-hours,TC4+5,"In-hours lower urgency ED, per 1,000 population, age-standardised",45,#,"Interpret with caution - Results only include data for formal public EDs, so does not include all emergency care provided by public hospitals. This may affect comparability of results for regional and remote areas"
Table3,2020-21,Qld,PHN,PHN307,Northern Queensland,Regional,All persons,After-hours,TC4+5,"After-hours lower urgency ED, per 1,000 population, age-standardised",38.4,#,"Interpret with caution - Results only include data for formal public EDs, so does not include all emergency care provided by public hospitals. This may affect comparability of results for regional and remote areas"
Table3,2020-21,Qld,PHN,PHN307,Northern Queensland,Regional,All persons,All-hours,TC4+5,Number all-hours lower urgency ED,57455,#,"Interpret with caution - Results only include data for formal public EDs, so does not include all emergency care provided by public hospitals. This may affect comparability of results for regional and remote areas"
Table3,2020-21,Qld,PHN,PHN307,Northern Queensland,Regional,All persons,All-hours,All,Number total ED,225985,#,"Interpret with caution - Results only include data for formal public EDs, so does not include all emergency care provided by public hospitals. This may affect comparability of results for regional and remote areas"
Table3,2020-21,Qld,PHN,PHN307,Northern Queensland,Regional,All persons,,TC4+5,Estimated resident population,708955,,
Table3,2020-21,SA,PHN,PHN401,Adelaide,Metropolitan,All persons,All-hours,TC4+5,"All-hours lower urgency ED, per 1,000 population, age-standardised",92.8,,
Table3,2020-21,SA,PHN,PHN401,Adelaide,Metropolitan,All persons,In-hours,TC4+5,"In-hours lower urgency ED, per 1,000 population, age-standardised",48.4,,
Table3,2020-21,SA,PHN,PHN401,Adelaide,Metropolitan,All persons,After-hours,TC4+5,"After-hours lower urgency ED, per 1,000 population, age-standardised",44.4,,
Table3,2020-21,SA,PHN,PHN401,Adelaide,Metropolitan,All persons,All-hours,TC4+5,Number all-hours lower urgency ED,112171,,
Table3,2020-21,SA,PHN,PHN401,Adelaide,Metropolitan,All persons,All-hours,All,Number total ED,402436,,
Table3,2020-21,SA,PHN,PHN401,Adelaide,Metropolitan,All persons,,TC4+5,Estimated resident population,1276297,,
Table3,2020-21,SA,PHN,PHN402,Country SA,Regional,All persons,All-hours,TC4+5,"All-hours lower urgency ED, per 1,000 population, age-standardised",142.5,#,"Interpret with caution - Results only include data for formal public EDs, so does not include all emergency care provided by public hospitals. This may affect comparability of results for regional and remote areas"
Table3,2020-21,SA,PHN,PHN402,Country SA,Regional,All persons,In-hours,TC4+5,"In-hours lower urgency ED, per 1,000 population, age-standardised",73.6,#,"Interpret with caution - Results only include data for formal public EDs, so does not include all emergency care provided by public hospitals. This may affect comparability of results for regional and remote areas"
Table3,2020-21,SA,PHN,PHN402,Country SA,Regional,All persons,After-hours,TC4+5,"After-hours lower urgency ED, per 1,000 population, age-standardised",68.9,#,"Interpret with caution - Results only include data for formal public EDs, so does not include all emergency care provided by public hospitals. This may affect comparability of results for regional and remote areas"
Table3,2020-21,SA,PHN,PHN402,Country SA,Regional,All persons,All-hours,TC4+5,Number all-hours lower urgency ED,66994,#,"Interpret with caution - Results only include data for formal public EDs, so does not include all emergency care provided by public hospitals. This may affect comparability of results for regional and remote areas"
Table3,2020-21,SA,PHN,PHN402,Country SA,Regional,All persons,All-hours,All,Number total ED,175825,#,"Interpret with caution - Results only include data for formal public EDs, so does not include all emergency care provided by public hospitals. This may affect comparability of results for regional and remote areas"
Table3,2020-21,SA,PHN,PHN402,Country SA,Regional,All persons,,TC4+5,Estimated resident population,514057,,
Table3,2020-21,Tas,PHN,PHN601,Tasmania,Regional,All persons,All-hours,TC4+5,"All-hours lower urgency ED, per 1,000 population, age-standardised",119.9,#,"Interpret with caution - Results only include data for formal public EDs, so does not include all emergency care provided by public hospitals. This may affect comparability of results for regional and remote areas"
Table3,2020-21,Tas,PHN,PHN601,Tasmania,Regional,All persons,In-hours,TC4+5,"In-hours lower urgency ED, per 1,000 population, age-standardised",69.2,#,"Interpret with caution - Results only include data for formal public EDs, so does not include all emergency care provided by public hospitals. This may affect comparability of results for regional and remote areas"
Table3,2020-21,Tas,PHN,PHN601,Tasmania,Regional,All persons,After-hours,TC4+5,"After-hours lower urgency ED, per 1,000 population, age-standardised",50.7,#,"Interpret with caution - Results only include data for formal public EDs, so does not include all emergency care provided by public hospitals. This may affect comparability of results for regional and remote areas"
Table3,2020-21,Tas,PHN,PHN601,Tasmania,Regional,All persons,All-hours,TC4+5,Number all-hours lower urgency ED,62261,#,"Interpret with caution - Results only include data for formal public EDs, so does not include all emergency care provided by public hospitals. This may affect comparability of results for regional and remote areas"
Table3,2020-21,Tas,PHN,PHN601,Tasmania,Regional,All persons,All-hours,All,Number total ED,169657,#,"Interpret with caution - Results only include data for formal public EDs, so does not include all emergency care provided by public hospitals. This may affect comparability of results for regional and remote areas"
Table3,2020-21,Tas,PHN,PHN601,Tasmania,Regional,All persons,,TC4+5,Estimated resident population,557578,,
Table3,2020-21,Vic,PHN,PHN201,North Western Melbourne,Metropolitan,All persons,All-hours,TC4+5,"All-hours lower urgency ED, per 1,000 population, age-standardised",85.2,,
Table3,2020-21,Vic,PHN,PHN201,North Western Melbourne,Metropolitan,All persons,In-hours,TC4+5,"In-hours lower urgency ED, per 1,000 population, age-standardised",45.5,,
Table3,2020-21,Vic,PHN,PHN201,North Western Melbourne,Metropolitan,All persons,After-hours,TC4+5,"After-hours lower urgency ED, per 1,000 population, age-standardised",39.8,,
Table3,2020-21,Vic,PHN,PHN201,North Western Melbourne,Metropolitan,All persons,All-hours,TC4+5,Number all-hours lower urgency ED,160454,,
Table3,2020-21,Vic,PHN,PHN201,North Western Melbourne,Metropolitan,All persons,All-hours,All,Number total ED,463573,,
Table3,2020-21,Vic,PHN,PHN201,North Western Melbourne,Metropolitan,All persons,,TC4+5,Estimated resident population,1881525,,
Table3,2020-21,Vic,PHN,PHN202,Eastern Melbourne,Metropolitan,All persons,All-hours,TC4+5,"All-hours lower urgency ED, per 1,000 population, age-standardised",68.4,,
Table3,2020-21,Vic,PHN,PHN202,Eastern Melbourne,Metropolitan,All persons,In-hours,TC4+5,"In-hours lower urgency ED, per 1,000 population, age-standardised",35.9,,
Table3,2020-21,Vic,PHN,PHN202,Eastern Melbourne,Metropolitan,All persons,After-hours,TC4+5,"After-hours lower urgency ED, per 1,000 population, age-standardised",32.5,,
Table3,2020-21,Vic,PHN,PHN202,Eastern Melbourne,Metropolitan,All persons,All-hours,TC4+5,Number all-hours lower urgency ED,103120,,
Table3,2020-21,Vic,PHN,PHN202,Eastern Melbourne,Metropolitan,All persons,All-hours,All,Number total ED,349430,,
Table3,2020-21,Vic,PHN,PHN202,Eastern Melbourne,Metropolitan,All persons,,TC4+5,Estimated resident population,1566893,,
Table3,2020-21,Vic,PHN,PHN203,South Eastern Melbourne,Metropolitan,All persons,All-hours,TC4+5,"All-hours lower urgency ED, per 1,000 population, age-standardised",61.9,,
Table3,2020-21,Vic,PHN,PHN203,South Eastern Melbourne,Metropolitan,All persons,In-hours,TC4+5,"In-hours lower urgency ED, per 1,000 population, age-standardised",32.4,,
Table3,2020-21,Vic,PHN,PHN203,South Eastern Melbourne,Metropolitan,All persons,After-hours,TC4+5,"After-hours lower urgency ED, per 1,000 population, age-standardised",29.5,,
Table3,2020-21,Vic,PHN,PHN203,South Eastern Melbourne,Metropolitan,All persons,All-hours,TC4+5,Number all-hours lower urgency ED,97601,,
Table3,2020-21,Vic,PHN,PHN203,South Eastern Melbourne,Metropolitan,All persons,All-hours,All,Number total ED,376547,,
Table3,2020-21,Vic,PHN,PHN203,South Eastern Melbourne,Metropolitan,All persons,,TC4+5,Estimated resident population,1612689,,
Table3,2020-21,Vic,PHN,PHN204,Gippsland,Regional,All persons,All-hours,TC4+5,"All-hours lower urgency ED, per 1,000 population, age-standardised",179.1,#,"Interpret with caution - Results only include data for formal public EDs, so does not include all emergency care provided by public hospitals. This may affect comparability of results for regional and remote areas"
Table3,2020-21,Vic,PHN,PHN204,Gippsland,Regional,All persons,In-hours,TC4+5,"In-hours lower urgency ED, per 1,000 population, age-standardised",98.6,#,"Interpret with caution - Results only include data for formal public EDs, so does not include all emergency care provided by public hospitals. This may affect comparability of results for regional and remote areas"
Table3,2020-21,Vic,PHN,PHN204,Gippsland,Regional,All persons,After-hours,TC4+5,"After-hours lower urgency ED, per 1,000 population, age-standardised",80.4,#,"Interpret with caution - Results only include data for formal public EDs, so does not include all emergency care provided by public hospitals. This may affect comparability of results for regional and remote areas"
Table3,2020-21,Vic,PHN,PHN204,Gippsland,Regional,All persons,All-hours,TC4+5,Number all-hours lower urgency ED,48304,#,"Interpret with caution - Results only include data for formal public EDs, so does not include all emergency care provided by public hospitals. This may affect comparability of results for regional and remote areas"
Table3,2020-21,Vic,PHN,PHN204,Gippsland,Regional,All persons,All-hours,All,Number total ED,124065,#,"Interpret with caution - Results only include data for formal public EDs, so does not include all emergency care provided by public hospitals. This may affect comparability of results for regional and remote areas"
Table3,2020-21,Vic,PHN,PHN204,Gippsland,Regional,All persons,,TC4+5,Estimated resident population,294831,,
Table3,2020-21,Vic,PHN,PHN206,Western Victoria,Regional,All persons,All-hours,TC4+5,"All-hours lower urgency ED, per 1,000 population, age-standardised",93.2,#,"Interpret with caution - Results only include data for formal public EDs, so does not include all emergency care provided by public hospitals. This may affect comparability of results for regional and remote areas"
Table3,2020-21,Vic,PHN,PHN206,Western Victoria,Regional,All persons,In-hours,TC4+5,"In-hours lower urgency ED, per 1,000 population, age-standardised",50.1,#,"Interpret with caution - Results only include data for formal public EDs, so does not include all emergency care provided by public hospitals. This may affect comparability of results for regional and remote areas"
Table3,2020-21,Vic,PHN,PHN206,Western Victoria,Regional,All persons,After-hours,TC4+5,"After-hours lower urgency ED, per 1,000 population, age-standardised",43.1,#,"Interpret with caution - Results only include data for formal public EDs, so does not include all emergency care provided by public hospitals. This may affect comparability of results for regional and remote areas"
Table3,2020-21,Vic,PHN,PHN206,Western Victoria,Regional,All persons,All-hours,TC4+5,Number all-hours lower urgency ED,59577,#,"Interpret with caution - Results only include data for formal public EDs, so does not include all emergency care provided by public hospitals. This may affect comparability of results for regional and remote areas"
Table3,2020-21,Vic,PHN,PHN206,Western Victoria,Regional,All persons,All-hours,All,Number total ED,186246,#,"Interpret with caution - Results only include data for formal public EDs, so does not include all emergency care provided by public hospitals. This may affect comparability of results for regional and remote areas"
Table3,2020-21,Vic,PHN,PHN206,Western Victoria,Regional,All persons,,TC4+5,Estimated resident population,678907,,
Table3,2020-21,Vic/NSW,PHN,PHN205,Murray,Regional,All persons,All-hours,TC4+5,"All-hours lower urgency ED, per 1,000 population, age-standardised",161.3,#,"Interpret with caution - Results only include data for formal public EDs, so does not include all emergency care provided by public hospitals. This may affect comparability of results for regional and remote areas"
Table3,2020-21,Vic/NSW,PHN,PHN205,Murray,Regional,All persons,In-hours,TC4+5,"In-hours lower urgency ED, per 1,000 population, age-standardised",89.5,#,"Interpret with caution - Results only include data for formal public EDs, so does not include all emergency care provided by public hospitals. This may affect comparability of results for regional and remote areas"
Table3,2020-21,Vic/NSW,PHN,PHN205,Murray,Regional,All persons,After-hours,TC4+5,"After-hours lower urgency ED, per 1,000 population, age-standardised",71.8,#,"Interpret with caution - Results only include data for formal public EDs, so does not include all emergency care provided by public hospitals. This may affect comparability of results for regional and remote areas"
Table3,2020-21,Vic/NSW,PHN,PHN205,Murray,Regional,All persons,All-hours,TC4+5,Number all-hours lower urgency ED,95597,#,"Interpret with caution - Results only include data for formal public EDs, so does not include all emergency care provided by public hospitals. This may affect comparability of results for regional and remote areas"
Table3,2020-21,Vic/NSW,PHN,PHN205,Murray,Regional,All persons,All-hours,All,Number total ED,253199,#,"Interpret with caution - Results only include data for formal public EDs, so does not include all emergency care provided by public hospitals. This may affect comparability of results for regional and remote areas"
Table3,2020-21,Vic/NSW,PHN,PHN205,Murray,Regional,All persons,,TC4+5,Estimated resident population,635644,,
Table3,2020-21,WA,PHN,PHN501,Perth North,Metropolitan,All persons,All-hours,TC4+5,"All-hours lower urgency ED, per 1,000 population, age-standardised",107.7,,
Table3,2020-21,WA,PHN,PHN501,Perth North,Metropolitan,All persons,In-hours,TC4+5,"In-hours lower urgency ED, per 1,000 population, age-standardised",57.3,,
Table3,2020-21,WA,PHN,PHN501,Perth North,Metropolitan,All persons,After-hours,TC4+5,"After-hours lower urgency ED, per 1,000 population, age-standardised",50.4,,
Table3,2020-21,WA,PHN,PHN501,Perth North,Metropolitan,All persons,All-hours,TC4+5,Number all-hours lower urgency ED,117063,,
Table3,2020-21,WA,PHN,PHN501,Perth North,Metropolitan,All persons,All-hours,All,Number total ED,329654,,
Table3,2020-21,WA,PHN,PHN501,Perth North,Metropolitan,All persons,,TC4+5,Estimated resident population,1120379,,
Table3,2020-21,WA,PHN,PHN502,Perth South,Metropolitan,All persons,All-hours,TC4+5,"All-hours lower urgency ED, per 1,000 population, age-standardised",119.8,,
Table3,2020-21,WA,PHN,PHN502,Perth South,Metropolitan,All persons,In-hours,TC4+5,"In-hours lower urgency ED, per 1,000 population, age-standardised",63.9,,
Table3,2020-21,WA,PHN,PHN502,Perth South,Metropolitan,All persons,After-hours,TC4+5,"After-hours lower urgency ED, per 1,000 population, age-standardised",55.9,,
Table3,2020-21,WA,PHN,PHN502,Perth South,Metropolitan,All persons,All-hours,TC4+5,Number all-hours lower urgency ED,123498,,
Table3,2020-21,WA,PHN,PHN502,Perth South,Metropolitan,All persons,All-hours,All,Number total ED,335336,,
Table3,2020-21,WA,PHN,PHN502,Perth South,Metropolitan,All persons,,TC4+5,Estimated resident population,1048542,,
Table3,2020-21,WA,PHN,PHN503,Country WA,Regional,All persons,All-hours,TC4+5,"All-hours lower urgency ED, per 1,000 population, age-standardised",291.7,#,"Interpret with caution - Results only include data for formal public EDs, so does not include all emergency care provided by public hospitals. This may affect comparability of results for regional and remote areas"
Table3,2020-21,WA,PHN,PHN503,Country WA,Regional,All persons,In-hours,TC4+5,"In-hours lower urgency ED, per 1,000 population, age-standardised",177.2,#,"Interpret with caution - Results only include data for formal public EDs, so does not include all emergency care provided by public hospitals. This may affect comparability of results for regional and remote areas"
Table3,2020-21,WA,PHN,PHN503,Country WA,Regional,All persons,After-hours,TC4+5,"After-hours lower urgency ED, per 1,000 population, age-standardised",114.5,#,"Interpret with caution - Results only include data for formal public EDs, so does not include all emergency care provided by public hospitals. This may affect comparability of results for regional and remote areas"
Table3,2020-21,WA,PHN,PHN503,Country WA,Regional,All persons,All-hours,TC4+5,Number all-hours lower urgency ED,152455,#,"Interpret with caution - Results only include data for formal public EDs, so does not include all emergency care provided by public hospitals. This may affect comparability of results for regional and remote areas"
Table3,2020-21,WA,PHN,PHN503,Country WA,Regional,All persons,All-hours,All,Number total ED,305045,#,"Interpret with caution - Results only include data for formal public EDs, so does not include all emergency care provided by public hospitals. This may affect comparability of results for regional and remote areas"
Table3,2020-21,WA,PHN,PHN503,Country WA,Regional,All persons,,TC4+5,Estimated resident population,546354,,
Table3,2021-22,,PHN,003MET,Metropolitan,Metropolitan,All persons,All-hours,TC4+5,"All-hours lower urgency ED, per 1,000 population, age-standardised",99.1,,
Table3,2021-22,,PHN,003MET,Metropolitan,Metropolitan,All persons,In-hours,TC4+5,"In-hours lower urgency ED, per 1,000 population, age-standardised",53.3,,
Table3,2021-22,,PHN,003MET,Metropolitan,Metropolitan,All persons,After-hours,TC4+5,"After-hours lower urgency ED, per 1,000 population, age-standardised",45.8,,
Table3,2021-22,,PHN,003MET,Metropolitan,Metropolitan,All persons,All-hours,TC4+5,Number all-hours lower urgency ED,1627429,,
Table3,2021-22,,PHN,003MET,Metropolitan,Metropolitan,All persons,All-hours,All,Number total ED,4915725,,
Table3,2021-22,,PHN,003MET,Metropolitan,Metropolitan,All persons,,TC4+5,Estimated resident population,16821691,,
Table3,2021-22,,PHN,003REG,Regional,Regional,All persons,All-hours,TC4+5,"All-hours lower urgency ED, per 1,000 population, age-standardised",170.2,#,"Interpret with caution - Results only include data for formal public EDs, so does not include all emergency care provided by public hospitals. This may affect comparability of results for regional and remote areas"
Table3,2021-22,,PHN,003REG,Regional,Regional,All persons,In-hours,TC4+5,"In-hours lower urgency ED, per 1,000 population, age-standardised",96.6,#,"Interpret with caution - Results only include data for formal public EDs, so does not include all emergency care provided by public hospitals. This may affect comparability of results for regional and remote areas"
Table3,2021-22,,PHN,003REG,Regional,Regional,All persons,After-hours,TC4+5,"After-hours lower urgency ED, per 1,000 population, age-standardised",73.7,#,"Interpret with caution - Results only include data for formal public EDs, so does not include all emergency care provided by public hospitals. This may affect comparability of results for regional and remote areas"
Table3,2021-22,,PHN,003REG,Regional,Regional,All persons,All-hours,TC4+5,Number all-hours lower urgency ED,1419975,#,"Interpret with caution - Results only include data for formal public EDs, so does not include all emergency care provided by public hospitals. This may affect comparability of results for regional and remote areas"
Table3,2021-22,,PHN,003REG,Regional,Regional,All persons,All-hours,All,Number total ED,3759801,#,"Interpret with caution - Results only include data for formal public EDs, so does not include all emergency care provided by public hospitals. This may affect comparability of results for regional and remote areas"
Table3,2021-22,,PHN,003REG,Regional,Regional,All persons,,TC4+5,Estimated resident population,8863149,,
Table3,2021-22,ACT,PHN,PHN801,Australian Capital Territory,Metropolitan,All persons,All-hours,TC4+5,"All-hours lower urgency ED, per 1,000 population, age-standardised",110.9,,
Table3,2021-22,ACT,PHN,PHN801,Australian Capital Territory,Metropolitan,All persons,In-hours,TC4+5,"In-hours lower urgency ED, per 1,000 population, age-standardised",59,,
Table3,2021-22,ACT,PHN,PHN801,Australian Capital Territory,Metropolitan,All persons,After-hours,TC4+5,"After-hours lower urgency ED, per 1,000 population, age-standardised",51.9,,
Table3,2021-22,ACT,PHN,PHN801,Australian Capital Territory,Metropolitan,All persons,All-hours,TC4+5,Number all-hours lower urgency ED,49733,,
Table3,2021-22,ACT,PHN,PHN801,Australian Capital Territory,Metropolitan,All persons,All-hours,All,Number total ED,134898,,
Table3,2021-22,ACT,PHN,PHN801,Australian Capital Territory,Metropolitan,All persons,,TC4+5,Estimated resident population,452508,,
Table3,2021-22,NSW,PHN,PHN101,Central and Eastern Sydney,Metropolitan,All persons,All-hours,TC4+5,"All-hours lower urgency ED, per 1,000 population, age-standardised",100.8,,
Table3,2021-22,NSW,PHN,PHN101,Central and Eastern Sydney,Metropolitan,All persons,In-hours,TC4+5,"In-hours lower urgency ED, per 1,000 population, age-standardised",52.2,,
Table3,2021-22,NSW,PHN,PHN101,Central and Eastern Sydney,Metropolitan,All persons,After-hours,TC4+5,"After-hours lower urgency ED, per 1,000 population, age-standardised",48.6,,
Table3,2021-22,NSW,PHN,PHN101,Central and Eastern Sydney,Metropolitan,All persons,All-hours,TC4+5,Number all-hours lower urgency ED,148772,,
Table3,2021-22,NSW,PHN,PHN101,Central and Eastern Sydney,Metropolitan,All persons,All-hours,All,Number total ED,432560,,
Table3,2021-22,NSW,PHN,PHN101,Central and Eastern Sydney,Metropolitan,All persons,,TC4+5,Estimated resident population,1550647,,
Table3,2021-22,NSW,PHN,PHN102,Northern Sydney,Metropolitan,All persons,All-hours,TC4+5,"All-hours lower urgency ED, per 1,000 population, age-standardised",131.5,,
Table3,2021-22,NSW,PHN,PHN102,Northern Sydney,Metropolitan,All persons,In-hours,TC4+5,"In-hours lower urgency ED, per 1,000 population, age-standardised",75.8,,
Table3,2021-22,NSW,PHN,PHN102,Northern Sydney,Metropolitan,All persons,After-hours,TC4+5,"After-hours lower urgency ED, per 1,000 population, age-standardised",55.7,,
Table3,2021-22,NSW,PHN,PHN102,Northern Sydney,Metropolitan,All persons,All-hours,TC4+5,Number all-hours lower urgency ED,118316,,
Table3,2021-22,NSW,PHN,PHN102,Northern Sydney,Metropolitan,All persons,All-hours,All,Number total ED,257817,,
Table3,2021-22,NSW,PHN,PHN102,Northern Sydney,Metropolitan,All persons,,TC4+5,Estimated resident population,926433,,
Table3,2021-22,NSW,PHN,PHN103,Western Sydney,Metropolitan,All persons,All-hours,TC4+5,"All-hours lower urgency ED, per 1,000 population, age-standardised",78.2,,
Table3,2021-22,NSW,PHN,PHN103,Western Sydney,Metropolitan,All persons,In-hours,TC4+5,"In-hours lower urgency ED, per 1,000 population, age-standardised",37.9,,
Table3,2021-22,NSW,PHN,PHN103,Western Sydney,Metropolitan,All persons,After-hours,TC4+5,"After-hours lower urgency ED, per 1,000 population, age-standardised",40.3,,
Table3,2021-22,NSW,PHN,PHN103,Western Sydney,Metropolitan,All persons,All-hours,TC4+5,Number all-hours lower urgency ED,83993,,
Table3,2021-22,NSW,PHN,PHN103,Western Sydney,Metropolitan,All persons,All-hours,All,Number total ED,257878,,
Table3,2021-22,NSW,PHN,PHN103,Western Sydney,Metropolitan,All persons,,TC4+5,Estimated resident population,1060128,,
Table3,2021-22,NSW,PHN,PHN104,Nepean Blue Mountains,Metropolitan,All persons,All-hours,TC4+5,"All-hours lower urgency ED, per 1,000 population, age-standardised",123.4,,
Table3,2021-22,NSW,PHN,PHN104,Nepean Blue Mountains,Metropolitan,All persons,In-hours,TC4+5,"In-hours lower urgency ED, per 1,000 population, age-standardised",64.4,,
Table3,2021-22,NSW,PHN,PHN104,Nepean Blue Mountains,Metropolitan,All persons,After-hours,TC4+5,"After-hours lower urgency ED, per 1,000 population, age-standardised",59,,
Table3,2021-22,NSW,PHN,PHN104,Nepean Blue Mountains,Metropolitan,All persons,All-hours,TC4+5,Number all-hours lower urgency ED,46791,,
Table3,2021-22,NSW,PHN,PHN104,Nepean Blue Mountains,Metropolitan,All persons,All-hours,All,Number total ED,129270,,
Table3,2021-22,NSW,PHN,PHN104,Nepean Blue Mountains,Metropolitan,All persons,,TC4+5,Estimated resident population,385994,,
Table3,2021-22,NSW,PHN,PHN105,South Western Sydney,Metropolitan,All persons,All-hours,TC4+5,"All-hours lower urgency ED, per 1,000 population, age-standardised",95.5,,
Table3,2021-22,NSW,PHN,PHN105,South Western Sydney,Metropolitan,All persons,In-hours,TC4+5,"In-hours lower urgency ED, per 1,000 population, age-standardised",46.6,,
Table3,2021-22,NSW,PHN,PHN105,South Western Sydney,Metropolitan,All persons,After-hours,TC4+5,"After-hours lower urgency ED, per 1,000 population, age-standardised",48.9,,
Table3,2021-22,NSW,PHN,PHN105,South Western Sydney,Metropolitan,All persons,All-hours,TC4+5,Number all-hours lower urgency ED,100454,,
Table3,2021-22,NSW,PHN,PHN105,South Western Sydney,Metropolitan,All persons,All-hours,All,Number total ED,321794,,
Table3,2021-22,NSW,PHN,PHN105,South Western Sydney,Metropolitan,All persons,,TC4+5,Estimated resident population,1063556,,
Table3,2021-22,NSW,PHN,PHN106,South Eastern NSW,Regional,All persons,All-hours,TC4+5,"All-hours lower urgency ED, per 1,000 population, age-standardised",186.6,#,"Interpret with caution - Results only include data for formal public EDs, so does not include all emergency care provided by public hospitals. This may affect comparability of results for regional and remote areas"
Table3,2021-22,NSW,PHN,PHN106,South Eastern NSW,Regional,All persons,In-hours,TC4+5,"In-hours lower urgency ED, per 1,000 population, age-standardised",104.7,#,"Interpret with caution - Results only include data for formal public EDs, so does not include all emergency care provided by public hospitals. This may affect comparability of results for regional and remote areas"
Table3,2021-22,NSW,PHN,PHN106,South Eastern NSW,Regional,All persons,After-hours,TC4+5,"After-hours lower urgency ED, per 1,000 population, age-standardised",82,#,"Interpret with caution - Results only include data for formal public EDs, so does not include all emergency care provided by public hospitals. This may affect comparability of results for regional and remote areas"
Table3,2021-22,NSW,PHN,PHN106,South Eastern NSW,Regional,All persons,All-hours,TC4+5,Number all-hours lower urgency ED,113180,#,"Interpret with caution - Results only include data for formal public EDs, so does not include all emergency care provided by public hospitals. This may affect comparability of results for regional and remote areas"
Table3,2021-22,NSW,PHN,PHN106,South Eastern NSW,Regional,All persons,All-hours,All,Number total ED,280517,#,"Interpret with caution - Results only include data for formal public EDs, so does not include all emergency care provided by public hospitals. This may affect comparability of results for regional and remote areas"
Table3,2021-22,NSW,PHN,PHN106,South Eastern NSW,Regional,All persons,,TC4+5,Estimated resident population,642199,,
Table3,2021-22,NSW,PHN,PHN107,Western NSW,Regional,All persons,All-hours,TC4+5,"All-hours lower urgency ED, per 1,000 population, age-standardised",355.7,#,"Interpret with caution - Results only include data for formal public EDs, so does not include all emergency care provided by public hospitals. This may affect comparability of results for regional and remote areas"
Table3,2021-22,NSW,PHN,PHN107,Western NSW,Regional,All persons,In-hours,TC4+5,"In-hours lower urgency ED, per 1,000 population, age-standardised",211.6,#,"Interpret with caution - Results only include data for formal public EDs, so does not include all emergency care provided by public hospitals. This may affect comparability of results for regional and remote areas"
Table3,2021-22,NSW,PHN,PHN107,Western NSW,Regional,All persons,After-hours,TC4+5,"After-hours lower urgency ED, per 1,000 population, age-standardised",144.1,#,"Interpret with caution - Results only include data for formal public EDs, so does not include all emergency care provided by public hospitals. This may affect comparability of results for regional and remote areas"
Table3,2021-22,NSW,PHN,PHN107,Western NSW,Regional,All persons,All-hours,TC4+5,Number all-hours lower urgency ED,106194,#,"Interpret with caution - Results only include data for formal public EDs, so does not include all emergency care provided by public hospitals. This may affect comparability of results for regional and remote areas"
Table3,2021-22,NSW,PHN,PHN107,Western NSW,Regional,All persons,All-hours,All,Number total ED,230839,#,"Interpret with caution - Results only include data for formal public EDs, so does not include all emergency care provided by public hospitals. This may affect comparability of results for regional and remote areas"
Table3,2021-22,NSW,PHN,PHN107,Western NSW,Regional,All persons,,TC4+5,Estimated resident population,312226,,
Table3,2021-22,NSW,PHN,PHN108,Hunter New England and Central Coast,Regional,All persons,All-hours,TC4+5,"All-hours lower urgency ED, per 1,000 population, age-standardised",205.8,#,"Interpret with caution - Results only include data for formal public EDs, so does not include all emergency care provided by public hospitals. This may affect comparability of results for regional and remote areas"
Table3,2021-22,NSW,PHN,PHN108,Hunter New England and Central Coast,Regional,All persons,In-hours,TC4+5,"In-hours lower urgency ED, per 1,000 population, age-standardised",115.6,#,"Interpret with caution - Results only include data for formal public EDs, so does not include all emergency care provided by public hospitals. This may affect comparability of results for regional and remote areas"
Table3,2021-22,NSW,PHN,PHN108,Hunter New England and Central Coast,Regional,All persons,After-hours,TC4+5,"After-hours lower urgency ED, per 1,000 population, age-standardised",90.3,#,"Interpret with caution - Results only include data for formal public EDs, so does not include all emergency care provided by public hospitals. This may affect comparability of results for regional and remote areas"
Table3,2021-22,NSW,PHN,PHN108,Hunter New England and Central Coast,Regional,All persons,All-hours,TC4+5,Number all-hours lower urgency ED,253543,#,"Interpret with caution - Results only include data for formal public EDs, so does not include all emergency care provided by public hospitals. This may affect comparability of results for regional and remote areas"
Table3,2021-22,NSW,PHN,PHN108,Hunter New England and Central Coast,Regional,All persons,All-hours,All,Number total ED,592155,#,"Interpret with caution - Results only include data for formal public EDs, so does not include all emergency care provided by public hospitals. This may affect comparability of results for regional and remote areas"
Table3,2021-22,NSW,PHN,PHN108,Hunter New England and Central Coast,Regional,All persons,,TC4+5,Estimated resident population,1309984,,
Table3,2021-22,NSW,PHN,PHN109,North Coast,Regional,All persons,All-hours,TC4+5,"All-hours lower urgency ED, per 1,000 population, age-standardised",286.1,#,"Interpret with caution - Results only include data for formal public EDs, so does not include all emergency care provided by public hospitals. This may affect comparability of results for regional and remote areas"
Table3,2021-22,NSW,PHN,PHN109,North Coast,Regional,All persons,In-hours,TC4+5,"In-hours lower urgency ED, per 1,000 population, age-standardised",168.5,#,"Interpret with caution - Results only include data for formal public EDs, so does not include all emergency care provided by public hospitals. This may affect comparability of results for regional and remote areas"
Table3,2021-22,NSW,PHN,PHN109,North Coast,Regional,All persons,After-hours,TC4+5,"After-hours lower urgency ED, per 1,000 population, age-standardised",117.5,#,"Interpret with caution - Results only include data for formal public EDs, so does not include all emergency care provided by public hospitals. This may affect comparability of results for regional and remote areas"
Table3,2021-22,NSW,PHN,PHN109,North Coast,Regional,All persons,All-hours,TC4+5,Number all-hours lower urgency ED,139501,#,"Interpret with caution - Results only include data for formal public EDs, so does not include all emergency care provided by public hospitals. This may affect comparability of results for regional and remote areas"
Table3,2021-22,NSW,PHN,PHN109,North Coast,Regional,All persons,All-hours,All,Number total ED,329834,#,"Interpret with caution - Results only include data for formal public EDs, so does not include all emergency care provided by public hospitals. This may affect comparability of results for regional and remote areas"
Table3,2021-22,NSW,PHN,PHN109,North Coast,Regional,All persons,,TC4+5,Estimated resident population,541337,,
Table3,2021-22,NSW,PHN,PHN110,Murrumbidgee,Regional,All persons,All-hours,TC4+5,"All-hours lower urgency ED, per 1,000 population, age-standardised",273.7,#,"Interpret with caution - Results only include data for formal public EDs, so does not include all emergency care provided by public hospitals. This may affect comparability of results for regional and remote areas"
Table3,2021-22,NSW,PHN,PHN110,Murrumbidgee,Regional,All persons,In-hours,TC4+5,"In-hours lower urgency ED, per 1,000 population, age-standardised",158.4,#,"Interpret with caution - Results only include data for formal public EDs, so does not include all emergency care provided by public hospitals. This may affect comparability of results for regional and remote areas"
Table3,2021-22,NSW,PHN,PHN110,Murrumbidgee,Regional,All persons,After-hours,TC4+5,"After-hours lower urgency ED, per 1,000 population, age-standardised",115.3,#,"Interpret with caution - Results only include data for formal public EDs, so does not include all emergency care provided by public hospitals. This may affect comparability of results for regional and remote areas"
Table3,2021-22,NSW,PHN,PHN110,Murrumbidgee,Regional,All persons,All-hours,TC4+5,Number all-hours lower urgency ED,65100,#,"Interpret with caution - Results only include data for formal public EDs, so does not include all emergency care provided by public hospitals. This may affect comparability of results for regional and remote areas"
Table3,2021-22,NSW,PHN,PHN110,Murrumbidgee,Regional,All persons,All-hours,All,Number total ED,151664,#,"Interpret with caution - Results only include data for formal public EDs, so does not include all emergency care provided by public hospitals. This may affect comparability of results for regional and remote areas"
Table3,2021-22,NSW,PHN,PHN110,Murrumbidgee,Regional,All persons,,TC4+5,Estimated resident population,248453,,
Table3,2021-22,NT,PHN,PHN701,Northern Territory,Regional,All persons,All-hours,TC4+5,"All-hours lower urgency ED, per 1,000 population, age-standardised",253.3,#,"Interpret with caution - Results only include data for formal public EDs, so does not include all emergency care provided by public hospitals. This may affect comparability of results for regional and remote areas"
Table3,2021-22,NT,PHN,PHN701,Northern Territory,Regional,All persons,In-hours,TC4+5,"In-hours lower urgency ED, per 1,000 population, age-standardised",148.3,#,"Interpret with caution - Results only include data for formal public EDs, so does not include all emergency care provided by public hospitals. This may affect comparability of results for regional and remote areas"
Table3,2021-22,NT,PHN,PHN701,Northern Territory,Regional,All persons,After-hours,TC4+5,"After-hours lower urgency ED, per 1,000 population, age-standardised",105,#,"Interpret with caution - Results only include data for formal public EDs, so does not include all emergency care provided by public hospitals. This may affect comparability of results for regional and remote areas"
Table3,2021-22,NT,PHN,PHN701,Northern Territory,Regional,All persons,All-hours,TC4+5,Number all-hours lower urgency ED,63247,#,"Interpret with caution - Results only include data for formal public EDs, so does not include all emergency care provided by public hospitals. This may affect comparability of results for regional and remote areas"
Table3,2021-22,NT,PHN,PHN701,Northern Territory,Regional,All persons,All-hours,All,Number total ED,164079,#,"Interpret with caution - Results only include data for formal public EDs, so does not include all emergency care provided by public hospitals. This may affect comparability of results for regional and remote areas"
Table3,2021-22,NT,PHN,PHN701,Northern Territory,Regional,All persons,,TC4+5,Estimated resident population,248136,,
Table3,2021-22,,NAT,001NAT,National,National,All persons,All-hours,TC4+5,"All-hours lower urgency ED, per 1,000 population, age-standardised",124.3,,
Table3,2021-22,,NAT,001NAT,National,National,All persons,In-hours,TC4+5,"In-hours lower urgency ED, per 1,000 population, age-standardised",68.5,,
Table3,2021-22,,NAT,001NAT,National,National,All persons,After-hours,TC4+5,"After-hours lower urgency ED, per 1,000 population, age-standardised",55.8,,
Table3,2021-22,,NAT,001NAT,National,National,All persons,All-hours,TC4+5,Number all-hours lower urgency ED,3088281,,
Table3,2021-22,,NAT,001NAT,National,National,All persons,All-hours,All,Number total ED,8789877,,
Table3,2021-22,,NAT,001NAT,National,National,All persons,,TC4+5,Estimated resident population,25685412,,
Table3,2021-22,Qld,PHN,PHN301,Brisbane North,Metropolitan,All persons,All-hours,TC4+5,"All-hours lower urgency ED, per 1,000 population, age-standardised",155.2,,
Table3,2021-22,Qld,PHN,PHN301,Brisbane North,Metropolitan,All persons,In-hours,TC4+5,"In-hours lower urgency ED, per 1,000 population, age-standardised",90.9,,
Table3,2021-22,Qld,PHN,PHN301,Brisbane North,Metropolitan,All persons,After-hours,TC4+5,"After-hours lower urgency ED, per 1,000 population, age-standardised",64.3,,
Table3,2021-22,Qld,PHN,PHN301,Brisbane North,Metropolitan,All persons,All-hours,TC4+5,Number all-hours lower urgency ED,160783,,
Table3,2021-22,Qld,PHN,PHN301,Brisbane North,Metropolitan,All persons,All-hours,All,Number total ED,409305,,
Table3,2021-22,Qld,PHN,PHN301,Brisbane North,Metropolitan,All persons,,TC4+5,Estimated resident population,1064374,,
Table3,2021-22,Qld,PHN,PHN302,Brisbane South,Metropolitan,All persons,All-hours,TC4+5,"All-hours lower urgency ED, per 1,000 population, age-standardised",83.7,,
Table3,2021-22,Qld,PHN,PHN302,Brisbane South,Metropolitan,All persons,In-hours,TC4+5,"In-hours lower urgency ED, per 1,000 population, age-standardised",45.5,,
Table3,2021-22,Qld,PHN,PHN302,Brisbane South,Metropolitan,All persons,After-hours,TC4+5,"After-hours lower urgency ED, per 1,000 population, age-standardised",38.2,,
Table3,2021-22,Qld,PHN,PHN302,Brisbane South,Metropolitan,All persons,All-hours,TC4+5,Number all-hours lower urgency ED,99576,,
Table3,2021-22,Qld,PHN,PHN302,Brisbane South,Metropolitan,All persons,All-hours,All,Number total ED,395961,,
Table3,2021-22,Qld,PHN,PHN302,Brisbane South,Metropolitan,All persons,,TC4+5,Estimated resident population,1211284,,
Table3,2021-22,Qld,PHN,PHN303,Gold Coast,Metropolitan,All persons,All-hours,TC4+5,"All-hours lower urgency ED, per 1,000 population, age-standardised",168.1,,
Table3,2021-22,Qld,PHN,PHN303,Gold Coast,Metropolitan,All persons,In-hours,TC4+5,"In-hours lower urgency ED, per 1,000 population, age-standardised",110.4,,
Table3,2021-22,Qld,PHN,PHN303,Gold Coast,Metropolitan,All persons,After-hours,TC4+5,"After-hours lower urgency ED, per 1,000 population, age-standardised",57.7,,
Table3,2021-22,Qld,PHN,PHN303,Gold Coast,Metropolitan,All persons,All-hours,TC4+5,Number all-hours lower urgency ED,105385,,
Table3,2021-22,Qld,PHN,PHN303,Gold Coast,Metropolitan,All persons,All-hours,All,Number total ED,254888,,
Table3,2021-22,Qld,PHN,PHN303,Gold Coast,Metropolitan,All persons,,TC4+5,Estimated resident population,649384,,
Table3,2021-22,Qld,PHN,PHN304,Darling Downs and West Moreton,Regional,All persons,All-hours,TC4+5,"All-hours lower urgency ED, per 1,000 population, age-standardised",50.8,#,"Interpret with caution - Results only include data for formal public EDs, so does not include all emergency care provided by public hospitals. This may affect comparability of results for regional and remote areas"
Table3,2021-22,Qld,PHN,PHN304,Darling Downs and West Moreton,Regional,All persons,In-hours,TC4+5,"In-hours lower urgency ED, per 1,000 population, age-standardised",27.8,#,"Interpret with caution - Results only include data for formal public EDs, so does not include all emergency care provided by public hospitals. This may affect comparability of results for regional and remote areas"
Table3,2021-22,Qld,PHN,PHN304,Darling Downs and West Moreton,Regional,All persons,After-hours,TC4+5,"After-hours lower urgency ED, per 1,000 population, age-standardised",23,#,"Interpret with caution - Results only include data for formal public EDs, so does not include all emergency care provided by public hospitals. This may affect comparability of results for regional and remote areas"
Table3,2021-22,Qld,PHN,PHN304,Darling Downs and West Moreton,Regional,All persons,All-hours,TC4+5,Number all-hours lower urgency ED,29582,#,"Interpret with caution - Results only include data for formal public EDs, so does not include all emergency care provided by public hospitals. This may affect comparability of results for regional and remote areas"
Table3,2021-22,Qld,PHN,PHN304,Darling Downs and West Moreton,Regional,All persons,All-hours,All,Number total ED,159306,#,"Interpret with caution - Results only include data for formal public EDs, so does not include all emergency care provided by public hospitals. This may affect comparability of results for regional and remote areas"
Table3,2021-22,Qld,PHN,PHN304,Darling Downs and West Moreton,Regional,All persons,,TC4+5,Estimated resident population,606501,,
Table3,2021-22,Qld,PHN,PHN305,Western Queensland,Regional,All persons,All-hours,TC4+5,"All-hours lower urgency ED, per 1,000 population, age-standardised",244.5,#,"Interpret with caution - Results only include data for formal public EDs, so does not include all emergency care provided by public hospitals. This may affect comparability of results for regional and remote areas"
Table3,2021-22,Qld,PHN,PHN305,Western Queensland,Regional,All persons,In-hours,TC4+5,"In-hours lower urgency ED, per 1,000 population, age-standardised",152.2,#,"Interpret with caution - Results only include data for formal public EDs, so does not include all emergency care provided by public hospitals. This may affect comparability of results for regional and remote areas"
Table3,2021-22,Qld,PHN,PHN305,Western Queensland,Regional,All persons,After-hours,TC4+5,"After-hours lower urgency ED, per 1,000 population, age-standardised",92.3,#,"Interpret with caution - Results only include data for formal public EDs, so does not include all emergency care provided by public hospitals. This may affect comparability of results for regional and remote areas"
Table3,2021-22,Qld,PHN,PHN305,Western Queensland,Regional,All persons,All-hours,TC4+5,Number all-hours lower urgency ED,15276,#,"Interpret with caution - Results only include data for formal public EDs, so does not include all emergency care provided by public hospitals. This may affect comparability of results for regional and remote areas"
Table3,2021-22,Qld,PHN,PHN305,Western Queensland,Regional,All persons,All-hours,All,Number total ED,33344,#,"Interpret with caution - Results only include data for formal public EDs, so does not include all emergency care provided by public hospitals. This may affect comparability of results for regional and remote areas"
Table3,2021-22,Qld,PHN,PHN305,Western Queensland,Regional,All persons,,TC4+5,Estimated resident population,63602,,
Table3,2021-22,Qld,PHN,PHN306,"Central Queensland, Wide Bay, Sunshine Coast",Regional,All persons,All-hours,TC4+5,"All-hours lower urgency ED, per 1,000 population, age-standardised",131.3,#,"Interpret with caution - Results only include data for formal public EDs, so does not include all emergency care provided by public hospitals. This may affect comparability of results for regional and remote areas"
Table3,2021-22,Qld,PHN,PHN306,"Central Queensland, Wide Bay, Sunshine Coast",Regional,All persons,In-hours,TC4+5,"In-hours lower urgency ED, per 1,000 population, age-standardised",74.3,#,"Interpret with caution - Results only include data for formal public EDs, so does not include all emergency care provided by public hospitals. This may affect comparability of results for regional and remote areas"
Table3,2021-22,Qld,PHN,PHN306,"Central Queensland, Wide Bay, Sunshine Coast",Regional,All persons,After-hours,TC4+5,"After-hours lower urgency ED, per 1,000 population, age-standardised",57,#,"Interpret with caution - Results only include data for formal public EDs, so does not include all emergency care provided by public hospitals. This may affect comparability of results for regional and remote areas"
Table3,2021-22,Qld,PHN,PHN306,"Central Queensland, Wide Bay, Sunshine Coast",Regional,All persons,All-hours,TC4+5,Number all-hours lower urgency ED,109496,#,"Interpret with caution - Results only include data for formal public EDs, so does not include all emergency care provided by public hospitals. This may affect comparability of results for regional and remote areas"
Table3,2021-22,Qld,PHN,PHN306,"Central Queensland, Wide Bay, Sunshine Coast",Regional,All persons,All-hours,All,Number total ED,363667,#,"Interpret with caution - Results only include data for formal public EDs, so does not include all emergency care provided by public hospitals. This may affect comparability of results for regional and remote areas"
Table3,2021-22,Qld,PHN,PHN306,"Central Queensland, Wide Bay, Sunshine Coast",Regional,All persons,,TC4+5,Estimated resident population,909714,,
Table3,2021-22,Qld,PHN,PHN307,Northern Queensland,Regional,All persons,All-hours,TC4+5,"All-hours lower urgency ED, per 1,000 population, age-standardised",80.8,#,"Interpret with caution - Results only include data for formal public EDs, so does not include all emergency care provided by public hospitals. This may affect comparability of results for regional and remote areas"
Table3,2021-22,Qld,PHN,PHN307,Northern Queensland,Regional,All persons,In-hours,TC4+5,"In-hours lower urgency ED, per 1,000 population, age-standardised",43.4,#,"Interpret with caution - Results only include data for formal public EDs, so does not include all emergency care provided by public hospitals. This may affect comparability of results for regional and remote areas"
Table3,2021-22,Qld,PHN,PHN307,Northern Queensland,Regional,All persons,After-hours,TC4+5,"After-hours lower urgency ED, per 1,000 population, age-standardised",37.3,#,"Interpret with caution - Results only include data for formal public EDs, so does not include all emergency care provided by public hospitals. This may affect comparability of results for regional and remote areas"
Table3,2021-22,Qld,PHN,PHN307,Northern Queensland,Regional,All persons,All-hours,TC4+5,Number all-hours lower urgency ED,55505,#,"Interpret with caution - Results only include data for formal public EDs, so does not include all emergency care provided by public hospitals. This may affect comparability of results for regional and remote areas"
Table3,2021-22,Qld,PHN,PHN307,Northern Queensland,Regional,All persons,All-hours,All,Number total ED,228805,#,"Interpret with caution - Results only include data for formal public EDs, so does not include all emergency care provided by public hospitals. This may affect comparability of results for regional and remote areas"
Table3,2021-22,Qld,PHN,PHN307,Northern Queensland,Regional,All persons,,TC4+5,Estimated resident population,712969,,
Table3,2021-22,SA,PHN,PHN401,Adelaide,Metropolitan,All persons,All-hours,TC4+5,"All-hours lower urgency ED, per 1,000 population, age-standardised",85.8,,
Table3,2021-22,SA,PHN,PHN401,Adelaide,Metropolitan,All persons,In-hours,TC4+5,"In-hours lower urgency ED, per 1,000 population, age-standardised",44.3,,
Table3,2021-22,SA,PHN,PHN401,Adelaide,Metropolitan,All persons,After-hours,TC4+5,"After-hours lower urgency ED, per 1,000 population, age-standardised",41.5,,
Table3,2021-22,SA,PHN,PHN401,Adelaide,Metropolitan,All persons,All-hours,TC4+5,Number all-hours lower urgency ED,104127,,
Table3,2021-22,SA,PHN,PHN401,Adelaide,Metropolitan,All persons,All-hours,All,Number total ED,384252,,
Table3,2021-22,SA,PHN,PHN401,Adelaide,Metropolitan,All persons,,TC4+5,Estimated resident population,1282871,,
Table3,2021-22,SA,PHN,PHN402,Country SA,Regional,All persons,All-hours,TC4+5,"All-hours lower urgency ED, per 1,000 population, age-standardised",153.3,#,"Interpret with caution - Results only include data for formal public EDs, so does not include all emergency care provided by public hospitals. This may affect comparability of results for regional and remote areas"
Table3,2021-22,SA,PHN,PHN402,Country SA,Regional,All persons,In-hours,TC4+5,"In-hours lower urgency ED, per 1,000 population, age-standardised",83.1,#,"Interpret with caution - Results only include data for formal public EDs, so does not include all emergency care provided by public hospitals. This may affect comparability of results for regional and remote areas"
Table3,2021-22,SA,PHN,PHN402,Country SA,Regional,All persons,After-hours,TC4+5,"After-hours lower urgency ED, per 1,000 population, age-standardised",70.2,#,"Interpret with caution - Results only include data for formal public EDs, so does not include all emergency care provided by public hospitals. This may affect comparability of results for regional and remote areas"
Table3,2021-22,SA,PHN,PHN402,Country SA,Regional,All persons,All-hours,TC4+5,Number all-hours lower urgency ED,72692,#,"Interpret with caution - Results only include data for formal public EDs, so does not include all emergency care provided by public hospitals. This may affect comparability of results for regional and remote areas"
Table3,2021-22,SA,PHN,PHN402,Country SA,Regional,All persons,All-hours,All,Number total ED,187595,#,"Interpret with caution - Results only include data for formal public EDs, so does not include all emergency care provided by public hospitals. This may affect comparability of results for regional and remote areas"
Table3,2021-22,SA,PHN,PHN402,Country SA,Regional,All persons,,TC4+5,Estimated resident population,519730,,
Table3,2021-22,Tas,PHN,PHN601,Tasmania,Regional,All persons,All-hours,TC4+5,"All-hours lower urgency ED, per 1,000 population, age-standardised",110.6,#,"Interpret with caution - Results only include data for formal public EDs, so does not include all emergency care provided by public hospitals. This may affect comparability of results for regional and remote areas"
Table3,2021-22,Tas,PHN,PHN601,Tasmania,Regional,All persons,In-hours,TC4+5,"In-hours lower urgency ED, per 1,000 population, age-standardised",62.5,#,"Interpret with caution - Results only include data for formal public EDs, so does not include all emergency care provided by public hospitals. This may affect comparability of results for regional and remote areas"
Table3,2021-22,Tas,PHN,PHN601,Tasmania,Regional,All persons,After-hours,TC4+5,"After-hours lower urgency ED, per 1,000 population, age-standardised",48.1,#,"Interpret with caution - Results only include data for formal public EDs, so does not include all emergency care provided by public hospitals. This may affect comparability of results for regional and remote areas"
Table3,2021-22,Tas,PHN,PHN601,Tasmania,Regional,All persons,All-hours,TC4+5,Number all-hours lower urgency ED,58264,#,"Interpret with caution - Results only include data for formal public EDs, so does not include all emergency care provided by public hospitals. This may affect comparability of results for regional and remote areas"
Table3,2021-22,Tas,PHN,PHN601,Tasmania,Regional,All persons,All-hours,All,Number total ED,172608,#,"Interpret with caution - Results only include data for formal public EDs, so does not include all emergency care provided by public hospitals. This may affect comparability of results for regional and remote areas"
Table3,2021-22,Tas,PHN,PHN601,Tasmania,Regional,All persons,,TC4+5,Estimated resident population,567239,,
Table3,2021-22,Vic,PHN,PHN201,North Western Melbourne,Metropolitan,All persons,All-hours,TC4+5,"All-hours lower urgency ED, per 1,000 population, age-standardised",93.6,,
Table3,2021-22,Vic,PHN,PHN201,North Western Melbourne,Metropolitan,All persons,In-hours,TC4+5,"In-hours lower urgency ED, per 1,000 population, age-standardised",48.4,,
Table3,2021-22,Vic,PHN,PHN201,North Western Melbourne,Metropolitan,All persons,After-hours,TC4+5,"After-hours lower urgency ED, per 1,000 population, age-standardised",45.2,,
Table3,2021-22,Vic,PHN,PHN201,North Western Melbourne,Metropolitan,All persons,All-hours,TC4+5,Number all-hours lower urgency ED,173038,,
Table3,2021-22,Vic,PHN,PHN201,North Western Melbourne,Metropolitan,All persons,All-hours,All,Number total ED,502265,,
Table3,2021-22,Vic,PHN,PHN201,North Western Melbourne,Metropolitan,All persons,,TC4+5,Estimated resident population,1849498,,
Table3,2021-22,Vic,PHN,PHN202,Eastern Melbourne,Metropolitan,All persons,All-hours,TC4+5,"All-hours lower urgency ED, per 1,000 population, age-standardised",72.9,,
Table3,2021-22,Vic,PHN,PHN202,Eastern Melbourne,Metropolitan,All persons,In-hours,TC4+5,"In-hours lower urgency ED, per 1,000 population, age-standardised",37.7,,
Table3,2021-22,Vic,PHN,PHN202,Eastern Melbourne,Metropolitan,All persons,After-hours,TC4+5,"After-hours lower urgency ED, per 1,000 population, age-standardised",35.2,,
Table3,2021-22,Vic,PHN,PHN202,Eastern Melbourne,Metropolitan,All persons,All-hours,TC4+5,Number all-hours lower urgency ED,106585,,
Table3,2021-22,Vic,PHN,PHN202,Eastern Melbourne,Metropolitan,All persons,All-hours,All,Number total ED,364323,,
Table3,2021-22,Vic,PHN,PHN202,Eastern Melbourne,Metropolitan,All persons,,TC4+5,Estimated resident population,1535368,,
Table3,2021-22,Vic,PHN,PHN203,South Eastern Melbourne,Metropolitan,All persons,All-hours,TC4+5,"All-hours lower urgency ED, per 1,000 population, age-standardised",66,,
Table3,2021-22,Vic,PHN,PHN203,South Eastern Melbourne,Metropolitan,All persons,In-hours,TC4+5,"In-hours lower urgency ED, per 1,000 population, age-standardised",34,,
Table3,2021-22,Vic,PHN,PHN203,South Eastern Melbourne,Metropolitan,All persons,After-hours,TC4+5,"After-hours lower urgency ED, per 1,000 population, age-standardised",32,,
Table3,2021-22,Vic,PHN,PHN203,South Eastern Melbourne,Metropolitan,All persons,All-hours,TC4+5,Number all-hours lower urgency ED,101918,,
Table3,2021-22,Vic,PHN,PHN203,South Eastern Melbourne,Metropolitan,All persons,All-hours,All,Number total ED,398733,,
Table3,2021-22,Vic,PHN,PHN203,South Eastern Melbourne,Metropolitan,All persons,,TC4+5,Estimated resident population,1590453,,
Table3,2021-22,Vic,PHN,PHN204,Gippsland,Regional,All persons,All-hours,TC4+5,"All-hours lower urgency ED, per 1,000 population, age-standardised",163.6,#,"Interpret with caution - Results only include data for formal public EDs, so does not include all emergency care provided by public hospitals. This may affect comparability of results for regional and remote areas"
Table3,2021-22,Vic,PHN,PHN204,Gippsland,Regional,All persons,In-hours,TC4+5,"In-hours lower urgency ED, per 1,000 population, age-standardised",87.3,#,"Interpret with caution - Results only include data for formal public EDs, so does not include all emergency care provided by public hospitals. This may affect comparability of results for regional and remote areas"
Table3,2021-22,Vic,PHN,PHN204,Gippsland,Regional,All persons,After-hours,TC4+5,"After-hours lower urgency ED, per 1,000 population, age-standardised",76.2,#,"Interpret with caution - Results only include data for formal public EDs, so does not include all emergency care provided by public hospitals. This may affect comparability of results for regional and remote areas"
Table3,2021-22,Vic,PHN,PHN204,Gippsland,Regional,All persons,All-hours,TC4+5,Number all-hours lower urgency ED,43982,#,"Interpret with caution - Results only include data for formal public EDs, so does not include all emergency care provided by public hospitals. This may affect comparability of results for regional and remote areas"
Table3,2021-22,Vic,PHN,PHN204,Gippsland,Regional,All persons,All-hours,All,Number total ED,123080,#,"Interpret with caution - Results only include data for formal public EDs, so does not include all emergency care provided by public hospitals. This may affect comparability of results for regional and remote areas"
Table3,2021-22,Vic,PHN,PHN204,Gippsland,Regional,All persons,,TC4+5,Estimated resident population,299912,,
Table3,2021-22,Vic,PHN,PHN206,Western Victoria,Regional,All persons,All-hours,TC4+5,"All-hours lower urgency ED, per 1,000 population, age-standardised",87.1,#,"Interpret with caution - Results only include data for formal public EDs, so does not include all emergency care provided by public hospitals. This may affect comparability of results for regional and remote areas"
Table3,2021-22,Vic,PHN,PHN206,Western Victoria,Regional,All persons,In-hours,TC4+5,"In-hours lower urgency ED, per 1,000 population, age-standardised",46.2,#,"Interpret with caution - Results only include data for formal public EDs, so does not include all emergency care provided by public hospitals. This may affect comparability of results for regional and remote areas"
Table3,2021-22,Vic,PHN,PHN206,Western Victoria,Regional,All persons,After-hours,TC4+5,"After-hours lower urgency ED, per 1,000 population, age-standardised",40.9,#,"Interpret with caution - Results only include data for formal public EDs, so does not include all emergency care provided by public hospitals. This may affect comparability of results for regional and remote areas"
Table3,2021-22,Vic,PHN,PHN206,Western Victoria,Regional,All persons,All-hours,TC4+5,Number all-hours lower urgency ED,55742,#,"Interpret with caution - Results only include data for formal public EDs, so does not include all emergency care provided by public hospitals. This may affect comparability of results for regional and remote areas"
Table3,2021-22,Vic,PHN,PHN206,Western Victoria,Regional,All persons,All-hours,All,Number total ED,183809,#,"Interpret with caution - Results only include data for formal public EDs, so does not include all emergency care provided by public hospitals. This may affect comparability of results for regional and remote areas"
Table3,2021-22,Vic,PHN,PHN206,Western Victoria,Regional,All persons,,TC4+5,Estimated resident population,688617,,
Table3,2021-22,Vic/NSW,PHN,PHN205,Murray,Regional,All persons,All-hours,TC4+5,"All-hours lower urgency ED, per 1,000 population, age-standardised",162.1,#,"Interpret with caution - Results only include data for formal public EDs, so does not include all emergency care provided by public hospitals. This may affect comparability of results for regional and remote areas"
Table3,2021-22,Vic/NSW,PHN,PHN205,Murray,Regional,All persons,In-hours,TC4+5,"In-hours lower urgency ED, per 1,000 population, age-standardised",88,#,"Interpret with caution - Results only include data for formal public EDs, so does not include all emergency care provided by public hospitals. This may affect comparability of results for regional and remote areas"
Table3,2021-22,Vic/NSW,PHN,PHN205,Murray,Regional,All persons,After-hours,TC4+5,"After-hours lower urgency ED, per 1,000 population, age-standardised",74.1,#,"Interpret with caution - Results only include data for formal public EDs, so does not include all emergency care provided by public hospitals. This may affect comparability of results for regional and remote areas"
Table3,2021-22,Vic/NSW,PHN,PHN205,Murray,Regional,All persons,All-hours,TC4+5,Number all-hours lower urgency ED,95367,#,"Interpret with caution - Results only include data for formal public EDs, so does not include all emergency care provided by public hospitals. This may affect comparability of results for regional and remote areas"
Table3,2021-22,Vic/NSW,PHN,PHN205,Murray,Regional,All persons,All-hours,All,Number total ED,259311,#,"Interpret with caution - Results only include data for formal public EDs, so does not include all emergency care provided by public hospitals. This may affect comparability of results for regional and remote areas"
Table3,2021-22,Vic/NSW,PHN,PHN205,Murray,Regional,All persons,,TC4+5,Estimated resident population,640041,,
Table3,2021-22,WA,PHN,PHN501,Perth North,Metropolitan,All persons,All-hours,TC4+5,"All-hours lower urgency ED, per 1,000 population, age-standardised",96.9,,
Table3,2021-22,WA,PHN,PHN501,Perth North,Metropolitan,All persons,In-hours,TC4+5,"In-hours lower urgency ED, per 1,000 population, age-standardised",51.1,,
Table3,2021-22,WA,PHN,PHN501,Perth North,Metropolitan,All persons,After-hours,TC4+5,"After-hours lower urgency ED, per 1,000 population, age-standardised",45.7,,
Table3,2021-22,WA,PHN,PHN501,Perth North,Metropolitan,All persons,All-hours,TC4+5,Number all-hours lower urgency ED,105905,,
Table3,2021-22,WA,PHN,PHN501,Perth North,Metropolitan,All persons,All-hours,All,Number total ED,326660,,
Table3,2021-22,WA,PHN,PHN501,Perth North,Metropolitan,All persons,,TC4+5,Estimated resident population,1133237,,
Table3,2021-22,WA,PHN,PHN502,Perth South,Metropolitan,All persons,All-hours,TC4+5,"All-hours lower urgency ED, per 1,000 population, age-standardised",117,,
Table3,2021-22,WA,PHN,PHN502,Perth South,Metropolitan,All persons,In-hours,TC4+5,"In-hours lower urgency ED, per 1,000 population, age-standardised",62.3,,
Table3,2021-22,WA,PHN,PHN502,Perth South,Metropolitan,All persons,After-hours,TC4+5,"After-hours lower urgency ED, per 1,000 population, age-standardised",54.7,,
Table3,2021-22,WA,PHN,PHN502,Perth South,Metropolitan,All persons,All-hours,TC4+5,Number all-hours lower urgency ED,122055,,
Table3,2021-22,WA,PHN,PHN502,Perth South,Metropolitan,All persons,All-hours,All,Number total ED,345118,,
Table3,2021-22,WA,PHN,PHN502,Perth South,Metropolitan,All persons,,TC4+5,Estimated resident population,1065957,,
Table3,2021-22,WA,PHN,PHN503,Country WA,Regional,All persons,All-hours,TC4+5,"All-hours lower urgency ED, per 1,000 population, age-standardised",273.3,#,"Interpret with caution - Results only include data for formal public EDs, so does not include all emergency care provided by public hospitals. This may affect comparability of results for regional and remote areas"
Table3,2021-22,WA,PHN,PHN503,Country WA,Regional,All persons,In-hours,TC4+5,"In-hours lower urgency ED, per 1,000 population, age-standardised",161.9,#,"Interpret with caution - Results only include data for formal public EDs, so does not include all emergency care provided by public hospitals. This may affect comparability of results for regional and remote areas"
Table3,2021-22,WA,PHN,PHN503,Country WA,Regional,All persons,After-hours,TC4+5,"After-hours lower urgency ED, per 1,000 population, age-standardised",111.4,#,"Interpret with caution - Results only include data for formal public EDs, so does not include all emergency care provided by public hospitals. This may affect comparability of results for regional and remote areas"
Table3,2021-22,WA,PHN,PHN503,Country WA,Regional,All persons,All-hours,TC4+5,Number all-hours lower urgency ED,143306,#,"Interpret with caution - Results only include data for formal public EDs, so does not include all emergency care provided by public hospitals. This may affect comparability of results for regional and remote areas"
Table3,2021-22,WA,PHN,PHN503,Country WA,Regional,All persons,All-hours,All,Number total ED,299187,#,"Interpret with caution - Results only include data for formal public EDs, so does not include all emergency care provided by public hospitals. This may affect comparability of results for regional and remote areas"
Table3,2021-22,WA,PHN,PHN503,Country WA,Regional,All persons,,TC4+5,Estimated resident population,552488,,
Table3,2022-23,,PHN,003MET,Metropolitan,Metropolitan,All persons,All-hours,TC4+5,"All-hours lower urgency ED, per 1,000 population, age-standardised",85.4,,
Table3,2022-23,,PHN,003MET,Metropolitan,Metropolitan,All persons,In-hours,TC4+5,"In-hours lower urgency ED, per 1,000 population, age-standardised",44.3,,
Table3,2022-23,,PHN,003MET,Metropolitan,Metropolitan,All persons,After-hours,TC4+5,"After-hours lower urgency ED, per 1,000 population, age-standardised",41,,
Table3,2022-23,,PHN,003MET,Metropolitan,Metropolitan,All persons,All-hours,TC4+5,Number all-hours lower urgency ED,1411252,,
Table3,2022-23,,PHN,003MET,Metropolitan,Metropolitan,All persons,All-hours,All,Number total ED,4817338,,
Table3,2022-23,,PHN,003MET,Metropolitan,Metropolitan,All persons,,TC4+5,Estimated resident population,17043218,,
Table3,2022-23,,PHN,003REG,Regional,Regional,All persons,All-hours,TC4+5,"All-hours lower urgency ED, per 1,000 population, age-standardised",167.1,#,"Interpret with caution - Results only include data for formal public EDs, so does not include all emergency care provided by public hospitals. This may affect comparability of results for regional and remote areas"
Table3,2022-23,,PHN,003REG,Regional,Regional,All persons,In-hours,TC4+5,"In-hours lower urgency ED, per 1,000 population, age-standardised",94.3,#,"Interpret with caution - Results only include data for formal public EDs, so does not include all emergency care provided by public hospitals. This may affect comparability of results for regional and remote areas"
Table3,2022-23,,PHN,003REG,Regional,Regional,All persons,After-hours,TC4+5,"After-hours lower urgency ED, per 1,000 population, age-standardised",72.7,#,"Interpret with caution - Results only include data for formal public EDs, so does not include all emergency care provided by public hospitals. This may affect comparability of results for regional and remote areas"
Table3,2022-23,,PHN,003REG,Regional,Regional,All persons,All-hours,TC4+5,Number all-hours lower urgency ED,1413787,#,"Interpret with caution - Results only include data for formal public EDs, so does not include all emergency care provided by public hospitals. This may affect comparability of results for regional and remote areas"
Table3,2022-23,,PHN,003REG,Regional,Regional,All persons,All-hours,All,Number total ED,3838705,#,"Interpret with caution - Results only include data for formal public EDs, so does not include all emergency care provided by public hospitals. This may affect comparability of results for regional and remote areas"
Table3,2022-23,,PHN,003REG,Regional,Regional,All persons,,TC4+5,Estimated resident population,8970606,,
Table3,2022-23,ACT,PHN,PHN801,Australian Capital Territory,Metropolitan,All persons,All-hours,TC4+5,"All-hours lower urgency ED, per 1,000 population, age-standardised",101.9,,
Table3,2022-23,ACT,PHN,PHN801,Australian Capital Territory,Metropolitan,All persons,In-hours,TC4+5,"In-hours lower urgency ED, per 1,000 population, age-standardised",53.6,,
Table3,2022-23,ACT,PHN,PHN801,Australian Capital Territory,Metropolitan,All persons,After-hours,TC4+5,"After-hours lower urgency ED, per 1,000 population, age-standardised",48.3,,
Table3,2022-23,ACT,PHN,PHN801,Australian Capital Territory,Metropolitan,All persons,All-hours,TC4+5,Number all-hours lower urgency ED,45857,,
Table3,2022-23,ACT,PHN,PHN801,Australian Capital Territory,Metropolitan,All persons,All-hours,All,Number total ED,137111,,
Table3,2022-23,ACT,PHN,PHN801,Australian Capital Territory,Metropolitan,All persons,,TC4+5,Estimated resident population,456915,,
Table3,2022-23,NSW,PHN,PHN101,Central and Eastern Sydney,Metropolitan,All persons,All-hours,TC4+5,"All-hours lower urgency ED, per 1,000 population, age-standardised",101.4,,
Table3,2022-23,NSW,PHN,PHN101,Central and Eastern Sydney,Metropolitan,All persons,In-hours,TC4+5,"In-hours lower urgency ED, per 1,000 population, age-standardised",52.3,,
Table3,2022-23,NSW,PHN,PHN101,Central and Eastern Sydney,Metropolitan,All persons,After-hours,TC4+5,"After-hours lower urgency ED, per 1,000 population, age-standardised",49,,
Table3,2022-23,NSW,PHN,PHN101,Central and Eastern Sydney,Metropolitan,All persons,All-hours,TC4+5,Number all-hours lower urgency ED,147080,,
Table3,2022-23,NSW,PHN,PHN101,Central and Eastern Sydney,Metropolitan,All persons,All-hours,All,Number total ED,448347,,
Table3,2022-23,NSW,PHN,PHN101,Central and Eastern Sydney,Metropolitan,All persons,,TC4+5,Estimated resident population,1556223,,
Table3,2022-23,NSW,PHN,PHN102,Northern Sydney,Metropolitan,All persons,All-hours,TC4+5,"All-hours lower urgency ED, per 1,000 population, age-standardised",90.2,,
Table3,2022-23,NSW,PHN,PHN102,Northern Sydney,Metropolitan,All persons,In-hours,TC4+5,"In-hours lower urgency ED, per 1,000 population, age-standardised",44.8,,
Table3,2022-23,NSW,PHN,PHN102,Northern Sydney,Metropolitan,All persons,After-hours,TC4+5,"After-hours lower urgency ED, per 1,000 population, age-standardised",45.4,,
Table3,2022-23,NSW,PHN,PHN102,Northern Sydney,Metropolitan,All persons,All-hours,TC4+5,Number all-hours lower urgency ED,79903,,
Table3,2022-23,NSW,PHN,PHN102,Northern Sydney,Metropolitan,All persons,All-hours,All,Number total ED,227102,,
Table3,2022-23,NSW,PHN,PHN102,Northern Sydney,Metropolitan,All persons,,TC4+5,Estimated resident population,925902,,
Table3,2022-23,NSW,PHN,PHN103,Western Sydney,Metropolitan,All persons,All-hours,TC4+5,"All-hours lower urgency ED, per 1,000 population, age-standardised",79.3,,
Table3,2022-23,NSW,PHN,PHN103,Western Sydney,Metropolitan,All persons,In-hours,TC4+5,"In-hours lower urgency ED, per 1,000 population, age-standardised",39,,
Table3,2022-23,NSW,PHN,PHN103,Western Sydney,Metropolitan,All persons,After-hours,TC4+5,"After-hours lower urgency ED, per 1,000 population, age-standardised",40.3,,
Table3,2022-23,NSW,PHN,PHN103,Western Sydney,Metropolitan,All persons,All-hours,TC4+5,Number all-hours lower urgency ED,86136,,
Table3,2022-23,NSW,PHN,PHN103,Western Sydney,Metropolitan,All persons,All-hours,All,Number total ED,272609,,
Table3,2022-23,NSW,PHN,PHN103,Western Sydney,Metropolitan,All persons,,TC4+5,Estimated resident population,1079354,,
Table3,2022-23,NSW,PHN,PHN104,Nepean Blue Mountains,Metropolitan,All persons,All-hours,TC4+5,"All-hours lower urgency ED, per 1,000 population, age-standardised",123.1,,
Table3,2022-23,NSW,PHN,PHN104,Nepean Blue Mountains,Metropolitan,All persons,In-hours,TC4+5,"In-hours lower urgency ED, per 1,000 population, age-standardised",65,,
Table3,2022-23,NSW,PHN,PHN104,Nepean Blue Mountains,Metropolitan,All persons,After-hours,TC4+5,"After-hours lower urgency ED, per 1,000 population, age-standardised",58.1,,
Table3,2022-23,NSW,PHN,PHN104,Nepean Blue Mountains,Metropolitan,All persons,All-hours,TC4+5,Number all-hours lower urgency ED,47087,,
Table3,2022-23,NSW,PHN,PHN104,Nepean Blue Mountains,Metropolitan,All persons,All-hours,All,Number total ED,140315,,
Table3,2022-23,NSW,PHN,PHN104,Nepean Blue Mountains,Metropolitan,All persons,,TC4+5,Estimated resident population,387723,,
Table3,2022-23,NSW,PHN,PHN105,South Western Sydney,Metropolitan,All persons,All-hours,TC4+5,"All-hours lower urgency ED, per 1,000 population, age-standardised",88.8,,
Table3,2022-23,NSW,PHN,PHN105,South Western Sydney,Metropolitan,All persons,In-hours,TC4+5,"In-hours lower urgency ED, per 1,000 population, age-standardised",44.2,,
Table3,2022-23,NSW,PHN,PHN105,South Western Sydney,Metropolitan,All persons,After-hours,TC4+5,"After-hours lower urgency ED, per 1,000 population, age-standardised",44.6,,
Table3,2022-23,NSW,PHN,PHN105,South Western Sydney,Metropolitan,All persons,All-hours,TC4+5,Number all-hours lower urgency ED,95482,,
Table3,2022-23,NSW,PHN,PHN105,South Western Sydney,Metropolitan,All persons,All-hours,All,Number total ED,335582,,
Table3,2022-23,NSW,PHN,PHN105,South Western Sydney,Metropolitan,All persons,,TC4+5,Estimated resident population,1079195,,
Table3,2022-23,NSW,PHN,PHN106,South Eastern NSW,Regional,All persons,All-hours,TC4+5,"All-hours lower urgency ED, per 1,000 population, age-standardised",189.8,#,"Interpret with caution - Results only include data for formal public EDs, so does not include all emergency care provided by public hospitals. This may affect comparability of results for regional and remote areas"
Table3,2022-23,NSW,PHN,PHN106,South Eastern NSW,Regional,All persons,In-hours,TC4+5,"In-hours lower urgency ED, per 1,000 population, age-standardised",105.7,#,"Interpret with caution - Results only include data for formal public EDs, so does not include all emergency care provided by public hospitals. This may affect comparability of results for regional and remote areas"
Table3,2022-23,NSW,PHN,PHN106,South Eastern NSW,Regional,All persons,After-hours,TC4+5,"After-hours lower urgency ED, per 1,000 population, age-standardised",84.1,#,"Interpret with caution - Results only include data for formal public EDs, so does not include all emergency care provided by public hospitals. This may affect comparability of results for regional and remote areas"
Table3,2022-23,NSW,PHN,PHN106,South Eastern NSW,Regional,All persons,All-hours,TC4+5,Number all-hours lower urgency ED,116407,#,"Interpret with caution - Results only include data for formal public EDs, so does not include all emergency care provided by public hospitals. This may affect comparability of results for regional and remote areas"
Table3,2022-23,NSW,PHN,PHN106,South Eastern NSW,Regional,All persons,All-hours,All,Number total ED,290360,#,"Interpret with caution - Results only include data for formal public EDs, so does not include all emergency care provided by public hospitals. This may affect comparability of results for regional and remote areas"
Table3,2022-23,NSW,PHN,PHN106,South Eastern NSW,Regional,All persons,,TC4+5,Estimated resident population,648790,,
Table3,2022-23,NSW,PHN,PHN107,Western NSW,Regional,All persons,All-hours,TC4+5,"All-hours lower urgency ED, per 1,000 population, age-standardised",358.1,#,"Interpret with caution - Results only include data for formal public EDs, so does not include all emergency care provided by public hospitals. This may affect comparability of results for regional and remote areas"
Table3,2022-23,NSW,PHN,PHN107,Western NSW,Regional,All persons,In-hours,TC4+5,"In-hours lower urgency ED, per 1,000 population, age-standardised",212.8,#,"Interpret with caution - Results only include data for formal public EDs, so does not include all emergency care provided by public hospitals. This may affect comparability of results for regional and remote areas"
Table3,2022-23,NSW,PHN,PHN107,Western NSW,Regional,All persons,After-hours,TC4+5,"After-hours lower urgency ED, per 1,000 population, age-standardised",145.3,#,"Interpret with caution - Results only include data for formal public EDs, so does not include all emergency care provided by public hospitals. This may affect comparability of results for regional and remote areas"
Table3,2022-23,NSW,PHN,PHN107,Western NSW,Regional,All persons,All-hours,TC4+5,Number all-hours lower urgency ED,107926,#,"Interpret with caution - Results only include data for formal public EDs, so does not include all emergency care provided by public hospitals. This may affect comparability of results for regional and remote areas"
Table3,2022-23,NSW,PHN,PHN107,Western NSW,Regional,All persons,All-hours,All,Number total ED,224875,#,"Interpret with caution - Results only include data for formal public EDs, so does not include all emergency care provided by public hospitals. This may affect comparability of results for regional and remote areas"
Table3,2022-23,NSW,PHN,PHN107,Western NSW,Regional,All persons,,TC4+5,Estimated resident population,312910,,
Table3,2022-23,NSW,PHN,PHN108,Hunter New England and Central Coast,Regional,All persons,All-hours,TC4+5,"All-hours lower urgency ED, per 1,000 population, age-standardised",195.1,#,"Interpret with caution - Results only include data for formal public EDs, so does not include all emergency care provided by public hospitals. This may affect comparability of results for regional and remote areas"
Table3,2022-23,NSW,PHN,PHN108,Hunter New England and Central Coast,Regional,All persons,In-hours,TC4+5,"In-hours lower urgency ED, per 1,000 population, age-standardised",108.1,#,"Interpret with caution - Results only include data for formal public EDs, so does not include all emergency care provided by public hospitals. This may affect comparability of results for regional and remote areas"
Table3,2022-23,NSW,PHN,PHN108,Hunter New England and Central Coast,Regional,All persons,After-hours,TC4+5,"After-hours lower urgency ED, per 1,000 population, age-standardised",87,#,"Interpret with caution - Results only include data for formal public EDs, so does not include all emergency care provided by public hospitals. This may affect comparability of results for regional and remote areas"
Table3,2022-23,NSW,PHN,PHN108,Hunter New England and Central Coast,Regional,All persons,All-hours,TC4+5,Number all-hours lower urgency ED,243951,#,"Interpret with caution - Results only include data for formal public EDs, so does not include all emergency care provided by public hospitals. This may affect comparability of results for regional and remote areas"
Table3,2022-23,NSW,PHN,PHN108,Hunter New England and Central Coast,Regional,All persons,All-hours,All,Number total ED,597098,#,"Interpret with caution - Results only include data for formal public EDs, so does not include all emergency care provided by public hospitals. This may affect comparability of results for regional and remote areas"
Table3,2022-23,NSW,PHN,PHN108,Hunter New England and Central Coast,Regional,All persons,,TC4+5,Estimated resident population,1323780,,
Table3,2022-23,NSW,PHN,PHN109,North Coast,Regional,All persons,All-hours,TC4+5,"All-hours lower urgency ED, per 1,000 population, age-standardised",282.6,#,"Interpret with caution - Results only include data for formal public EDs, so does not include all emergency care provided by public hospitals. This may affect comparability of results for regional and remote areas"
Table3,2022-23,NSW,PHN,PHN109,North Coast,Regional,All persons,In-hours,TC4+5,"In-hours lower urgency ED, per 1,000 population, age-standardised",166.1,#,"Interpret with caution - Results only include data for formal public EDs, so does not include all emergency care provided by public hospitals. This may affect comparability of results for regional and remote areas"
Table3,2022-23,NSW,PHN,PHN109,North Coast,Regional,All persons,After-hours,TC4+5,"After-hours lower urgency ED, per 1,000 population, age-standardised",116.5,#,"Interpret with caution - Results only include data for formal public EDs, so does not include all emergency care provided by public hospitals. This may affect comparability of results for regional and remote areas"
Table3,2022-23,NSW,PHN,PHN109,North Coast,Regional,All persons,All-hours,TC4+5,Number all-hours lower urgency ED,139491,#,"Interpret with caution - Results only include data for formal public EDs, so does not include all emergency care provided by public hospitals. This may affect comparability of results for regional and remote areas"
Table3,2022-23,NSW,PHN,PHN109,North Coast,Regional,All persons,All-hours,All,Number total ED,334628,#,"Interpret with caution - Results only include data for formal public EDs, so does not include all emergency care provided by public hospitals. This may affect comparability of results for regional and remote areas"
Table3,2022-23,NSW,PHN,PHN109,North Coast,Regional,All persons,,TC4+5,Estimated resident population,546922,,
Table3,2022-23,NSW,PHN,PHN110,Murrumbidgee,Regional,All persons,All-hours,TC4+5,"All-hours lower urgency ED, per 1,000 population, age-standardised",286.1,#,"Interpret with caution - Results only include data for formal public EDs, so does not include all emergency care provided by public hospitals. This may affect comparability of results for regional and remote areas"
Table3,2022-23,NSW,PHN,PHN110,Murrumbidgee,Regional,All persons,In-hours,TC4+5,"In-hours lower urgency ED, per 1,000 population, age-standardised",168.6,#,"Interpret with caution - Results only include data for formal public EDs, so does not include all emergency care provided by public hospitals. This may affect comparability of results for regional and remote areas"
Table3,2022-23,NSW,PHN,PHN110,Murrumbidgee,Regional,All persons,After-hours,TC4+5,"After-hours lower urgency ED, per 1,000 population, age-standardised",117.5,#,"Interpret with caution - Results only include data for formal public EDs, so does not include all emergency care provided by public hospitals. This may affect comparability of results for regional and remote areas"
Table3,2022-23,NSW,PHN,PHN110,Murrumbidgee,Regional,All persons,All-hours,TC4+5,Number all-hours lower urgency ED,68958,#,"Interpret with caution - Results only include data for formal public EDs, so does not include all emergency care provided by public hospitals. This may affect comparability of results for regional and remote areas"
Table3,2022-23,NSW,PHN,PHN110,Murrumbidgee,Regional,All persons,All-hours,All,Number total ED,160694,#,"Interpret with caution - Results only include data for formal public EDs, so does not include all emergency care provided by public hospitals. This may affect comparability of results for regional and remote areas"
Table3,2022-23,NSW,PHN,PHN110,Murrumbidgee,Regional,All persons,,TC4+5,Estimated resident population,249247,,
Table3,2022-23,NT,PHN,PHN701,Northern Territory,Regional,All persons,All-hours,TC4+5,"All-hours lower urgency ED, per 1,000 population, age-standardised",266.8,#,"Interpret with caution - Results only include data for formal public EDs, so does not include all emergency care provided by public hospitals. This may affect comparability of results for regional and remote areas"
Table3,2022-23,NT,PHN,PHN701,Northern Territory,Regional,All persons,In-hours,TC4+5,"In-hours lower urgency ED, per 1,000 population, age-standardised",153.3,#,"Interpret with caution - Results only include data for formal public EDs, so does not include all emergency care provided by public hospitals. This may affect comparability of results for regional and remote areas"
Table3,2022-23,NT,PHN,PHN701,Northern Territory,Regional,All persons,After-hours,TC4+5,"After-hours lower urgency ED, per 1,000 population, age-standardised",113.6,#,"Interpret with caution - Results only include data for formal public EDs, so does not include all emergency care provided by public hospitals. This may affect comparability of results for regional and remote areas"
Table3,2022-23,NT,PHN,PHN701,Northern Territory,Regional,All persons,All-hours,TC4+5,Number all-hours lower urgency ED,66932,#,"Interpret with caution - Results only include data for formal public EDs, so does not include all emergency care provided by public hospitals. This may affect comparability of results for regional and remote areas"
Table3,2022-23,NT,PHN,PHN701,Northern Territory,Regional,All persons,All-hours,All,Number total ED,172693,#,"Interpret with caution - Results only include data for formal public EDs, so does not include all emergency care provided by public hospitals. This may affect comparability of results for regional and remote areas"
Table3,2022-23,NT,PHN,PHN701,Northern Territory,Regional,All persons,,TC4+5,Estimated resident population,250213,,
Table3,2022-23,,NAT,001NAT,National,National,All persons,All-hours,TC4+5,"All-hours lower urgency ED, per 1,000 population, age-standardised",114.3,,
Table3,2022-23,,NAT,001NAT,National,National,All persons,In-hours,TC4+5,"In-hours lower urgency ED, per 1,000 population, age-standardised",61.9,,
Table3,2022-23,,NAT,001NAT,National,National,All persons,After-hours,TC4+5,"After-hours lower urgency ED, per 1,000 population, age-standardised",52.4,,
Table3,2022-23,,NAT,001NAT,National,National,All persons,All-hours,TC4+5,Number all-hours lower urgency ED,2874630,,
Table3,2022-23,,NAT,001NAT,National,National,All persons,All-hours,All,Number total ED,8800919,,
Table3,2022-23,,NAT,001NAT,National,National,All persons,,TC4+5,Estimated resident population,26014399,,
Table3,2022-23,Qld,PHN,PHN301,Brisbane North,Metropolitan,All persons,All-hours,TC4+5,"All-hours lower urgency ED, per 1,000 population, age-standardised",87.5,,
Table3,2022-23,Qld,PHN,PHN301,Brisbane North,Metropolitan,All persons,In-hours,TC4+5,"In-hours lower urgency ED, per 1,000 population, age-standardised",46.5,,
Table3,2022-23,Qld,PHN,PHN301,Brisbane North,Metropolitan,All persons,After-hours,TC4+5,"After-hours lower urgency ED, per 1,000 population, age-standardised",41,,
Table3,2022-23,Qld,PHN,PHN301,Brisbane North,Metropolitan,All persons,All-hours,TC4+5,Number all-hours lower urgency ED,90344,,
Table3,2022-23,Qld,PHN,PHN301,Brisbane North,Metropolitan,All persons,All-hours,All,Number total ED,344071,,
Table3,2022-23,Qld,PHN,PHN301,Brisbane North,Metropolitan,All persons,,TC4+5,Estimated resident population,1086500,,
Table3,2022-23,Qld,PHN,PHN302,Brisbane South,Metropolitan,All persons,All-hours,TC4+5,"All-hours lower urgency ED, per 1,000 population, age-standardised",71.5,,
Table3,2022-23,Qld,PHN,PHN302,Brisbane South,Metropolitan,All persons,In-hours,TC4+5,"In-hours lower urgency ED, per 1,000 population, age-standardised",38.7,,
Table3,2022-23,Qld,PHN,PHN302,Brisbane South,Metropolitan,All persons,After-hours,TC4+5,"After-hours lower urgency ED, per 1,000 population, age-standardised",32.8,,
Table3,2022-23,Qld,PHN,PHN302,Brisbane South,Metropolitan,All persons,All-hours,TC4+5,Number all-hours lower urgency ED,86427,,
Table3,2022-23,Qld,PHN,PHN302,Brisbane South,Metropolitan,All persons,All-hours,All,Number total ED,391139,,
Table3,2022-23,Qld,PHN,PHN302,Brisbane South,Metropolitan,All persons,,TC4+5,Estimated resident population,1236702,,
Table3,2022-23,Qld,PHN,PHN303,Gold Coast,Metropolitan,All persons,All-hours,TC4+5,"All-hours lower urgency ED, per 1,000 population, age-standardised",60.4,,
Table3,2022-23,Qld,PHN,PHN303,Gold Coast,Metropolitan,All persons,In-hours,TC4+5,"In-hours lower urgency ED, per 1,000 population, age-standardised",33.7,,
Table3,2022-23,Qld,PHN,PHN303,Gold Coast,Metropolitan,All persons,After-hours,TC4+5,"After-hours lower urgency ED, per 1,000 population, age-standardised",26.7,,
Table3,2022-23,Qld,PHN,PHN303,Gold Coast,Metropolitan,All persons,All-hours,TC4+5,Number all-hours lower urgency ED,38106,,
Table3,2022-23,Qld,PHN,PHN303,Gold Coast,Metropolitan,All persons,All-hours,All,Number total ED,183455,,
Table3,2022-23,Qld,PHN,PHN303,Gold Coast,Metropolitan,All persons,,TC4+5,Estimated resident population,663208,,
Table3,2022-23,Qld,PHN,PHN304,Darling Downs and West Moreton,Regional,All persons,All-hours,TC4+5,"All-hours lower urgency ED, per 1,000 population, age-standardised",49.8,#,"Interpret with caution - Results only include data for formal public EDs, so does not include all emergency care provided by public hospitals. This may affect comparability of results for regional and remote areas"
Table3,2022-23,Qld,PHN,PHN304,Darling Downs and West Moreton,Regional,All persons,In-hours,TC4+5,"In-hours lower urgency ED, per 1,000 population, age-standardised",26.8,#,"Interpret with caution - Results only include data for formal public EDs, so does not include all emergency care provided by public hospitals. This may affect comparability of results for regional and remote areas"
Table3,2022-23,Qld,PHN,PHN304,Darling Downs and West Moreton,Regional,All persons,After-hours,TC4+5,"After-hours lower urgency ED, per 1,000 population, age-standardised",23.1,#,"Interpret with caution - Results only include data for formal public EDs, so does not include all emergency care provided by public hospitals. This may affect comparability of results for regional and remote areas"
Table3,2022-23,Qld,PHN,PHN304,Darling Downs and West Moreton,Regional,All persons,All-hours,TC4+5,Number all-hours lower urgency ED,29778,#,"Interpret with caution - Results only include data for formal public EDs, so does not include all emergency care provided by public hospitals. This may affect comparability of results for regional and remote areas"
Table3,2022-23,Qld,PHN,PHN304,Darling Downs and West Moreton,Regional,All persons,All-hours,All,Number total ED,166196,#,"Interpret with caution - Results only include data for formal public EDs, so does not include all emergency care provided by public hospitals. This may affect comparability of results for regional and remote areas"
Table3,2022-23,Qld,PHN,PHN304,Darling Downs and West Moreton,Regional,All persons,,TC4+5,Estimated resident population,621422,,
Table3,2022-23,Qld,PHN,PHN305,Western Queensland,Regional,All persons,All-hours,TC4+5,"All-hours lower urgency ED, per 1,000 population, age-standardised",226.3,#,"Interpret with caution - Results only include data for formal public EDs, so does not include all emergency care provided by public hospitals. This may affect comparability of results for regional and remote areas"
Table3,2022-23,Qld,PHN,PHN305,Western Queensland,Regional,All persons,In-hours,TC4+5,"In-hours lower urgency ED, per 1,000 population, age-standardised",135.3,#,"Interpret with caution - Results only include data for formal public EDs, so does not include all emergency care provided by public hospitals. This may affect comparability of results for regional and remote areas"
Table3,2022-23,Qld,PHN,PHN305,Western Queensland,Regional,All persons,After-hours,TC4+5,"After-hours lower urgency ED, per 1,000 population, age-standardised",91,#,"Interpret with caution - Results only include data for formal public EDs, so does not include all emergency care provided by public hospitals. This may affect comparability of results for regional and remote areas"
Table3,2022-23,Qld,PHN,PHN305,Western Queensland,Regional,All persons,All-hours,TC4+5,Number all-hours lower urgency ED,14203,#,"Interpret with caution - Results only include data for formal public EDs, so does not include all emergency care provided by public hospitals. This may affect comparability of results for regional and remote areas"
Table3,2022-23,Qld,PHN,PHN305,Western Queensland,Regional,All persons,All-hours,All,Number total ED,33517,#,"Interpret with caution - Results only include data for formal public EDs, so does not include all emergency care provided by public hospitals. This may affect comparability of results for regional and remote areas"
Table3,2022-23,Qld,PHN,PHN305,Western Queensland,Regional,All persons,,TC4+5,Estimated resident population,63679,,
Table3,2022-23,Qld,PHN,PHN306,"Central Queensland, Wide Bay, Sunshine Coast",Regional,All persons,All-hours,TC4+5,"All-hours lower urgency ED, per 1,000 population, age-standardised",119.7,#,"Interpret with caution - Results only include data for formal public EDs, so does not include all emergency care provided by public hospitals. This may affect comparability of results for regional and remote areas"
Table3,2022-23,Qld,PHN,PHN306,"Central Queensland, Wide Bay, Sunshine Coast",Regional,All persons,In-hours,TC4+5,"In-hours lower urgency ED, per 1,000 population, age-standardised",67.2,#,"Interpret with caution - Results only include data for formal public EDs, so does not include all emergency care provided by public hospitals. This may affect comparability of results for regional and remote areas"
Table3,2022-23,Qld,PHN,PHN306,"Central Queensland, Wide Bay, Sunshine Coast",Regional,All persons,After-hours,TC4+5,"After-hours lower urgency ED, per 1,000 population, age-standardised",52.5,#,"Interpret with caution - Results only include data for formal public EDs, so does not include all emergency care provided by public hospitals. This may affect comparability of results for regional and remote areas"
Table3,2022-23,Qld,PHN,PHN306,"Central Queensland, Wide Bay, Sunshine Coast",Regional,All persons,All-hours,TC4+5,Number all-hours lower urgency ED,101894,#,"Interpret with caution - Results only include data for formal public EDs, so does not include all emergency care provided by public hospitals. This may affect comparability of results for regional and remote areas"
Table3,2022-23,Qld,PHN,PHN306,"Central Queensland, Wide Bay, Sunshine Coast",Regional,All persons,All-hours,All,Number total ED,363475,#,"Interpret with caution - Results only include data for formal public EDs, so does not include all emergency care provided by public hospitals. This may affect comparability of results for regional and remote areas"
Table3,2022-23,Qld,PHN,PHN306,"Central Queensland, Wide Bay, Sunshine Coast",Regional,All persons,,TC4+5,Estimated resident population,928878,,
Table3,2022-23,Qld,PHN,PHN307,Northern Queensland,Regional,All persons,All-hours,TC4+5,"All-hours lower urgency ED, per 1,000 population, age-standardised",76.3,#,"Interpret with caution - Results only include data for formal public EDs, so does not include all emergency care provided by public hospitals. This may affect comparability of results for regional and remote areas"
Table3,2022-23,Qld,PHN,PHN307,Northern Queensland,Regional,All persons,In-hours,TC4+5,"In-hours lower urgency ED, per 1,000 population, age-standardised",41.2,#,"Interpret with caution - Results only include data for formal public EDs, so does not include all emergency care provided by public hospitals. This may affect comparability of results for regional and remote areas"
Table3,2022-23,Qld,PHN,PHN307,Northern Queensland,Regional,All persons,After-hours,TC4+5,"After-hours lower urgency ED, per 1,000 population, age-standardised",35,#,"Interpret with caution - Results only include data for formal public EDs, so does not include all emergency care provided by public hospitals. This may affect comparability of results for regional and remote areas"
Table3,2022-23,Qld,PHN,PHN307,Northern Queensland,Regional,All persons,All-hours,TC4+5,Number all-hours lower urgency ED,53081,#,"Interpret with caution - Results only include data for formal public EDs, so does not include all emergency care provided by public hospitals. This may affect comparability of results for regional and remote areas"
Table3,2022-23,Qld,PHN,PHN307,Northern Queensland,Regional,All persons,All-hours,All,Number total ED,233170,#,"Interpret with caution - Results only include data for formal public EDs, so does not include all emergency care provided by public hospitals. This may affect comparability of results for regional and remote areas"
Table3,2022-23,Qld,PHN,PHN307,Northern Queensland,Regional,All persons,,TC4+5,Estimated resident population,722553,,
Table3,2022-23,SA,PHN,PHN401,Adelaide,Metropolitan,All persons,All-hours,TC4+5,"All-hours lower urgency ED, per 1,000 population, age-standardised",85.6,,
Table3,2022-23,SA,PHN,PHN401,Adelaide,Metropolitan,All persons,In-hours,TC4+5,"In-hours lower urgency ED, per 1,000 population, age-standardised",44.2,,
Table3,2022-23,SA,PHN,PHN401,Adelaide,Metropolitan,All persons,After-hours,TC4+5,"After-hours lower urgency ED, per 1,000 population, age-standardised",41.5,,
Table3,2022-23,SA,PHN,PHN401,Adelaide,Metropolitan,All persons,All-hours,TC4+5,Number all-hours lower urgency ED,104330,,
Table3,2022-23,SA,PHN,PHN401,Adelaide,Metropolitan,All persons,All-hours,All,Number total ED,392264,,
Table3,2022-23,SA,PHN,PHN401,Adelaide,Metropolitan,All persons,,TC4+5,Estimated resident population,1296329,,
Table3,2022-23,SA,PHN,PHN402,Country SA,Regional,All persons,All-hours,TC4+5,"All-hours lower urgency ED, per 1,000 population, age-standardised",163.8,#,"Interpret with caution - Results only include data for formal public EDs, so does not include all emergency care provided by public hospitals. This may affect comparability of results for regional and remote areas"
Table3,2022-23,SA,PHN,PHN402,Country SA,Regional,All persons,In-hours,TC4+5,"In-hours lower urgency ED, per 1,000 population, age-standardised",90.1,#,"Interpret with caution - Results only include data for formal public EDs, so does not include all emergency care provided by public hospitals. This may affect comparability of results for regional and remote areas"
Table3,2022-23,SA,PHN,PHN402,Country SA,Regional,All persons,After-hours,TC4+5,"After-hours lower urgency ED, per 1,000 population, age-standardised",73.7,#,"Interpret with caution - Results only include data for formal public EDs, so does not include all emergency care provided by public hospitals. This may affect comparability of results for regional and remote areas"
Table3,2022-23,SA,PHN,PHN402,Country SA,Regional,All persons,All-hours,TC4+5,Number all-hours lower urgency ED,78965,#,"Interpret with caution - Results only include data for formal public EDs, so does not include all emergency care provided by public hospitals. This may affect comparability of results for regional and remote areas"
Table3,2022-23,SA,PHN,PHN402,Country SA,Regional,All persons,All-hours,All,Number total ED,204065,#,"Interpret with caution - Results only include data for formal public EDs, so does not include all emergency care provided by public hospitals. This may affect comparability of results for regional and remote areas"
Table3,2022-23,SA,PHN,PHN402,Country SA,Regional,All persons,,TC4+5,Estimated resident population,524886,,
Table3,2022-23,Tas,PHN,PHN601,Tasmania,Regional,All persons,All-hours,TC4+5,"All-hours lower urgency ED, per 1,000 population, age-standardised",103.4,#,"Interpret with caution - Results only include data for formal public EDs, so does not include all emergency care provided by public hospitals. This may affect comparability of results for regional and remote areas"
Table3,2022-23,Tas,PHN,PHN601,Tasmania,Regional,All persons,In-hours,TC4+5,"In-hours lower urgency ED, per 1,000 population, age-standardised",57.8,#,"Interpret with caution - Results only include data for formal public EDs, so does not include all emergency care provided by public hospitals. This may affect comparability of results for regional and remote areas"
Table3,2022-23,Tas,PHN,PHN601,Tasmania,Regional,All persons,After-hours,TC4+5,"After-hours lower urgency ED, per 1,000 population, age-standardised",45.6,#,"Interpret with caution - Results only include data for formal public EDs, so does not include all emergency care provided by public hospitals. This may affect comparability of results for regional and remote areas"
Table3,2022-23,Tas,PHN,PHN601,Tasmania,Regional,All persons,All-hours,TC4+5,Number all-hours lower urgency ED,54658,#,"Interpret with caution - Results only include data for formal public EDs, so does not include all emergency care provided by public hospitals. This may affect comparability of results for regional and remote areas"
Table3,2022-23,Tas,PHN,PHN601,Tasmania,Regional,All persons,All-hours,All,Number total ED,172397,#,"Interpret with caution - Results only include data for formal public EDs, so does not include all emergency care provided by public hospitals. This may affect comparability of results for regional and remote areas"
Table3,2022-23,Tas,PHN,PHN601,Tasmania,Regional,All persons,,TC4+5,Estimated resident population,571051,,
Table3,2022-23,Vic,PHN,PHN201,North Western Melbourne,Metropolitan,All persons,All-hours,TC4+5,"All-hours lower urgency ED, per 1,000 population, age-standardised",91.8,,
Table3,2022-23,Vic,PHN,PHN201,North Western Melbourne,Metropolitan,All persons,In-hours,TC4+5,"In-hours lower urgency ED, per 1,000 population, age-standardised",47.7,,
Table3,2022-23,Vic,PHN,PHN201,North Western Melbourne,Metropolitan,All persons,After-hours,TC4+5,"After-hours lower urgency ED, per 1,000 population, age-standardised",44.1,,
Table3,2022-23,Vic,PHN,PHN201,North Western Melbourne,Metropolitan,All persons,All-hours,TC4+5,Number all-hours lower urgency ED,171648,,
Table3,2022-23,Vic,PHN,PHN201,North Western Melbourne,Metropolitan,All persons,All-hours,All,Number total ED,514563,,
Table3,2022-23,Vic,PHN,PHN201,North Western Melbourne,Metropolitan,All persons,,TC4+5,Estimated resident population,1889335,,
Table3,2022-23,Vic,PHN,PHN202,Eastern Melbourne,Metropolitan,All persons,All-hours,TC4+5,"All-hours lower urgency ED, per 1,000 population, age-standardised",71,,
Table3,2022-23,Vic,PHN,PHN202,Eastern Melbourne,Metropolitan,All persons,In-hours,TC4+5,"In-hours lower urgency ED, per 1,000 population, age-standardised",36.3,,
Table3,2022-23,Vic,PHN,PHN202,Eastern Melbourne,Metropolitan,All persons,After-hours,TC4+5,"After-hours lower urgency ED, per 1,000 population, age-standardised",34.7,,
Table3,2022-23,Vic,PHN,PHN202,Eastern Melbourne,Metropolitan,All persons,All-hours,TC4+5,Number all-hours lower urgency ED,104224,,
Table3,2022-23,Vic,PHN,PHN202,Eastern Melbourne,Metropolitan,All persons,All-hours,All,Number total ED,368452,,
Table3,2022-23,Vic,PHN,PHN202,Eastern Melbourne,Metropolitan,All persons,,TC4+5,Estimated resident population,1545220,,
Table3,2022-23,Vic,PHN,PHN203,South Eastern Melbourne,Metropolitan,All persons,All-hours,TC4+5,"All-hours lower urgency ED, per 1,000 population, age-standardised",65.4,,
Table3,2022-23,Vic,PHN,PHN203,South Eastern Melbourne,Metropolitan,All persons,In-hours,TC4+5,"In-hours lower urgency ED, per 1,000 population, age-standardised",33.6,,
Table3,2022-23,Vic,PHN,PHN203,South Eastern Melbourne,Metropolitan,All persons,After-hours,TC4+5,"After-hours lower urgency ED, per 1,000 population, age-standardised",31.8,,
Table3,2022-23,Vic,PHN,PHN203,South Eastern Melbourne,Metropolitan,All persons,All-hours,TC4+5,Number all-hours lower urgency ED,101730,,
Table3,2022-23,Vic,PHN,PHN203,South Eastern Melbourne,Metropolitan,All persons,All-hours,All,Number total ED,402841,,
Table3,2022-23,Vic,PHN,PHN203,South Eastern Melbourne,Metropolitan,All persons,,TC4+5,Estimated resident population,1605106,,
Table3,2022-23,Vic,PHN,PHN204,Gippsland,Regional,All persons,All-hours,TC4+5,"All-hours lower urgency ED, per 1,000 population, age-standardised",159.7,#,"Interpret with caution - Results only include data for formal public EDs, so does not include all emergency care provided by public hospitals. This may affect comparability of results for regional and remote areas"
Table3,2022-23,Vic,PHN,PHN204,Gippsland,Regional,All persons,In-hours,TC4+5,"In-hours lower urgency ED, per 1,000 population, age-standardised",85.1,#,"Interpret with caution - Results only include data for formal public EDs, so does not include all emergency care provided by public hospitals. This may affect comparability of results for regional and remote areas"
Table3,2022-23,Vic,PHN,PHN204,Gippsland,Regional,All persons,After-hours,TC4+5,"After-hours lower urgency ED, per 1,000 population, age-standardised",74.6,#,"Interpret with caution - Results only include data for formal public EDs, so does not include all emergency care provided by public hospitals. This may affect comparability of results for regional and remote areas"
Table3,2022-23,Vic,PHN,PHN204,Gippsland,Regional,All persons,All-hours,TC4+5,Number all-hours lower urgency ED,43791,#,"Interpret with caution - Results only include data for formal public EDs, so does not include all emergency care provided by public hospitals. This may affect comparability of results for regional and remote areas"
Table3,2022-23,Vic,PHN,PHN204,Gippsland,Regional,All persons,All-hours,All,Number total ED,124179,#,"Interpret with caution - Results only include data for formal public EDs, so does not include all emergency care provided by public hospitals. This may affect comparability of results for regional and remote areas"
Table3,2022-23,Vic,PHN,PHN204,Gippsland,Regional,All persons,,TC4+5,Estimated resident population,304424,,
Table3,2022-23,Vic,PHN,PHN205,Murray,Regional,All persons,All-hours,TC4+5,"All-hours lower urgency ED, per 1,000 population, age-standardised",166.1,#,"Interpret with caution - Results only include data for formal public EDs, so does not include all emergency care provided by public hospitals. This may affect comparability of results for regional and remote areas"
Table3,2022-23,Vic,PHN,PHN205,Murray,Regional,All persons,In-hours,TC4+5,"In-hours lower urgency ED, per 1,000 population, age-standardised",90.4,#,"Interpret with caution - Results only include data for formal public EDs, so does not include all emergency care provided by public hospitals. This may affect comparability of results for regional and remote areas"
Table3,2022-23,Vic,PHN,PHN205,Murray,Regional,All persons,After-hours,TC4+5,"After-hours lower urgency ED, per 1,000 population, age-standardised",75.7,#,"Interpret with caution - Results only include data for formal public EDs, so does not include all emergency care provided by public hospitals. This may affect comparability of results for regional and remote areas"
Table3,2022-23,Vic,PHN,PHN205,Murray,Regional,All persons,All-hours,TC4+5,Number all-hours lower urgency ED,98706,#,"Interpret with caution - Results only include data for formal public EDs, so does not include all emergency care provided by public hospitals. This may affect comparability of results for regional and remote areas"
Table3,2022-23,Vic,PHN,PHN205,Murray,Regional,All persons,All-hours,All,Number total ED,271240,#,"Interpret with caution - Results only include data for formal public EDs, so does not include all emergency care provided by public hospitals. This may affect comparability of results for regional and remote areas"
Table3,2022-23,Vic,PHN,PHN205,Murray,Regional,All persons,,TC4+5,Estimated resident population,644810,,
Table3,2022-23,Vic,PHN,PHN206,Western Victoria,Regional,All persons,All-hours,TC4+5,"All-hours lower urgency ED, per 1,000 population, age-standardised",81.2,#,"Interpret with caution - Results only include data for formal public EDs, so does not include all emergency care provided by public hospitals. This may affect comparability of results for regional and remote areas"
Table3,2022-23,Vic,PHN,PHN206,Western Victoria,Regional,All persons,In-hours,TC4+5,"In-hours lower urgency ED, per 1,000 population, age-standardised",42.6,#,"Interpret with caution - Results only include data for formal public EDs, so does not include all emergency care provided by public hospitals. This may affect comparability of results for regional and remote areas"
Table3,2022-23,Vic,PHN,PHN206,Western Victoria,Regional,All persons,After-hours,TC4+5,"After-hours lower urgency ED, per 1,000 population, age-standardised",38.6,#,"Interpret with caution - Results only include data for formal public EDs, so does not include all emergency care provided by public hospitals. This may affect comparability of results for regional and remote areas"
Table3,2022-23,Vic,PHN,PHN206,Western Victoria,Regional,All persons,All-hours,TC4+5,Number all-hours lower urgency ED,52784,#,"Interpret with caution - Results only include data for formal public EDs, so does not include all emergency care provided by public hospitals. This may affect comparability of results for regional and remote areas"
Table3,2022-23,Vic,PHN,PHN206,Western Victoria,Regional,All persons,All-hours,All,Number total ED,183993,#,"Interpret with caution - Results only include data for formal public EDs, so does not include all emergency care provided by public hospitals. This may affect comparability of results for regional and remote areas"
Table3,2022-23,Vic,PHN,PHN206,Western Victoria,Regional,All persons,,TC4+5,Estimated resident population,698354,,
Table3,2022-23,WA,PHN,PHN501,Perth North,Metropolitan,All persons,All-hours,TC4+5,"All-hours lower urgency ED, per 1,000 population, age-standardised",88.8,,
Table3,2022-23,WA,PHN,PHN501,Perth North,Metropolitan,All persons,In-hours,TC4+5,"In-hours lower urgency ED, per 1,000 population, age-standardised",47.5,,
Table3,2022-23,WA,PHN,PHN501,Perth North,Metropolitan,All persons,After-hours,TC4+5,"After-hours lower urgency ED, per 1,000 population, age-standardised",41.3,,
Table3,2022-23,WA,PHN,PHN501,Perth North,Metropolitan,All persons,All-hours,TC4+5,Number all-hours lower urgency ED,98376,,
Table3,2022-23,WA,PHN,PHN501,Perth North,Metropolitan,All persons,All-hours,All,Number total ED,320731,,
Table3,2022-23,WA,PHN,PHN501,Perth North,Metropolitan,All persons,,TC4+5,Estimated resident population,1149366,,
Table3,2022-23,WA,PHN,PHN502,Perth South,Metropolitan,All persons,All-hours,TC4+5,"All-hours lower urgency ED, per 1,000 population, age-standardised",107.9,,
Table3,2022-23,WA,PHN,PHN502,Perth South,Metropolitan,All persons,In-hours,TC4+5,"In-hours lower urgency ED, per 1,000 population, age-standardised",58.2,,
Table3,2022-23,WA,PHN,PHN502,Perth South,Metropolitan,All persons,After-hours,TC4+5,"After-hours lower urgency ED, per 1,000 population, age-standardised",49.7,,
Table3,2022-23,WA,PHN,PHN502,Perth South,Metropolitan,All persons,All-hours,TC4+5,Number all-hours lower urgency ED,114522,,
Table3,2022-23,WA,PHN,PHN502,Perth South,Metropolitan,All persons,All-hours,All,Number total ED,338756,,
Table3,2022-23,WA,PHN,PHN502,Perth South,Metropolitan,All persons,,TC4+5,Estimated resident population,1086141,,
Table3,2022-23,WA,PHN,PHN503,Country WA,Regional,All persons,All-hours,TC4+5,"All-hours lower urgency ED, per 1,000 population, age-standardised",268.8,#,"Interpret with caution - Results only include data for formal public EDs, so does not include all emergency care provided by public hospitals. This may affect comparability of results for regional and remote areas"
Table3,2022-23,WA,PHN,PHN503,Country WA,Regional,All persons,In-hours,TC4+5,"In-hours lower urgency ED, per 1,000 population, age-standardised",158.6,#,"Interpret with caution - Results only include data for formal public EDs, so does not include all emergency care provided by public hospitals. This may affect comparability of results for regional and remote areas"
Table3,2022-23,WA,PHN,PHN503,Country WA,Regional,All persons,After-hours,TC4+5,"After-hours lower urgency ED, per 1,000 population, age-standardised",110.2,#,"Interpret with caution - Results only include data for formal public EDs, so does not include all emergency care provided by public hospitals. This may affect comparability of results for regional and remote areas"
Table3,2022-23,WA,PHN,PHN503,Country WA,Regional,All persons,All-hours,TC4+5,Number all-hours lower urgency ED,142263,#,"Interpret with caution - Results only include data for formal public EDs, so does not include all emergency care provided by public hospitals. This may affect comparability of results for regional and remote areas"
Table3,2022-23,WA,PHN,PHN503,Country WA,Regional,All persons,All-hours,All,Number total ED,306127,#,"Interpret with caution - Results only include data for formal public EDs, so does not include all emergency care provided by public hospitals. This may affect comparability of results for regional and remote areas"
Table3,2022-23,WA,PHN,PHN503,Country WA,Regional,All persons,,TC4+5,Estimated resident population,558686,,
Table3,2023-24,,PHN,003MET,Metropolitan,Metropolitan,All persons,All-hours,TC4+5,"All-hours lower urgency ED, per 1,000 population, age-standardised",79.4,,
Table3,2023-24,,PHN,003MET,Metropolitan,Metropolitan,All persons,In-hours,TC4+5,"In-hours lower urgency ED, per 1,000 population, age-standardised",41.5,,
Table3,2023-24,,PHN,003MET,Metropolitan,Metropolitan,All persons,After-hours,TC4+5,"After-hours lower urgency ED, per 1,000 population, age-standardised",37.9,,
Table3,2023-24,,PHN,003MET,Metropolitan,Metropolitan,All persons,All-hours,TC4+5,Number all-hours lower urgency ED,1353084,,
Table3,2023-24,,PHN,003MET,Metropolitan,Metropolitan,All persons,All-hours,All,Number total ED,4851341,,
Table3,2023-24,,PHN,003MET,Metropolitan,Metropolitan,All persons,,TC4+5,Estimated resident population,17564763,,
Table3,2023-24,,PHN,003REG,Regional,Regional,All persons,All-hours,TC4+5,"All-hours lower urgency ED, per 1,000 population, age-standardised",164.2,#,"Interpret with caution - Results only include data for formal public EDs, so does not include all emergency care provided by public hospitals. This may affect comparability of results for regional and remote areas"
Table3,2023-24,,PHN,003REG,Regional,Regional,All persons,In-hours,TC4+5,"In-hours lower urgency ED, per 1,000 population, age-standardised",93.4,#,"Interpret with caution - Results only include data for formal public EDs, so does not include all emergency care provided by public hospitals. This may affect comparability of results for regional and remote areas"
Table3,2023-24,,PHN,003REG,Regional,Regional,All persons,After-hours,TC4+5,"After-hours lower urgency ED, per 1,000 population, age-standardised",70.8,#,"Interpret with caution - Results only include data for formal public EDs, so does not include all emergency care provided by public hospitals. This may affect comparability of results for regional and remote areas"
Table3,2023-24,,PHN,003REG,Regional,Regional,All persons,All-hours,TC4+5,Number all-hours lower urgency ED,1413726,#,"Interpret with caution - Results only include data for formal public EDs, so does not include all emergency care provided by public hospitals. This may affect comparability of results for regional and remote areas"
Table3,2023-24,,PHN,003REG,Regional,Regional,All persons,All-hours,All,Number total ED,3924668,#,"Interpret with caution - Results only include data for formal public EDs, so does not include all emergency care provided by public hospitals. This may affect comparability of results for regional and remote areas"
Table3,2023-24,,PHN,003REG,Regional,Regional,All persons,,TC4+5,Estimated resident population,9087433,,
Table3,2023-24,ACT,PHN,PHN801,Australian Capital Territory,Metropolitan,All persons,All-hours,TC4+5,"All-hours lower urgency ED, per 1,000 population, age-standardised",100.4,,
Table3,2023-24,ACT,PHN,PHN801,Australian Capital Territory,Metropolitan,All persons,In-hours,TC4+5,"In-hours lower urgency ED, per 1,000 population, age-standardised",52.9,,
Table3,2023-24,ACT,PHN,PHN801,Australian Capital Territory,Metropolitan,All persons,After-hours,TC4+5,"After-hours lower urgency ED, per 1,000 population, age-standardised",47.5,,
Table3,2023-24,ACT,PHN,PHN801,Australian Capital Territory,Metropolitan,All persons,All-hours,TC4+5,Number all-hours lower urgency ED,45941,,
Table3,2023-24,ACT,PHN,PHN801,Australian Capital Territory,Metropolitan,All persons,All-hours,All,Number total ED,144931,,
Table3,2023-24,ACT,PHN,PHN801,Australian Capital Territory,Metropolitan,All persons,,TC4+5,Estimated resident population,466359,,
Table3,2023-24,NSW,PHN,PHN101,Central and Eastern Sydney,Metropolitan,All persons,All-hours,TC4+5,"All-hours lower urgency ED, per 1,000 population, age-standardised",94.6,,
Table3,2023-24,NSW,PHN,PHN101,Central and Eastern Sydney,Metropolitan,All persons,In-hours,TC4+5,"In-hours lower urgency ED, per 1,000 population, age-standardised",49.5,,
Table3,2023-24,NSW,PHN,PHN101,Central and Eastern Sydney,Metropolitan,All persons,After-hours,TC4+5,"After-hours lower urgency ED, per 1,000 population, age-standardised",45.1,,
Table3,2023-24,NSW,PHN,PHN101,Central and Eastern Sydney,Metropolitan,All persons,All-hours,TC4+5,Number all-hours lower urgency ED,140467,,
Table3,2023-24,NSW,PHN,PHN101,Central and Eastern Sydney,Metropolitan,All persons,All-hours,All,Number total ED,444417,,
Table3,2023-24,NSW,PHN,PHN101,Central and Eastern Sydney,Metropolitan,All persons,,TC4+5,Estimated resident population,1605621,,
Table3,2023-24,NSW,PHN,PHN102,Northern Sydney,Metropolitan,All persons,All-hours,TC4+5,"All-hours lower urgency ED, per 1,000 population, age-standardised",83.3,,
Table3,2023-24,NSW,PHN,PHN102,Northern Sydney,Metropolitan,All persons,In-hours,TC4+5,"In-hours lower urgency ED, per 1,000 population, age-standardised",41.5,,
Table3,2023-24,NSW,PHN,PHN102,Northern Sydney,Metropolitan,All persons,After-hours,TC4+5,"After-hours lower urgency ED, per 1,000 population, age-standardised",41.7,,
Table3,2023-24,NSW,PHN,PHN102,Northern Sydney,Metropolitan,All persons,All-hours,TC4+5,Number all-hours lower urgency ED,75382,,
Table3,2023-24,NSW,PHN,PHN102,Northern Sydney,Metropolitan,All persons,All-hours,All,Number total ED,216666,,
Table3,2023-24,NSW,PHN,PHN102,Northern Sydney,Metropolitan,All persons,,TC4+5,Estimated resident population,948346,,
Table3,2023-24,NSW,PHN,PHN103,Western Sydney,Metropolitan,All persons,All-hours,TC4+5,"All-hours lower urgency ED, per 1,000 population, age-standardised",75.8,,
Table3,2023-24,NSW,PHN,PHN103,Western Sydney,Metropolitan,All persons,In-hours,TC4+5,"In-hours lower urgency ED, per 1,000 population, age-standardised",37.8,,
Table3,2023-24,NSW,PHN,PHN103,Western Sydney,Metropolitan,All persons,After-hours,TC4+5,"After-hours lower urgency ED, per 1,000 population, age-standardised",38,,
Table3,2023-24,NSW,PHN,PHN103,Western Sydney,Metropolitan,All persons,All-hours,TC4+5,Number all-hours lower urgency ED,84890,,
Table3,2023-24,NSW,PHN,PHN103,Western Sydney,Metropolitan,All persons,All-hours,All,Number total ED,279760,,
Table3,2023-24,NSW,PHN,PHN103,Western Sydney,Metropolitan,All persons,,TC4+5,Estimated resident population,1118532,,
Table3,2023-24,NSW,PHN,PHN104,Nepean Blue Mountains,Metropolitan,All persons,All-hours,TC4+5,"All-hours lower urgency ED, per 1,000 population, age-standardised",120.9,,
Table3,2023-24,NSW,PHN,PHN104,Nepean Blue Mountains,Metropolitan,All persons,In-hours,TC4+5,"In-hours lower urgency ED, per 1,000 population, age-standardised",65.2,,
Table3,2023-24,NSW,PHN,PHN104,Nepean Blue Mountains,Metropolitan,All persons,After-hours,TC4+5,"After-hours lower urgency ED, per 1,000 population, age-standardised",55.6,,
Table3,2023-24,NSW,PHN,PHN104,Nepean Blue Mountains,Metropolitan,All persons,All-hours,TC4+5,Number all-hours lower urgency ED,46739,,
Table3,2023-24,NSW,PHN,PHN104,Nepean Blue Mountains,Metropolitan,All persons,All-hours,All,Number total ED,147707,,
Table3,2023-24,NSW,PHN,PHN104,Nepean Blue Mountains,Metropolitan,All persons,,TC4+5,Estimated resident population,392231,,
Table3,2023-24,NSW,PHN,PHN105,South Western Sydney,Metropolitan,All persons,All-hours,TC4+5,"All-hours lower urgency ED, per 1,000 population, age-standardised",80.6,,
Table3,2023-24,NSW,PHN,PHN105,South Western Sydney,Metropolitan,All persons,In-hours,TC4+5,"In-hours lower urgency ED, per 1,000 population, age-standardised",41.2,,
Table3,2023-24,NSW,PHN,PHN105,South Western Sydney,Metropolitan,All persons,After-hours,TC4+5,"After-hours lower urgency ED, per 1,000 population, age-standardised",39.4,,
Table3,2023-24,NSW,PHN,PHN105,South Western Sydney,Metropolitan,All persons,All-hours,TC4+5,Number all-hours lower urgency ED,88991,,
Table3,2023-24,NSW,PHN,PHN105,South Western Sydney,Metropolitan,All persons,All-hours,All,Number total ED,337766,,
Table3,2023-24,NSW,PHN,PHN105,South Western Sydney,Metropolitan,All persons,,TC4+5,Estimated resident population,1107070,,
Table3,2023-24,NSW,PHN,PHN106,South Eastern NSW,Regional,All persons,All-hours,TC4+5,"All-hours lower urgency ED, per 1,000 population, age-standardised",180.5,#,"Interpret with caution - Results only include data for formal public EDs, so does not include all emergency care provided by public hospitals. This may affect comparability of results for regional and remote areas"
Table3,2023-24,NSW,PHN,PHN106,South Eastern NSW,Regional,All persons,In-hours,TC4+5,"In-hours lower urgency ED, per 1,000 population, age-standardised",101.8,#,"Interpret with caution - Results only include data for formal public EDs, so does not include all emergency care provided by public hospitals. This may affect comparability of results for regional and remote areas"
Table3,2023-24,NSW,PHN,PHN106,South Eastern NSW,Regional,All persons,After-hours,TC4+5,"After-hours lower urgency ED, per 1,000 population, age-standardised",78.6,#,"Interpret with caution - Results only include data for formal public EDs, so does not include all emergency care provided by public hospitals. This may affect comparability of results for regional and remote areas"
Table3,2023-24,NSW,PHN,PHN106,South Eastern NSW,Regional,All persons,All-hours,TC4+5,Number all-hours lower urgency ED,112424,#,"Interpret with caution - Results only include data for formal public EDs, so does not include all emergency care provided by public hospitals. This may affect comparability of results for regional and remote areas"
Table3,2023-24,NSW,PHN,PHN106,South Eastern NSW,Regional,All persons,All-hours,All,Number total ED,299830,#,"Interpret with caution - Results only include data for formal public EDs, so does not include all emergency care provided by public hospitals. This may affect comparability of results for regional and remote areas"
Table3,2023-24,NSW,PHN,PHN106,South Eastern NSW,Regional,All persons,,TC4+5,Estimated resident population,655580,,
Table3,2023-24,NSW,PHN,PHN107,Western NSW,Regional,All persons,All-hours,TC4+5,"All-hours lower urgency ED, per 1,000 population, age-standardised",368,#,"Interpret with caution - Results only include data for formal public EDs, so does not include all emergency care provided by public hospitals. This may affect comparability of results for regional and remote areas"
Table3,2023-24,NSW,PHN,PHN107,Western NSW,Regional,All persons,In-hours,TC4+5,"In-hours lower urgency ED, per 1,000 population, age-standardised",224,#,"Interpret with caution - Results only include data for formal public EDs, so does not include all emergency care provided by public hospitals. This may affect comparability of results for regional and remote areas"
Table3,2023-24,NSW,PHN,PHN107,Western NSW,Regional,All persons,After-hours,TC4+5,"After-hours lower urgency ED, per 1,000 population, age-standardised",144,#,"Interpret with caution - Results only include data for formal public EDs, so does not include all emergency care provided by public hospitals. This may affect comparability of results for regional and remote areas"
Table3,2023-24,NSW,PHN,PHN107,Western NSW,Regional,All persons,All-hours,TC4+5,Number all-hours lower urgency ED,111971,#,"Interpret with caution - Results only include data for formal public EDs, so does not include all emergency care provided by public hospitals. This may affect comparability of results for regional and remote areas"
Table3,2023-24,NSW,PHN,PHN107,Western NSW,Regional,All persons,All-hours,All,Number total ED,230797,#,"Interpret with caution - Results only include data for formal public EDs, so does not include all emergency care provided by public hospitals. This may affect comparability of results for regional and remote areas"
Table3,2023-24,NSW,PHN,PHN107,Western NSW,Regional,All persons,,TC4+5,Estimated resident population,314570,,
Table3,2023-24,NSW,PHN,PHN108,Hunter New England and Central Coast,Regional,All persons,All-hours,TC4+5,"All-hours lower urgency ED, per 1,000 population, age-standardised",184.6,#,"Interpret with caution - Results only include data for formal public EDs, so does not include all emergency care provided by public hospitals. This may affect comparability of results for regional and remote areas"
Table3,2023-24,NSW,PHN,PHN108,Hunter New England and Central Coast,Regional,All persons,In-hours,TC4+5,"In-hours lower urgency ED, per 1,000 population, age-standardised",103.2,#,"Interpret with caution - Results only include data for formal public EDs, so does not include all emergency care provided by public hospitals. This may affect comparability of results for regional and remote areas"
Table3,2023-24,NSW,PHN,PHN108,Hunter New England and Central Coast,Regional,All persons,After-hours,TC4+5,"After-hours lower urgency ED, per 1,000 population, age-standardised",81.3,#,"Interpret with caution - Results only include data for formal public EDs, so does not include all emergency care provided by public hospitals. This may affect comparability of results for regional and remote areas"
Table3,2023-24,NSW,PHN,PHN108,Hunter New England and Central Coast,Regional,All persons,All-hours,TC4+5,Number all-hours lower urgency ED,234347,#,"Interpret with caution - Results only include data for formal public EDs, so does not include all emergency care provided by public hospitals. This may affect comparability of results for regional and remote areas"
Table3,2023-24,NSW,PHN,PHN108,Hunter New England and Central Coast,Regional,All persons,All-hours,All,Number total ED,591565,#,"Interpret with caution - Results only include data for formal public EDs, so does not include all emergency care provided by public hospitals. This may affect comparability of results for regional and remote areas"
Table3,2023-24,NSW,PHN,PHN108,Hunter New England and Central Coast,Regional,All persons,,TC4+5,Estimated resident population,1339633,,
Table3,2023-24,NSW,PHN,PHN109,North Coast,Regional,All persons,All-hours,TC4+5,"All-hours lower urgency ED, per 1,000 population, age-standardised",282.3,#,"Interpret with caution - Results only include data for formal public EDs, so does not include all emergency care provided by public hospitals. This may affect comparability of results for regional and remote areas"
Table3,2023-24,NSW,PHN,PHN109,North Coast,Regional,All persons,In-hours,TC4+5,"In-hours lower urgency ED, per 1,000 population, age-standardised",165.8,#,"Interpret with caution - Results only include data for formal public EDs, so does not include all emergency care provided by public hospitals. This may affect comparability of results for regional and remote areas"
Table3,2023-24,NSW,PHN,PHN109,North Coast,Regional,All persons,After-hours,TC4+5,"After-hours lower urgency ED, per 1,000 population, age-standardised",116.5,#,"Interpret with caution - Results only include data for formal public EDs, so does not include all emergency care provided by public hospitals. This may affect comparability of results for regional and remote areas"
Table3,2023-24,NSW,PHN,PHN109,North Coast,Regional,All persons,All-hours,TC4+5,Number all-hours lower urgency ED,141883,#,"Interpret with caution - Results only include data for formal public EDs, so does not include all emergency care provided by public hospitals. This may affect comparability of results for regional and remote areas"
Table3,2023-24,NSW,PHN,PHN109,North Coast,Regional,All persons,All-hours,All,Number total ED,340676,#,"Interpret with caution - Results only include data for formal public EDs, so does not include all emergency care provided by public hospitals. This may affect comparability of results for regional and remote areas"
Table3,2023-24,NSW,PHN,PHN109,North Coast,Regional,All persons,,TC4+5,Estimated resident population,551719,,
Table3,2023-24,NSW,PHN,PHN110,Murrumbidgee,Regional,All persons,All-hours,TC4+5,"All-hours lower urgency ED, per 1,000 population, age-standardised",293.9,#,"Interpret with caution - Results only include data for formal public EDs, so does not include all emergency care provided by public hospitals. This may affect comparability of results for regional and remote areas"
Table3,2023-24,NSW,PHN,PHN110,Murrumbidgee,Regional,All persons,In-hours,TC4+5,"In-hours lower urgency ED, per 1,000 population, age-standardised",175.6,#,"Interpret with caution - Results only include data for formal public EDs, so does not include all emergency care provided by public hospitals. This may affect comparability of results for regional and remote areas"
Table3,2023-24,NSW,PHN,PHN110,Murrumbidgee,Regional,All persons,After-hours,TC4+5,"After-hours lower urgency ED, per 1,000 population, age-standardised",118.2,#,"Interpret with caution - Results only include data for formal public EDs, so does not include all emergency care provided by public hospitals. This may affect comparability of results for regional and remote areas"
Table3,2023-24,NSW,PHN,PHN110,Murrumbidgee,Regional,All persons,All-hours,TC4+5,Number all-hours lower urgency ED,71392,#,"Interpret with caution - Results only include data for formal public EDs, so does not include all emergency care provided by public hospitals. This may affect comparability of results for regional and remote areas"
Table3,2023-24,NSW,PHN,PHN110,Murrumbidgee,Regional,All persons,All-hours,All,Number total ED,166742,#,"Interpret with caution - Results only include data for formal public EDs, so does not include all emergency care provided by public hospitals. This may affect comparability of results for regional and remote areas"
Table3,2023-24,NSW,PHN,PHN110,Murrumbidgee,Regional,All persons,,TC4+5,Estimated resident population,250439,,
Table3,2023-24,NT,PHN,PHN701,Northern Territory,Regional,All persons,All-hours,TC4+5,"All-hours lower urgency ED, per 1,000 population, age-standardised",266.2,#,"Interpret with caution - Results only include data for formal public EDs, so does not include all emergency care provided by public hospitals. This may affect comparability of results for regional and remote areas"
Table3,2023-24,NT,PHN,PHN701,Northern Territory,Regional,All persons,In-hours,TC4+5,"In-hours lower urgency ED, per 1,000 population, age-standardised",153.3,#,"Interpret with caution - Results only include data for formal public EDs, so does not include all emergency care provided by public hospitals. This may affect comparability of results for regional and remote areas"
Table3,2023-24,NT,PHN,PHN701,Northern Territory,Regional,All persons,After-hours,TC4+5,"After-hours lower urgency ED, per 1,000 population, age-standardised",112.9,#,"Interpret with caution - Results only include data for formal public EDs, so does not include all emergency care provided by public hospitals. This may affect comparability of results for regional and remote areas"
Table3,2023-24,NT,PHN,PHN701,Northern Territory,Regional,All persons,All-hours,TC4+5,Number all-hours lower urgency ED,67367,#,"Interpret with caution - Results only include data for formal public EDs, so does not include all emergency care provided by public hospitals. This may affect comparability of results for regional and remote areas"
Table3,2023-24,NT,PHN,PHN701,Northern Territory,Regional,All persons,All-hours,All,Number total ED,175893,#,"Interpret with caution - Results only include data for formal public EDs, so does not include all emergency care provided by public hospitals. This may affect comparability of results for regional and remote areas"
Table3,2023-24,NT,PHN,PHN701,Northern Territory,Regional,All persons,,TC4+5,Estimated resident population,253047,,
Table3,2023-24,,NAT,001NAT,National,National,All persons,All-hours,TC4+5,"All-hours lower urgency ED, per 1,000 population, age-standardised",110.1,,
Table3,2023-24,,NAT,001NAT,National,National,All persons,In-hours,TC4+5,"In-hours lower urgency ED, per 1,000 population, age-standardised",60.1,,
Table3,2023-24,,NAT,001NAT,National,National,All persons,After-hours,TC4+5,"After-hours lower urgency ED, per 1,000 population, age-standardised",50,,
Table3,2023-24,,NAT,001NAT,National,National,All persons,All-hours,TC4+5,Number all-hours lower urgency ED,2846713,,
Table3,2023-24,,NAT,001NAT,National,National,All persons,All-hours,All,Number total ED,9018401,,
Table3,2023-24,,NAT,001NAT,National,National,All persons,,TC4+5,Estimated resident population,26652777,,
Table3,2023-24,Qld,PHN,PHN301,Brisbane North,Metropolitan,All persons,All-hours,TC4+5,"All-hours lower urgency ED, per 1,000 population, age-standardised",79.9,,
Table3,2023-24,Qld,PHN,PHN301,Brisbane North,Metropolitan,All persons,In-hours,TC4+5,"In-hours lower urgency ED, per 1,000 population, age-standardised",42.6,,
Table3,2023-24,Qld,PHN,PHN301,Brisbane North,Metropolitan,All persons,After-hours,TC4+5,"After-hours lower urgency ED, per 1,000 population, age-standardised",37.3,,
Table3,2023-24,Qld,PHN,PHN301,Brisbane North,Metropolitan,All persons,All-hours,TC4+5,Number all-hours lower urgency ED,84787,,
Table3,2023-24,Qld,PHN,PHN301,Brisbane North,Metropolitan,All persons,All-hours,All,Number total ED,344425,,
Table3,2023-24,Qld,PHN,PHN301,Brisbane North,Metropolitan,All persons,,TC4+5,Estimated resident population,1118887,,
Table3,2023-24,Qld,PHN,PHN302,Brisbane South,Metropolitan,All persons,All-hours,TC4+5,"All-hours lower urgency ED, per 1,000 population, age-standardised",66,,
Table3,2023-24,Qld,PHN,PHN302,Brisbane South,Metropolitan,All persons,In-hours,TC4+5,"In-hours lower urgency ED, per 1,000 population, age-standardised",35.3,,
Table3,2023-24,Qld,PHN,PHN302,Brisbane South,Metropolitan,All persons,After-hours,TC4+5,"After-hours lower urgency ED, per 1,000 population, age-standardised",30.7,,
Table3,2023-24,Qld,PHN,PHN302,Brisbane South,Metropolitan,All persons,All-hours,TC4+5,Number all-hours lower urgency ED,81994,,
Table3,2023-24,Qld,PHN,PHN302,Brisbane South,Metropolitan,All persons,All-hours,All,Number total ED,393030,,
Table3,2023-24,Qld,PHN,PHN302,Brisbane South,Metropolitan,All persons,,TC4+5,Estimated resident population,1275879,,
Table3,2023-24,Qld,PHN,PHN303,Gold Coast,Metropolitan,All persons,All-hours,TC4+5,"All-hours lower urgency ED, per 1,000 population, age-standardised",56.6,,
Table3,2023-24,Qld,PHN,PHN303,Gold Coast,Metropolitan,All persons,In-hours,TC4+5,"In-hours lower urgency ED, per 1,000 population, age-standardised",31,,
Table3,2023-24,Qld,PHN,PHN303,Gold Coast,Metropolitan,All persons,After-hours,TC4+5,"After-hours lower urgency ED, per 1,000 population, age-standardised",25.6,,
Table3,2023-24,Qld,PHN,PHN303,Gold Coast,Metropolitan,All persons,All-hours,TC4+5,Number all-hours lower urgency ED,36798,,
Table3,2023-24,Qld,PHN,PHN303,Gold Coast,Metropolitan,All persons,All-hours,All,Number total ED,189247,,
Table3,2023-24,Qld,PHN,PHN303,Gold Coast,Metropolitan,All persons,,TC4+5,Estimated resident population,682398,,
Table3,2023-24,Qld,PHN,PHN304,Darling Downs and West Moreton,Regional,All persons,All-hours,TC4+5,"All-hours lower urgency ED, per 1,000 population, age-standardised",42.8,#,"Interpret with caution - Results only include data for formal public EDs, so does not include all emergency care provided by public hospitals. This may affect comparability of results for regional and remote areas"
Table3,2023-24,Qld,PHN,PHN304,Darling Downs and West Moreton,Regional,All persons,In-hours,TC4+5,"In-hours lower urgency ED, per 1,000 population, age-standardised",22.9,#,"Interpret with caution - Results only include data for formal public EDs, so does not include all emergency care provided by public hospitals. This may affect comparability of results for regional and remote areas"
Table3,2023-24,Qld,PHN,PHN304,Darling Downs and West Moreton,Regional,All persons,After-hours,TC4+5,"After-hours lower urgency ED, per 1,000 population, age-standardised",19.9,#,"Interpret with caution - Results only include data for formal public EDs, so does not include all emergency care provided by public hospitals. This may affect comparability of results for regional and remote areas"
Table3,2023-24,Qld,PHN,PHN304,Darling Downs and West Moreton,Regional,All persons,All-hours,TC4+5,Number all-hours lower urgency ED,26206,#,"Interpret with caution - Results only include data for formal public EDs, so does not include all emergency care provided by public hospitals. This may affect comparability of results for regional and remote areas"
Table3,2023-24,Qld,PHN,PHN304,Darling Downs and West Moreton,Regional,All persons,All-hours,All,Number total ED,166661,#,"Interpret with caution - Results only include data for formal public EDs, so does not include all emergency care provided by public hospitals. This may affect comparability of results for regional and remote areas"
Table3,2023-24,Qld,PHN,PHN304,Darling Downs and West Moreton,Regional,All persons,,TC4+5,Estimated resident population,636711,,
Table3,2023-24,Qld,PHN,PHN305,Western Queensland,Regional,All persons,All-hours,TC4+5,"All-hours lower urgency ED, per 1,000 population, age-standardised",255.2,#,"Interpret with caution - Results only include data for formal public EDs, so does not include all emergency care provided by public hospitals. This may affect comparability of results for regional and remote areas"
Table3,2023-24,Qld,PHN,PHN305,Western Queensland,Regional,All persons,In-hours,TC4+5,"In-hours lower urgency ED, per 1,000 population, age-standardised",155.2,#,"Interpret with caution - Results only include data for formal public EDs, so does not include all emergency care provided by public hospitals. This may affect comparability of results for regional and remote areas"
Table3,2023-24,Qld,PHN,PHN305,Western Queensland,Regional,All persons,After-hours,TC4+5,"After-hours lower urgency ED, per 1,000 population, age-standardised",100,#,"Interpret with caution - Results only include data for formal public EDs, so does not include all emergency care provided by public hospitals. This may affect comparability of results for regional and remote areas"
Table3,2023-24,Qld,PHN,PHN305,Western Queensland,Regional,All persons,All-hours,TC4+5,Number all-hours lower urgency ED,16029,#,"Interpret with caution - Results only include data for formal public EDs, so does not include all emergency care provided by public hospitals. This may affect comparability of results for regional and remote areas"
Table3,2023-24,Qld,PHN,PHN305,Western Queensland,Regional,All persons,All-hours,All,Number total ED,35861,#,"Interpret with caution - Results only include data for formal public EDs, so does not include all emergency care provided by public hospitals. This may affect comparability of results for regional and remote areas"
Table3,2023-24,Qld,PHN,PHN305,Western Queensland,Regional,All persons,,TC4+5,Estimated resident population,63970,,
Table3,2023-24,Qld,PHN,PHN306,"Central Queensland, Wide Bay, Sunshine Coast",Regional,All persons,All-hours,TC4+5,"All-hours lower urgency ED, per 1,000 population, age-standardised",119.9,#,"Interpret with caution - Results only include data for formal public EDs, so does not include all emergency care provided by public hospitals. This may affect comparability of results for regional and remote areas"
Table3,2023-24,Qld,PHN,PHN306,"Central Queensland, Wide Bay, Sunshine Coast",Regional,All persons,In-hours,TC4+5,"In-hours lower urgency ED, per 1,000 population, age-standardised",67.8,#,"Interpret with caution - Results only include data for formal public EDs, so does not include all emergency care provided by public hospitals. This may affect comparability of results for regional and remote areas"
Table3,2023-24,Qld,PHN,PHN306,"Central Queensland, Wide Bay, Sunshine Coast",Regional,All persons,After-hours,TC4+5,"After-hours lower urgency ED, per 1,000 population, age-standardised",52.1,#,"Interpret with caution - Results only include data for formal public EDs, so does not include all emergency care provided by public hospitals. This may affect comparability of results for regional and remote areas"
Table3,2023-24,Qld,PHN,PHN306,"Central Queensland, Wide Bay, Sunshine Coast",Regional,All persons,All-hours,TC4+5,Number all-hours lower urgency ED,104867,#,"Interpret with caution - Results only include data for formal public EDs, so does not include all emergency care provided by public hospitals. This may affect comparability of results for regional and remote areas"
Table3,2023-24,Qld,PHN,PHN306,"Central Queensland, Wide Bay, Sunshine Coast",Regional,All persons,All-hours,All,Number total ED,379555,#,"Interpret with caution - Results only include data for formal public EDs, so does not include all emergency care provided by public hospitals. This may affect comparability of results for regional and remote areas"
Table3,2023-24,Qld,PHN,PHN306,"Central Queensland, Wide Bay, Sunshine Coast",Regional,All persons,,TC4+5,Estimated resident population,950126,,
Table3,2023-24,Qld,PHN,PHN307,Northern Queensland,Regional,All persons,All-hours,TC4+5,"All-hours lower urgency ED, per 1,000 population, age-standardised",74.1,#,"Interpret with caution - Results only include data for formal public EDs, so does not include all emergency care provided by public hospitals. This may affect comparability of results for regional and remote areas"
Table3,2023-24,Qld,PHN,PHN307,Northern Queensland,Regional,All persons,In-hours,TC4+5,"In-hours lower urgency ED, per 1,000 population, age-standardised",40.2,#,"Interpret with caution - Results only include data for formal public EDs, so does not include all emergency care provided by public hospitals. This may affect comparability of results for regional and remote areas"
Table3,2023-24,Qld,PHN,PHN307,Northern Queensland,Regional,All persons,After-hours,TC4+5,"After-hours lower urgency ED, per 1,000 population, age-standardised",33.9,#,"Interpret with caution - Results only include data for formal public EDs, so does not include all emergency care provided by public hospitals. This may affect comparability of results for regional and remote areas"
Table3,2023-24,Qld,PHN,PHN307,Northern Queensland,Regional,All persons,All-hours,TC4+5,Number all-hours lower urgency ED,52481,#,"Interpret with caution - Results only include data for formal public EDs, so does not include all emergency care provided by public hospitals. This may affect comparability of results for regional and remote areas"
Table3,2023-24,Qld,PHN,PHN307,Northern Queensland,Regional,All persons,All-hours,All,Number total ED,235224,#,"Interpret with caution - Results only include data for formal public EDs, so does not include all emergency care provided by public hospitals. This may affect comparability of results for regional and remote areas"
Table3,2023-24,Qld,PHN,PHN307,Northern Queensland,Regional,All persons,,TC4+5,Estimated resident population,734501,,
Table3,2023-24,SA,PHN,PHN401,Adelaide,Metropolitan,All persons,All-hours,TC4+5,"All-hours lower urgency ED, per 1,000 population, age-standardised",81,,
Table3,2023-24,SA,PHN,PHN401,Adelaide,Metropolitan,All persons,In-hours,TC4+5,"In-hours lower urgency ED, per 1,000 population, age-standardised",42,,
Table3,2023-24,SA,PHN,PHN401,Adelaide,Metropolitan,All persons,After-hours,TC4+5,"After-hours lower urgency ED, per 1,000 population, age-standardised",38.9,,
Table3,2023-24,SA,PHN,PHN401,Adelaide,Metropolitan,All persons,All-hours,TC4+5,Number all-hours lower urgency ED,100655,,
Table3,2023-24,SA,PHN,PHN401,Adelaide,Metropolitan,All persons,All-hours,All,Number total ED,390685,,
Table3,2023-24,SA,PHN,PHN401,Adelaide,Metropolitan,All persons,,TC4+5,Estimated resident population,1322138,,
Table3,2023-24,SA,PHN,PHN402,Country SA,Regional,All persons,All-hours,TC4+5,"All-hours lower urgency ED, per 1,000 population, age-standardised",163.2,#,"Interpret with caution - Results only include data for formal public EDs, so does not include all emergency care provided by public hospitals. This may affect comparability of results for regional and remote areas"
Table3,2023-24,SA,PHN,PHN402,Country SA,Regional,All persons,In-hours,TC4+5,"In-hours lower urgency ED, per 1,000 population, age-standardised",90,#,"Interpret with caution - Results only include data for formal public EDs, so does not include all emergency care provided by public hospitals. This may affect comparability of results for regional and remote areas"
Table3,2023-24,SA,PHN,PHN402,Country SA,Regional,All persons,After-hours,TC4+5,"After-hours lower urgency ED, per 1,000 population, age-standardised",73.3,#,"Interpret with caution - Results only include data for formal public EDs, so does not include all emergency care provided by public hospitals. This may affect comparability of results for regional and remote areas"
Table3,2023-24,SA,PHN,PHN402,Country SA,Regional,All persons,All-hours,TC4+5,Number all-hours lower urgency ED,79980,#,"Interpret with caution - Results only include data for formal public EDs, so does not include all emergency care provided by public hospitals. This may affect comparability of results for regional and remote areas"
Table3,2023-24,SA,PHN,PHN402,Country SA,Regional,All persons,All-hours,All,Number total ED,213345,#,"Interpret with caution - Results only include data for formal public EDs, so does not include all emergency care provided by public hospitals. This may affect comparability of results for regional and remote areas"
Table3,2023-24,SA,PHN,PHN402,Country SA,Regional,All persons,,TC4+5,Estimated resident population,530834,,
Table3,2023-24,Tas,PHN,PHN601,Tasmania,Regional,All persons,All-hours,TC4+5,"All-hours lower urgency ED, per 1,000 population, age-standardised",102.1,#,"Interpret with caution - Results only include data for formal public EDs, so does not include all emergency care provided by public hospitals. This may affect comparability of results for regional and remote areas"
Table3,2023-24,Tas,PHN,PHN601,Tasmania,Regional,All persons,In-hours,TC4+5,"In-hours lower urgency ED, per 1,000 population, age-standardised",57,#,"Interpret with caution - Results only include data for formal public EDs, so does not include all emergency care provided by public hospitals. This may affect comparability of results for regional and remote areas"
Table3,2023-24,Tas,PHN,PHN601,Tasmania,Regional,All persons,After-hours,TC4+5,"After-hours lower urgency ED, per 1,000 population, age-standardised",45.1,#,"Interpret with caution - Results only include data for formal public EDs, so does not include all emergency care provided by public hospitals. This may affect comparability of results for regional and remote areas"
Table3,2023-24,Tas,PHN,PHN601,Tasmania,Regional,All persons,All-hours,TC4+5,Number all-hours lower urgency ED,54473,#,"Interpret with caution - Results only include data for formal public EDs, so does not include all emergency care provided by public hospitals. This may affect comparability of results for regional and remote areas"
Table3,2023-24,Tas,PHN,PHN601,Tasmania,Regional,All persons,All-hours,All,Number total ED,176836,#,"Interpret with caution - Results only include data for formal public EDs, so does not include all emergency care provided by public hospitals. This may affect comparability of results for regional and remote areas"
Table3,2023-24,Tas,PHN,PHN601,Tasmania,Regional,All persons,,TC4+5,Estimated resident population,573738,,
Table3,2023-24,Vic,PHN,PHN201,North Western Melbourne,Metropolitan,All persons,All-hours,TC4+5,"All-hours lower urgency ED, per 1,000 population, age-standardised",80.5,,
Table3,2023-24,Vic,PHN,PHN201,North Western Melbourne,Metropolitan,All persons,In-hours,TC4+5,"In-hours lower urgency ED, per 1,000 population, age-standardised",42.3,,
Table3,2023-24,Vic,PHN,PHN201,North Western Melbourne,Metropolitan,All persons,After-hours,TC4+5,"After-hours lower urgency ED, per 1,000 population, age-standardised",38.2,,
Table3,2023-24,Vic,PHN,PHN201,North Western Melbourne,Metropolitan,All persons,All-hours,TC4+5,Number all-hours lower urgency ED,156520,,
Table3,2023-24,Vic,PHN,PHN201,North Western Melbourne,Metropolitan,All persons,All-hours,All,Number total ED,512899,,
Table3,2023-24,Vic,PHN,PHN201,North Western Melbourne,Metropolitan,All persons,,TC4+5,Estimated resident population,1973516,,
Table3,2023-24,Vic,PHN,PHN202,Eastern Melbourne,Metropolitan,All persons,All-hours,TC4+5,"All-hours lower urgency ED, per 1,000 population, age-standardised",65.8,,
Table3,2023-24,Vic,PHN,PHN202,Eastern Melbourne,Metropolitan,All persons,In-hours,TC4+5,"In-hours lower urgency ED, per 1,000 population, age-standardised",34,,
Table3,2023-24,Vic,PHN,PHN202,Eastern Melbourne,Metropolitan,All persons,After-hours,TC4+5,"After-hours lower urgency ED, per 1,000 population, age-standardised",31.8,,
Table3,2023-24,Vic,PHN,PHN202,Eastern Melbourne,Metropolitan,All persons,All-hours,TC4+5,Number all-hours lower urgency ED,99578,,
Table3,2023-24,Vic,PHN,PHN202,Eastern Melbourne,Metropolitan,All persons,All-hours,All,Number total ED,373873,,
Table3,2023-24,Vic,PHN,PHN202,Eastern Melbourne,Metropolitan,All persons,,TC4+5,Estimated resident population,1584633,,
Table3,2023-24,Vic,PHN,PHN203,South Eastern Melbourne,Metropolitan,All persons,All-hours,TC4+5,"All-hours lower urgency ED, per 1,000 population, age-standardised",64.4,,
Table3,2023-24,Vic,PHN,PHN203,South Eastern Melbourne,Metropolitan,All persons,In-hours,TC4+5,"In-hours lower urgency ED, per 1,000 population, age-standardised",33.3,,
Table3,2023-24,Vic,PHN,PHN203,South Eastern Melbourne,Metropolitan,All persons,After-hours,TC4+5,"After-hours lower urgency ED, per 1,000 population, age-standardised",31.1,,
Table3,2023-24,Vic,PHN,PHN203,South Eastern Melbourne,Metropolitan,All persons,All-hours,TC4+5,Number all-hours lower urgency ED,103263,,
Table3,2023-24,Vic,PHN,PHN203,South Eastern Melbourne,Metropolitan,All persons,All-hours,All,Number total ED,410765,,
Table3,2023-24,Vic,PHN,PHN203,South Eastern Melbourne,Metropolitan,All persons,,TC4+5,Estimated resident population,1649919,,
Table3,2023-24,Vic,PHN,PHN204,Gippsland,Regional,All persons,All-hours,TC4+5,"All-hours lower urgency ED, per 1,000 population, age-standardised",157.8,#,"Interpret with caution - Results only include data for formal public EDs, so does not include all emergency care provided by public hospitals. This may affect comparability of results for regional and remote areas"
Table3,2023-24,Vic,PHN,PHN204,Gippsland,Regional,All persons,In-hours,TC4+5,"In-hours lower urgency ED, per 1,000 population, age-standardised",86,#,"Interpret with caution - Results only include data for formal public EDs, so does not include all emergency care provided by public hospitals. This may affect comparability of results for regional and remote areas"
Table3,2023-24,Vic,PHN,PHN204,Gippsland,Regional,All persons,After-hours,TC4+5,"After-hours lower urgency ED, per 1,000 population, age-standardised",71.8,#,"Interpret with caution - Results only include data for formal public EDs, so does not include all emergency care provided by public hospitals. This may affect comparability of results for regional and remote areas"
Table3,2023-24,Vic,PHN,PHN204,Gippsland,Regional,All persons,All-hours,TC4+5,Number all-hours lower urgency ED,44110,#,"Interpret with caution - Results only include data for formal public EDs, so does not include all emergency care provided by public hospitals. This may affect comparability of results for regional and remote areas"
Table3,2023-24,Vic,PHN,PHN204,Gippsland,Regional,All persons,All-hours,All,Number total ED,128200,#,"Interpret with caution - Results only include data for formal public EDs, so does not include all emergency care provided by public hospitals. This may affect comparability of results for regional and remote areas"
Table3,2023-24,Vic,PHN,PHN204,Gippsland,Regional,All persons,,TC4+5,Estimated resident population,307781,,
Table3,2023-24,Vic,PHN,PHN205,Murray,Regional,All persons,All-hours,TC4+5,"All-hours lower urgency ED, per 1,000 population, age-standardised",157.1,#,"Interpret with caution - Results only include data for formal public EDs, so does not include all emergency care provided by public hospitals. This may affect comparability of results for regional and remote areas"
Table3,2023-24,Vic,PHN,PHN205,Murray,Regional,All persons,In-hours,TC4+5,"In-hours lower urgency ED, per 1,000 population, age-standardised",86.5,#,"Interpret with caution - Results only include data for formal public EDs, so does not include all emergency care provided by public hospitals. This may affect comparability of results for regional and remote areas"
Table3,2023-24,Vic,PHN,PHN205,Murray,Regional,All persons,After-hours,TC4+5,"After-hours lower urgency ED, per 1,000 population, age-standardised",70.6,#,"Interpret with caution - Results only include data for formal public EDs, so does not include all emergency care provided by public hospitals. This may affect comparability of results for regional and remote areas"
Table3,2023-24,Vic,PHN,PHN205,Murray,Regional,All persons,All-hours,TC4+5,Number all-hours lower urgency ED,94731,#,"Interpret with caution - Results only include data for formal public EDs, so does not include all emergency care provided by public hospitals. This may affect comparability of results for regional and remote areas"
Table3,2023-24,Vic,PHN,PHN205,Murray,Regional,All persons,All-hours,All,Number total ED,273348,#,"Interpret with caution - Results only include data for formal public EDs, so does not include all emergency care provided by public hospitals. This may affect comparability of results for regional and remote areas"
Table3,2023-24,Vic,PHN,PHN205,Murray,Regional,All persons,,TC4+5,Estimated resident population,649291,,
Table3,2023-24,Vic,PHN,PHN206,Western Victoria,Regional,All persons,All-hours,TC4+5,"All-hours lower urgency ED, per 1,000 population, age-standardised",82.1,#,"Interpret with caution - Results only include data for formal public EDs, so does not include all emergency care provided by public hospitals. This may affect comparability of results for regional and remote areas"
Table3,2023-24,Vic,PHN,PHN206,Western Victoria,Regional,All persons,In-hours,TC4+5,"In-hours lower urgency ED, per 1,000 population, age-standardised",43.8,#,"Interpret with caution - Results only include data for formal public EDs, so does not include all emergency care provided by public hospitals. This may affect comparability of results for regional and remote areas"
Table3,2023-24,Vic,PHN,PHN206,Western Victoria,Regional,All persons,After-hours,TC4+5,"After-hours lower urgency ED, per 1,000 population, age-standardised",38.4,#,"Interpret with caution - Results only include data for formal public EDs, so does not include all emergency care provided by public hospitals. This may affect comparability of results for regional and remote areas"
Table3,2023-24,Vic,PHN,PHN206,Western Victoria,Regional,All persons,All-hours,TC4+5,Number all-hours lower urgency ED,54678,#,"Interpret with caution - Results only include data for formal public EDs, so does not include all emergency care provided by public hospitals. This may affect comparability of results for regional and remote areas"
Table3,2023-24,Vic,PHN,PHN206,Western Victoria,Regional,All persons,All-hours,All,Number total ED,188608,#,"Interpret with caution - Results only include data for formal public EDs, so does not include all emergency care provided by public hospitals. This may affect comparability of results for regional and remote areas"
Table3,2023-24,Vic,PHN,PHN206,Western Victoria,Regional,All persons,,TC4+5,Estimated resident population,708514,,
Table3,2023-24,WA,PHN,PHN501,Perth North,Metropolitan,All persons,All-hours,TC4+5,"All-hours lower urgency ED, per 1,000 population, age-standardised",82.2,,
Table3,2023-24,WA,PHN,PHN501,Perth North,Metropolitan,All persons,In-hours,TC4+5,"In-hours lower urgency ED, per 1,000 population, age-standardised",44.1,,
Table3,2023-24,WA,PHN,PHN501,Perth North,Metropolitan,All persons,After-hours,TC4+5,"After-hours lower urgency ED, per 1,000 population, age-standardised",38.2,,
Table3,2023-24,WA,PHN,PHN501,Perth North,Metropolitan,All persons,All-hours,TC4+5,Number all-hours lower urgency ED,94692,,
Table3,2023-24,WA,PHN,PHN501,Perth North,Metropolitan,All persons,All-hours,All,Number total ED,322410,,
Table3,2023-24,WA,PHN,PHN501,Perth North,Metropolitan,All persons,,TC4+5,Estimated resident population,1190842,,
Table3,2023-24,WA,PHN,PHN502,Perth South,Metropolitan,All persons,All-hours,TC4+5,"All-hours lower urgency ED, per 1,000 population, age-standardised",101.9,,
Table3,2023-24,WA,PHN,PHN502,Perth South,Metropolitan,All persons,In-hours,TC4+5,"In-hours lower urgency ED, per 1,000 population, age-standardised",54.6,,
Table3,2023-24,WA,PHN,PHN502,Perth South,Metropolitan,All persons,After-hours,TC4+5,"After-hours lower urgency ED, per 1,000 population, age-standardised",47.3,,
Table3,2023-24,WA,PHN,PHN502,Perth South,Metropolitan,All persons,All-hours,TC4+5,Number all-hours lower urgency ED,112388,,
Table3,2023-24,WA,PHN,PHN502,Perth South,Metropolitan,All persons,All-hours,All,Number total ED,342761,,
Table3,2023-24,WA,PHN,PHN502,Perth South,Metropolitan,All persons,,TC4+5,Estimated resident population,1128392,,
Table3,2023-24,WA,PHN,PHN503,Country WA,Regional,All persons,All-hours,TC4+5,"All-hours lower urgency ED, per 1,000 population, age-standardised",272.8,#,"Interpret with caution - Results only include data for formal public EDs, so does not include all emergency care provided by public hospitals. This may affect comparability of results for regional and remote areas"
Table3,2023-24,WA,PHN,PHN503,Country WA,Regional,All persons,In-hours,TC4+5,"In-hours lower urgency ED, per 1,000 population, age-standardised",159.6,#,"Interpret with caution - Results only include data for formal public EDs, so does not include all emergency care provided by public hospitals. This may affect comparability of results for regional and remote areas"
Table3,2023-24,WA,PHN,PHN503,Country WA,Regional,All persons,After-hours,TC4+5,"After-hours lower urgency ED, per 1,000 population, age-standardised",113.2,#,"Interpret with caution - Results only include data for formal public EDs, so does not include all emergency care provided by public hospitals. This may affect comparability of results for regional and remote areas"
Table3,2023-24,WA,PHN,PHN503,Country WA,Regional,All persons,All-hours,TC4+5,Number all-hours lower urgency ED,146787,#,"Interpret with caution - Results only include data for formal public EDs, so does not include all emergency care provided by public hospitals. This may affect comparability of results for regional and remote areas"
Table3,2023-24,WA,PHN,PHN503,Country WA,Regional,All persons,All-hours,All,Number total ED,321526,#,"Interpret with caution - Results only include data for formal public EDs, so does not include all emergency care provided by public hospitals. This may affect comparability of results for regional and remote areas"
Table3,2023-24,WA,PHN,PHN503,Country WA,Regional,All persons,,TC4+5,Estimated resident population,566980,,
Table3,2024-25,,PHN,003MET,Metropolitan,Metropolitan,All persons,All-hours,TC4+5,"All-hours lower urgency ED, per 1,000 population, age-standardised",75.6,,
Table3,2024-25,,PHN,003MET,Metropolitan,Metropolitan,All persons,In-hours,TC4+5,"In-hours lower urgency ED, per 1,000 population, age-standardised",39.7,,
Table3,2024-25,,PHN,003MET,Metropolitan,Metropolitan,All persons,After-hours,TC4+5,"After-hours lower urgency ED, per 1,000 population, age-standardised",35.8,,
Table3,2024-25,,PHN,003MET,Metropolitan,Metropolitan,All persons,All-hours,TC4+5,Number all-hours lower urgency ED,1314824,,
Table3,2024-25,,PHN,003MET,Metropolitan,Metropolitan,All persons,All-hours,All,Number total ED,4876997,,
Table3,2024-25,,PHN,003MET,Metropolitan,Metropolitan,All persons,,TC4+5,Estimated resident population,17990685,,
Table3,2024-25,,PHN,003REG,Regional,Regional,All persons,All-hours,TC4+5,"All-hours lower urgency ED, per 1,000 population, age-standardised",155.7,#,"Interpret with caution - Results only include data for formal public EDs, so does not include all emergency care provided by public hospitals. This may affect comparability of results for regional and remote areas"
Table3,2024-25,,PHN,003REG,Regional,Regional,All persons,In-hours,TC4+5,"In-hours lower urgency ED, per 1,000 population, age-standardised",88.7,#,"Interpret with caution - Results only include data for formal public EDs, so does not include all emergency care provided by public hospitals. This may affect comparability of results for regional and remote areas"
Table3,2024-25,,PHN,003REG,Regional,Regional,All persons,After-hours,TC4+5,"After-hours lower urgency ED, per 1,000 population, age-standardised",67,#,"Interpret with caution - Results only include data for formal public EDs, so does not include all emergency care provided by public hospitals. This may affect comparability of results for regional and remote areas"
Table3,2024-25,,PHN,003REG,Regional,Regional,All persons,All-hours,TC4+5,Number all-hours lower urgency ED,1362168,#,"Interpret with caution - Results only include data for formal public EDs, so does not include all emergency care provided by public hospitals. This may affect comparability of results for regional and remote areas"
Table3,2024-25,,PHN,003REG,Regional,Regional,All persons,All-hours,All,Number total ED,3938761,#,"Interpret with caution - Results only include data for formal public EDs, so does not include all emergency care provided by public hospitals. This may affect comparability of results for regional and remote areas"
Table3,2024-25,,PHN,003REG,Regional,Regional,All persons,,TC4+5,Estimated resident population,9203096,,
Table3,2024-25,ACT,PHN,PHN801,Australian Capital Territory,Metropolitan,All persons,All-hours,TC4+5,"All-hours lower urgency ED, per 1,000 population, age-standardised",90.2,,
Table3,2024-25,ACT,PHN,PHN801,Australian Capital Territory,Metropolitan,All persons,In-hours,TC4+5,"In-hours lower urgency ED, per 1,000 population, age-standardised",48.9,,
Table3,2024-25,ACT,PHN,PHN801,Australian Capital Territory,Metropolitan,All persons,After-hours,TC4+5,"After-hours lower urgency ED, per 1,000 population, age-standardised",41.4,,
Table3,2024-25,ACT,PHN,PHN801,Australian Capital Territory,Metropolitan,All persons,All-hours,TC4+5,Number all-hours lower urgency ED,41908,,
Table3,2024-25,ACT,PHN,PHN801,Australian Capital Territory,Metropolitan,All persons,All-hours,All,Number total ED,137767,,
Table3,2024-25,ACT,PHN,PHN801,Australian Capital Territory,Metropolitan,All persons,,TC4+5,Estimated resident population,473855,,
Table3,2024-25,NSW,PHN,PHN101,Central and Eastern Sydney,Metropolitan,All persons,All-hours,TC4+5,"All-hours lower urgency ED, per 1,000 population, age-standardised",90.1,,
Table3,2024-25,NSW,PHN,PHN101,Central and Eastern Sydney,Metropolitan,All persons,In-hours,TC4+5,"In-hours lower urgency ED, per 1,000 population, age-standardised",47.3,,
Table3,2024-25,NSW,PHN,PHN101,Central and Eastern Sydney,Metropolitan,All persons,After-hours,TC4+5,"After-hours lower urgency ED, per 1,000 population, age-standardised",42.8,,
Table3,2024-25,NSW,PHN,PHN101,Central and Eastern Sydney,Metropolitan,All persons,All-hours,TC4+5,Number all-hours lower urgency ED,135555,,
Table3,2024-25,NSW,PHN,PHN101,Central and Eastern Sydney,Metropolitan,All persons,All-hours,All,Number total ED,441969,,
Table3,2024-25,NSW,PHN,PHN101,Central and Eastern Sydney,Metropolitan,All persons,,TC4+5,Estimated resident population,1634060,,
Table3,2024-25,NSW,PHN,PHN102,Northern Sydney,Metropolitan,All persons,All-hours,TC4+5,"All-hours lower urgency ED, per 1,000 population, age-standardised",73.5,,
Table3,2024-25,NSW,PHN,PHN102,Northern Sydney,Metropolitan,All persons,In-hours,TC4+5,"In-hours lower urgency ED, per 1,000 population, age-standardised",37.2,,
Table3,2024-25,NSW,PHN,PHN102,Northern Sydney,Metropolitan,All persons,After-hours,TC4+5,"After-hours lower urgency ED, per 1,000 population, age-standardised",36.3,,
Table3,2024-25,NSW,PHN,PHN102,Northern Sydney,Metropolitan,All persons,All-hours,TC4+5,Number all-hours lower urgency ED,67520,,
Table3,2024-25,NSW,PHN,PHN102,Northern Sydney,Metropolitan,All persons,All-hours,All,Number total ED,212845,,
Table3,2024-25,NSW,PHN,PHN102,Northern Sydney,Metropolitan,All persons,,TC4+5,Estimated resident population,962353,,
Table3,2024-25,NSW,PHN,PHN103,Western Sydney,Metropolitan,All persons,All-hours,TC4+5,"All-hours lower urgency ED, per 1,000 population, age-standardised",72.8,,
Table3,2024-25,NSW,PHN,PHN103,Western Sydney,Metropolitan,All persons,In-hours,TC4+5,"In-hours lower urgency ED, per 1,000 population, age-standardised",36.8,,
Table3,2024-25,NSW,PHN,PHN103,Western Sydney,Metropolitan,All persons,After-hours,TC4+5,"After-hours lower urgency ED, per 1,000 population, age-standardised",36.1,,
Table3,2024-25,NSW,PHN,PHN103,Western Sydney,Metropolitan,All persons,All-hours,TC4+5,Number all-hours lower urgency ED,83189,,
Table3,2024-25,NSW,PHN,PHN103,Western Sydney,Metropolitan,All persons,All-hours,All,Number total ED,281103,,
Table3,2024-25,NSW,PHN,PHN103,Western Sydney,Metropolitan,All persons,,TC4+5,Estimated resident population,1150051,,
Table3,2024-25,NSW,PHN,PHN104,Nepean Blue Mountains,Metropolitan,All persons,All-hours,TC4+5,"All-hours lower urgency ED, per 1,000 population, age-standardised",118.5,,
Table3,2024-25,NSW,PHN,PHN104,Nepean Blue Mountains,Metropolitan,All persons,In-hours,TC4+5,"In-hours lower urgency ED, per 1,000 population, age-standardised",64,,
Table3,2024-25,NSW,PHN,PHN104,Nepean Blue Mountains,Metropolitan,All persons,After-hours,TC4+5,"After-hours lower urgency ED, per 1,000 population, age-standardised",54.5,,
Table3,2024-25,NSW,PHN,PHN104,Nepean Blue Mountains,Metropolitan,All persons,All-hours,TC4+5,Number all-hours lower urgency ED,46385,,
Table3,2024-25,NSW,PHN,PHN104,Nepean Blue Mountains,Metropolitan,All persons,All-hours,All,Number total ED,149434,,
Table3,2024-25,NSW,PHN,PHN104,Nepean Blue Mountains,Metropolitan,All persons,,TC4+5,Estimated resident population,397362,,
Table3,2024-25,NSW,PHN,PHN105,South Western Sydney,Metropolitan,All persons,All-hours,TC4+5,"All-hours lower urgency ED, per 1,000 population, age-standardised",77.1,,
Table3,2024-25,NSW,PHN,PHN105,South Western Sydney,Metropolitan,All persons,In-hours,TC4+5,"In-hours lower urgency ED, per 1,000 population, age-standardised",40.1,,
Table3,2024-25,NSW,PHN,PHN105,South Western Sydney,Metropolitan,All persons,After-hours,TC4+5,"After-hours lower urgency ED, per 1,000 population, age-standardised",37.1,,
Table3,2024-25,NSW,PHN,PHN105,South Western Sydney,Metropolitan,All persons,All-hours,TC4+5,Number all-hours lower urgency ED,86928,,
Table3,2024-25,NSW,PHN,PHN105,South Western Sydney,Metropolitan,All persons,All-hours,All,Number total ED,337777,,
Table3,2024-25,NSW,PHN,PHN105,South Western Sydney,Metropolitan,All persons,,TC4+5,Estimated resident population,1133008,,
Table3,2024-25,NSW,PHN,PHN106,South Eastern NSW,Regional,All persons,All-hours,TC4+5,"All-hours lower urgency ED, per 1,000 population, age-standardised",165.6,#,"Interpret with caution - Results only include data for formal public EDs, so does not include all emergency care provided by public hospitals. This may affect comparability of results for regional and remote areas"
Table3,2024-25,NSW,PHN,PHN106,South Eastern NSW,Regional,All persons,In-hours,TC4+5,"In-hours lower urgency ED, per 1,000 population, age-standardised",93.4,#,"Interpret with caution - Results only include data for formal public EDs, so does not include all emergency care provided by public hospitals. This may affect comparability of results for regional and remote areas"
Table3,2024-25,NSW,PHN,PHN106,South Eastern NSW,Regional,All persons,After-hours,TC4+5,"After-hours lower urgency ED, per 1,000 population, age-standardised",72.2,#,"Interpret with caution - Results only include data for formal public EDs, so does not include all emergency care provided by public hospitals. This may affect comparability of results for regional and remote areas"
Table3,2024-25,NSW,PHN,PHN106,South Eastern NSW,Regional,All persons,All-hours,TC4+5,Number all-hours lower urgency ED,105117,#,"Interpret with caution - Results only include data for formal public EDs, so does not include all emergency care provided by public hospitals. This may affect comparability of results for regional and remote areas"
Table3,2024-25,NSW,PHN,PHN106,South Eastern NSW,Regional,All persons,All-hours,All,Number total ED,291861,#,"Interpret with caution - Results only include data for formal public EDs, so does not include all emergency care provided by public hospitals. This may affect comparability of results for regional and remote areas"
Table3,2024-25,NSW,PHN,PHN106,South Eastern NSW,Regional,All persons,,TC4+5,Estimated resident population,663994,,
Table3,2024-25,NSW,PHN,PHN107,Western NSW,Regional,All persons,All-hours,TC4+5,"All-hours lower urgency ED, per 1,000 population, age-standardised",345.9,#,"Interpret with caution - Results only include data for formal public EDs, so does not include all emergency care provided by public hospitals. This may affect comparability of results for regional and remote areas"
Table3,2024-25,NSW,PHN,PHN107,Western NSW,Regional,All persons,In-hours,TC4+5,"In-hours lower urgency ED, per 1,000 population, age-standardised",210.9,#,"Interpret with caution - Results only include data for formal public EDs, so does not include all emergency care provided by public hospitals. This may affect comparability of results for regional and remote areas"
Table3,2024-25,NSW,PHN,PHN107,Western NSW,Regional,All persons,After-hours,TC4+5,"After-hours lower urgency ED, per 1,000 population, age-standardised",135,#,"Interpret with caution - Results only include data for formal public EDs, so does not include all emergency care provided by public hospitals. This may affect comparability of results for regional and remote areas"
Table3,2024-25,NSW,PHN,PHN107,Western NSW,Regional,All persons,All-hours,TC4+5,Number all-hours lower urgency ED,105948,#,"Interpret with caution - Results only include data for formal public EDs, so does not include all emergency care provided by public hospitals. This may affect comparability of results for regional and remote areas"
Table3,2024-25,NSW,PHN,PHN107,Western NSW,Regional,All persons,All-hours,All,Number total ED,228859,#,"Interpret with caution - Results only include data for formal public EDs, so does not include all emergency care provided by public hospitals. This may affect comparability of results for regional and remote areas"
Table3,2024-25,NSW,PHN,PHN107,Western NSW,Regional,All persons,,TC4+5,Estimated resident population,316054,,
Table3,2024-25,NSW,PHN,PHN108,Hunter New England and Central Coast,Regional,All persons,All-hours,TC4+5,"All-hours lower urgency ED, per 1,000 population, age-standardised",170,#,"Interpret with caution - Results only include data for formal public EDs, so does not include all emergency care provided by public hospitals. This may affect comparability of results for regional and remote areas"
Table3,2024-25,NSW,PHN,PHN108,Hunter New England and Central Coast,Regional,All persons,In-hours,TC4+5,"In-hours lower urgency ED, per 1,000 population, age-standardised",95,#,"Interpret with caution - Results only include data for formal public EDs, so does not include all emergency care provided by public hospitals. This may affect comparability of results for regional and remote areas"
Table3,2024-25,NSW,PHN,PHN108,Hunter New England and Central Coast,Regional,All persons,After-hours,TC4+5,"After-hours lower urgency ED, per 1,000 population, age-standardised",75,#,"Interpret with caution - Results only include data for formal public EDs, so does not include all emergency care provided by public hospitals. This may affect comparability of results for regional and remote areas"
Table3,2024-25,NSW,PHN,PHN108,Hunter New England and Central Coast,Regional,All persons,All-hours,TC4+5,Number all-hours lower urgency ED,218975,#,"Interpret with caution - Results only include data for formal public EDs, so does not include all emergency care provided by public hospitals. This may affect comparability of results for regional and remote areas"
Table3,2024-25,NSW,PHN,PHN108,Hunter New England and Central Coast,Regional,All persons,All-hours,All,Number total ED,582252,#,"Interpret with caution - Results only include data for formal public EDs, so does not include all emergency care provided by public hospitals. This may affect comparability of results for regional and remote areas"
Table3,2024-25,NSW,PHN,PHN108,Hunter New England and Central Coast,Regional,All persons,,TC4+5,Estimated resident population,1355025,,
Table3,2024-25,NSW,PHN,PHN109,North Coast,Regional,All persons,All-hours,TC4+5,"All-hours lower urgency ED, per 1,000 population, age-standardised",277.7,#,"Interpret with caution - Results only include data for formal public EDs, so does not include all emergency care provided by public hospitals. This may affect comparability of results for regional and remote areas"
Table3,2024-25,NSW,PHN,PHN109,North Coast,Regional,All persons,In-hours,TC4+5,"In-hours lower urgency ED, per 1,000 population, age-standardised",165.1,#,"Interpret with caution - Results only include data for formal public EDs, so does not include all emergency care provided by public hospitals. This may affect comparability of results for regional and remote areas"
Table3,2024-25,NSW,PHN,PHN109,North Coast,Regional,All persons,After-hours,TC4+5,"After-hours lower urgency ED, per 1,000 population, age-standardised",112.6,#,"Interpret with caution - Results only include data for formal public EDs, so does not include all emergency care provided by public hospitals. This may affect comparability of results for regional and remote areas"
Table3,2024-25,NSW,PHN,PHN109,North Coast,Regional,All persons,All-hours,TC4+5,Number all-hours lower urgency ED,141848,#,"Interpret with caution - Results only include data for formal public EDs, so does not include all emergency care provided by public hospitals. This may affect comparability of results for regional and remote areas"
Table3,2024-25,NSW,PHN,PHN109,North Coast,Regional,All persons,All-hours,All,Number total ED,347214,#,"Interpret with caution - Results only include data for formal public EDs, so does not include all emergency care provided by public hospitals. This may affect comparability of results for regional and remote areas"
Table3,2024-25,NSW,PHN,PHN109,North Coast,Regional,All persons,,TC4+5,Estimated resident population,557448,,
Table3,2024-25,NSW,PHN,PHN110,Murrumbidgee,Regional,All persons,All-hours,TC4+5,"All-hours lower urgency ED, per 1,000 population, age-standardised",289.2,#,"Interpret with caution - Results only include data for formal public EDs, so does not include all emergency care provided by public hospitals. This may affect comparability of results for regional and remote areas"
Table3,2024-25,NSW,PHN,PHN110,Murrumbidgee,Regional,All persons,In-hours,TC4+5,"In-hours lower urgency ED, per 1,000 population, age-standardised",174.2,#,"Interpret with caution - Results only include data for formal public EDs, so does not include all emergency care provided by public hospitals. This may affect comparability of results for regional and remote areas"
Table3,2024-25,NSW,PHN,PHN110,Murrumbidgee,Regional,All persons,After-hours,TC4+5,"After-hours lower urgency ED, per 1,000 population, age-standardised",115,#,"Interpret with caution - Results only include data for formal public EDs, so does not include all emergency care provided by public hospitals. This may affect comparability of results for regional and remote areas"
Table3,2024-25,NSW,PHN,PHN110,Murrumbidgee,Regional,All persons,All-hours,TC4+5,Number all-hours lower urgency ED,70908,#,"Interpret with caution - Results only include data for formal public EDs, so does not include all emergency care provided by public hospitals. This may affect comparability of results for regional and remote areas"
Table3,2024-25,NSW,PHN,PHN110,Murrumbidgee,Regional,All persons,All-hours,All,Number total ED,166470,#,"Interpret with caution - Results only include data for formal public EDs, so does not include all emergency care provided by public hospitals. This may affect comparability of results for regional and remote areas"
Table3,2024-25,NSW,PHN,PHN110,Murrumbidgee,Regional,All persons,,TC4+5,Estimated resident population,251736,,
Table3,2024-25,NT,PHN,PHN701,Northern Territory,Regional,All persons,All-hours,TC4+5,"All-hours lower urgency ED, per 1,000 population, age-standardised",255,#,"Interpret with caution - Results only include data for formal public EDs, so does not include all emergency care provided by public hospitals. This may affect comparability of results for regional and remote areas"
Table3,2024-25,NT,PHN,PHN701,Northern Territory,Regional,All persons,In-hours,TC4+5,"In-hours lower urgency ED, per 1,000 population, age-standardised",145.6,#,"Interpret with caution - Results only include data for formal public EDs, so does not include all emergency care provided by public hospitals. This may affect comparability of results for regional and remote areas"
Table3,2024-25,NT,PHN,PHN701,Northern Territory,Regional,All persons,After-hours,TC4+5,"After-hours lower urgency ED, per 1,000 population, age-standardised",109.4,#,"Interpret with caution - Results only include data for formal public EDs, so does not include all emergency care provided by public hospitals. This may affect comparability of results for regional and remote areas"
Table3,2024-25,NT,PHN,PHN701,Northern Territory,Regional,All persons,All-hours,TC4+5,Number all-hours lower urgency ED,64938,#,"Interpret with caution - Results only include data for formal public EDs, so does not include all emergency care provided by public hospitals. This may affect comparability of results for regional and remote areas"
Table3,2024-25,NT,PHN,PHN701,Northern Territory,Regional,All persons,All-hours,All,Number total ED,179600,#,"Interpret with caution - Results only include data for formal public EDs, so does not include all emergency care provided by public hospitals. This may affect comparability of results for regional and remote areas"
Table3,2024-25,NT,PHN,PHN701,Northern Territory,Regional,All persons,,TC4+5,Estimated resident population,255054,,
Table3,2024-25,,NAT,001NAT,National,National,All persons,All-hours,TC4+5,"All-hours lower urgency ED, per 1,000 population, age-standardised",104.7,,
Table3,2024-25,,NAT,001NAT,National,National,All persons,In-hours,TC4+5,"In-hours lower urgency ED, per 1,000 population, age-standardised",57.3,,
Table3,2024-25,,NAT,001NAT,National,National,All persons,After-hours,TC4+5,"After-hours lower urgency ED, per 1,000 population, age-standardised",47.4,,
Table3,2024-25,,NAT,001NAT,National,National,All persons,All-hours,TC4+5,Number all-hours lower urgency ED,2765074,,
Table3,2024-25,,NAT,001NAT,National,National,All persons,All-hours,All,Number total ED,9094312,,
Table3,2024-25,,NAT,001NAT,National,National,All persons,,TC4+5,Estimated resident population,27194369,,
Table3,2024-25,Qld,PHN,PHN301,Brisbane North,Metropolitan,All persons,All-hours,TC4+5,"All-hours lower urgency ED, per 1,000 population, age-standardised",74.9,,
Table3,2024-25,Qld,PHN,PHN301,Brisbane North,Metropolitan,All persons,In-hours,TC4+5,"In-hours lower urgency ED, per 1,000 population, age-standardised",40,,
Table3,2024-25,Qld,PHN,PHN301,Brisbane North,Metropolitan,All persons,After-hours,TC4+5,"After-hours lower urgency ED, per 1,000 population, age-standardised",35,,
Table3,2024-25,Qld,PHN,PHN301,Brisbane North,Metropolitan,All persons,All-hours,TC4+5,Number all-hours lower urgency ED,81155,,
Table3,2024-25,Qld,PHN,PHN301,Brisbane North,Metropolitan,All persons,All-hours,All,Number total ED,342674,,
Table3,2024-25,Qld,PHN,PHN301,Brisbane North,Metropolitan,All persons,,TC4+5,Estimated resident population,1146410,,
Table3,2024-25,Qld,PHN,PHN302,Brisbane South,Metropolitan,All persons,All-hours,TC4+5,"All-hours lower urgency ED, per 1,000 population, age-standardised",59.2,,
Table3,2024-25,Qld,PHN,PHN302,Brisbane South,Metropolitan,All persons,In-hours,TC4+5,"In-hours lower urgency ED, per 1,000 population, age-standardised",32,,
Table3,2024-25,Qld,PHN,PHN302,Brisbane South,Metropolitan,All persons,After-hours,TC4+5,"After-hours lower urgency ED, per 1,000 population, age-standardised",27.2,,
Table3,2024-25,Qld,PHN,PHN302,Brisbane South,Metropolitan,All persons,All-hours,TC4+5,Number all-hours lower urgency ED,75236,,
Table3,2024-25,Qld,PHN,PHN302,Brisbane South,Metropolitan,All persons,All-hours,All,Number total ED,390958,,
Table3,2024-25,Qld,PHN,PHN302,Brisbane South,Metropolitan,All persons,,TC4+5,Estimated resident population,1311429,,
Table3,2024-25,Qld,PHN,PHN303,Gold Coast,Metropolitan,All persons,All-hours,TC4+5,"All-hours lower urgency ED, per 1,000 population, age-standardised",53.8,,
Table3,2024-25,Qld,PHN,PHN303,Gold Coast,Metropolitan,All persons,In-hours,TC4+5,"In-hours lower urgency ED, per 1,000 population, age-standardised",29.5,,
Table3,2024-25,Qld,PHN,PHN303,Gold Coast,Metropolitan,All persons,After-hours,TC4+5,"After-hours lower urgency ED, per 1,000 population, age-standardised",24.3,,
Table3,2024-25,Qld,PHN,PHN303,Gold Coast,Metropolitan,All persons,All-hours,TC4+5,Number all-hours lower urgency ED,35884,,
Table3,2024-25,Qld,PHN,PHN303,Gold Coast,Metropolitan,All persons,All-hours,All,Number total ED,189733,,
Table3,2024-25,Qld,PHN,PHN303,Gold Coast,Metropolitan,All persons,,TC4+5,Estimated resident population,697905,,
Table3,2024-25,Qld,PHN,PHN304,Darling Downs and West Moreton,Regional,All persons,All-hours,TC4+5,"All-hours lower urgency ED, per 1,000 population, age-standardised",36.4,#,"Interpret with caution - Results only include data for formal public EDs, so does not include all emergency care provided by public hospitals. This may affect comparability of results for regional and remote areas"
Table3,2024-25,Qld,PHN,PHN304,Darling Downs and West Moreton,Regional,All persons,In-hours,TC4+5,"In-hours lower urgency ED, per 1,000 population, age-standardised",19.1,#,"Interpret with caution - Results only include data for formal public EDs, so does not include all emergency care provided by public hospitals. This may affect comparability of results for regional and remote areas"
Table3,2024-25,Qld,PHN,PHN304,Darling Downs and West Moreton,Regional,All persons,After-hours,TC4+5,"After-hours lower urgency ED, per 1,000 population, age-standardised",17.4,#,"Interpret with caution - Results only include data for formal public EDs, so does not include all emergency care provided by public hospitals. This may affect comparability of results for regional and remote areas"
Table3,2024-25,Qld,PHN,PHN304,Darling Downs and West Moreton,Regional,All persons,All-hours,TC4+5,Number all-hours lower urgency ED,22842,#,"Interpret with caution - Results only include data for formal public EDs, so does not include all emergency care provided by public hospitals. This may affect comparability of results for regional and remote areas"
Table3,2024-25,Qld,PHN,PHN304,Darling Downs and West Moreton,Regional,All persons,All-hours,All,Number total ED,162502,#,"Interpret with caution - Results only include data for formal public EDs, so does not include all emergency care provided by public hospitals. This may affect comparability of results for regional and remote areas"
Table3,2024-25,Qld,PHN,PHN304,Darling Downs and West Moreton,Regional,All persons,,TC4+5,Estimated resident population,650926,,
Table3,2024-25,Qld,PHN,PHN305,Western Queensland,Regional,All persons,All-hours,TC4+5,"All-hours lower urgency ED, per 1,000 population, age-standardised",263.7,#,"Interpret with caution - Results only include data for formal public EDs, so does not include all emergency care provided by public hospitals. This may affect comparability of results for regional and remote areas"
Table3,2024-25,Qld,PHN,PHN305,Western Queensland,Regional,All persons,In-hours,TC4+5,"In-hours lower urgency ED, per 1,000 population, age-standardised",161.7,#,"Interpret with caution - Results only include data for formal public EDs, so does not include all emergency care provided by public hospitals. This may affect comparability of results for regional and remote areas"
Table3,2024-25,Qld,PHN,PHN305,Western Queensland,Regional,All persons,After-hours,TC4+5,"After-hours lower urgency ED, per 1,000 population, age-standardised",102,#,"Interpret with caution - Results only include data for formal public EDs, so does not include all emergency care provided by public hospitals. This may affect comparability of results for regional and remote areas"
Table3,2024-25,Qld,PHN,PHN305,Western Queensland,Regional,All persons,All-hours,TC4+5,Number all-hours lower urgency ED,16606,#,"Interpret with caution - Results only include data for formal public EDs, so does not include all emergency care provided by public hospitals. This may affect comparability of results for regional and remote areas"
Table3,2024-25,Qld,PHN,PHN305,Western Queensland,Regional,All persons,All-hours,All,Number total ED,36958,#,"Interpret with caution - Results only include data for formal public EDs, so does not include all emergency care provided by public hospitals. This may affect comparability of results for regional and remote areas"
Table3,2024-25,Qld,PHN,PHN305,Western Queensland,Regional,All persons,,TC4+5,Estimated resident population,64124,,
Table3,2024-25,Qld,PHN,PHN306,"Central Queensland, Wide Bay, Sunshine Coast",Regional,All persons,All-hours,TC4+5,"All-hours lower urgency ED, per 1,000 population, age-standardised",111.2,#,"Interpret with caution - Results only include data for formal public EDs, so does not include all emergency care provided by public hospitals. This may affect comparability of results for regional and remote areas"
Table3,2024-25,Qld,PHN,PHN306,"Central Queensland, Wide Bay, Sunshine Coast",Regional,All persons,In-hours,TC4+5,"In-hours lower urgency ED, per 1,000 population, age-standardised",62.3,#,"Interpret with caution - Results only include data for formal public EDs, so does not include all emergency care provided by public hospitals. This may affect comparability of results for regional and remote areas"
Table3,2024-25,Qld,PHN,PHN306,"Central Queensland, Wide Bay, Sunshine Coast",Regional,All persons,After-hours,TC4+5,"After-hours lower urgency ED, per 1,000 population, age-standardised",48.9,#,"Interpret with caution - Results only include data for formal public EDs, so does not include all emergency care provided by public hospitals. This may affect comparability of results for regional and remote areas"
Table3,2024-25,Qld,PHN,PHN306,"Central Queensland, Wide Bay, Sunshine Coast",Regional,All persons,All-hours,TC4+5,Number all-hours lower urgency ED,99563,#,"Interpret with caution - Results only include data for formal public EDs, so does not include all emergency care provided by public hospitals. This may affect comparability of results for regional and remote areas"
Table3,2024-25,Qld,PHN,PHN306,"Central Queensland, Wide Bay, Sunshine Coast",Regional,All persons,All-hours,All,Number total ED,379017,#,"Interpret with caution - Results only include data for formal public EDs, so does not include all emergency care provided by public hospitals. This may affect comparability of results for regional and remote areas"
Table3,2024-25,Qld,PHN,PHN306,"Central Queensland, Wide Bay, Sunshine Coast",Regional,All persons,,TC4+5,Estimated resident population,970084,,
Table3,2024-25,Qld,PHN,PHN307,Northern Queensland,Regional,All persons,All-hours,TC4+5,"All-hours lower urgency ED, per 1,000 population, age-standardised",68.4,#,"Interpret with caution - Results only include data for formal public EDs, so does not include all emergency care provided by public hospitals. This may affect comparability of results for regional and remote areas"
Table3,2024-25,Qld,PHN,PHN307,Northern Queensland,Regional,All persons,In-hours,TC4+5,"In-hours lower urgency ED, per 1,000 population, age-standardised",37.1,#,"Interpret with caution - Results only include data for formal public EDs, so does not include all emergency care provided by public hospitals. This may affect comparability of results for regional and remote areas"
Table3,2024-25,Qld,PHN,PHN307,Northern Queensland,Regional,All persons,After-hours,TC4+5,"After-hours lower urgency ED, per 1,000 population, age-standardised",31.4,#,"Interpret with caution - Results only include data for formal public EDs, so does not include all emergency care provided by public hospitals. This may affect comparability of results for regional and remote areas"
Table3,2024-25,Qld,PHN,PHN307,Northern Queensland,Regional,All persons,All-hours,TC4+5,Number all-hours lower urgency ED,49131,#,"Interpret with caution - Results only include data for formal public EDs, so does not include all emergency care provided by public hospitals. This may affect comparability of results for regional and remote areas"
Table3,2024-25,Qld,PHN,PHN307,Northern Queensland,Regional,All persons,All-hours,All,Number total ED,231745,#,"Interpret with caution - Results only include data for formal public EDs, so does not include all emergency care provided by public hospitals. This may affect comparability of results for regional and remote areas"
Table3,2024-25,Qld,PHN,PHN307,Northern Queensland,Regional,All persons,,TC4+5,Estimated resident population,744940,,
Table3,2024-25,SA,PHN,PHN401,Adelaide,Metropolitan,All persons,All-hours,TC4+5,"All-hours lower urgency ED, per 1,000 population, age-standardised",81.5,,
Table3,2024-25,SA,PHN,PHN401,Adelaide,Metropolitan,All persons,In-hours,TC4+5,"In-hours lower urgency ED, per 1,000 population, age-standardised",42.2,,
Table3,2024-25,SA,PHN,PHN401,Adelaide,Metropolitan,All persons,After-hours,TC4+5,"After-hours lower urgency ED, per 1,000 population, age-standardised",39.3,,
Table3,2024-25,SA,PHN,PHN401,Adelaide,Metropolitan,All persons,All-hours,TC4+5,Number all-hours lower urgency ED,102943,,
Table3,2024-25,SA,PHN,PHN401,Adelaide,Metropolitan,All persons,All-hours,All,Number total ED,396829,,
Table3,2024-25,SA,PHN,PHN401,Adelaide,Metropolitan,All persons,,TC4+5,Estimated resident population,1341447,,
Table3,2024-25,SA,PHN,PHN402,Country SA,Regional,All persons,All-hours,TC4+5,"All-hours lower urgency ED, per 1,000 population, age-standardised",160.9,#,"Interpret with caution - Results only include data for formal public EDs, so does not include all emergency care provided by public hospitals. This may affect comparability of results for regional and remote areas"
Table3,2024-25,SA,PHN,PHN402,Country SA,Regional,All persons,In-hours,TC4+5,"In-hours lower urgency ED, per 1,000 population, age-standardised",90.6,#,"Interpret with caution - Results only include data for formal public EDs, so does not include all emergency care provided by public hospitals. This may affect comparability of results for regional and remote areas"
Table3,2024-25,SA,PHN,PHN402,Country SA,Regional,All persons,After-hours,TC4+5,"After-hours lower urgency ED, per 1,000 population, age-standardised",70.3,#,"Interpret with caution - Results only include data for formal public EDs, so does not include all emergency care provided by public hospitals. This may affect comparability of results for regional and remote areas"
Table3,2024-25,SA,PHN,PHN402,Country SA,Regional,All persons,All-hours,TC4+5,Number all-hours lower urgency ED,79814,#,"Interpret with caution - Results only include data for formal public EDs, so does not include all emergency care provided by public hospitals. This may affect comparability of results for regional and remote areas"
Table3,2024-25,SA,PHN,PHN402,Country SA,Regional,All persons,All-hours,All,Number total ED,223046,#,"Interpret with caution - Results only include data for formal public EDs, so does not include all emergency care provided by public hospitals. This may affect comparability of results for regional and remote areas"
Table3,2024-25,SA,PHN,PHN402,Country SA,Regional,All persons,,TC4+5,Estimated resident population,536563,,
Table3,2024-25,Tas,PHN,PHN601,Tasmania,Regional,All persons,All-hours,TC4+5,"All-hours lower urgency ED, per 1,000 population, age-standardised",97,#,"Interpret with caution - Results only include data for formal public EDs, so does not include all emergency care provided by public hospitals. This may affect comparability of results for regional and remote areas"
Table3,2024-25,Tas,PHN,PHN601,Tasmania,Regional,All persons,In-hours,TC4+5,"In-hours lower urgency ED, per 1,000 population, age-standardised",53.8,#,"Interpret with caution - Results only include data for formal public EDs, so does not include all emergency care provided by public hospitals. This may affect comparability of results for regional and remote areas"
Table3,2024-25,Tas,PHN,PHN601,Tasmania,Regional,All persons,After-hours,TC4+5,"After-hours lower urgency ED, per 1,000 population, age-standardised",43.2,#,"Interpret with caution - Results only include data for formal public EDs, so does not include all emergency care provided by public hospitals. This may affect comparability of results for regional and remote areas"
Table3,2024-25,Tas,PHN,PHN601,Tasmania,Regional,All persons,All-hours,TC4+5,Number all-hours lower urgency ED,52045,#,"Interpret with caution - Results only include data for formal public EDs, so does not include all emergency care provided by public hospitals. This may affect comparability of results for regional and remote areas"
Table3,2024-25,Tas,PHN,PHN601,Tasmania,Regional,All persons,All-hours,All,Number total ED,181902,#,"Interpret with caution - Results only include data for formal public EDs, so does not include all emergency care provided by public hospitals. This may affect comparability of results for regional and remote areas"
Table3,2024-25,Tas,PHN,PHN601,Tasmania,Regional,All persons,,TC4+5,Estimated resident population,575496,,
Table3,2024-25,Vic,PHN,PHN201,North Western Melbourne,Metropolitan,All persons,All-hours,TC4+5,"All-hours lower urgency ED, per 1,000 population, age-standardised",78,,
Table3,2024-25,Vic,PHN,PHN201,North Western Melbourne,Metropolitan,All persons,In-hours,TC4+5,"In-hours lower urgency ED, per 1,000 population, age-standardised",41,,
Table3,2024-25,Vic,PHN,PHN201,North Western Melbourne,Metropolitan,All persons,After-hours,TC4+5,"After-hours lower urgency ED, per 1,000 population, age-standardised",37,,
Table3,2024-25,Vic,PHN,PHN201,North Western Melbourne,Metropolitan,All persons,All-hours,TC4+5,Number all-hours lower urgency ED,155816,,
Table3,2024-25,Vic,PHN,PHN201,North Western Melbourne,Metropolitan,All persons,All-hours,All,Number total ED,530180,,
Table3,2024-25,Vic,PHN,PHN201,North Western Melbourne,Metropolitan,All persons,,TC4+5,Estimated resident population,2044455,,
Table3,2024-25,Vic,PHN,PHN202,Eastern Melbourne,Metropolitan,All persons,All-hours,TC4+5,"All-hours lower urgency ED, per 1,000 population, age-standardised",63.7,,
Table3,2024-25,Vic,PHN,PHN202,Eastern Melbourne,Metropolitan,All persons,In-hours,TC4+5,"In-hours lower urgency ED, per 1,000 population, age-standardised",33.1,,
Table3,2024-25,Vic,PHN,PHN202,Eastern Melbourne,Metropolitan,All persons,After-hours,TC4+5,"After-hours lower urgency ED, per 1,000 population, age-standardised",30.6,,
Table3,2024-25,Vic,PHN,PHN202,Eastern Melbourne,Metropolitan,All persons,All-hours,TC4+5,Number all-hours lower urgency ED,98189,,
Table3,2024-25,Vic,PHN,PHN202,Eastern Melbourne,Metropolitan,All persons,All-hours,All,Number total ED,379690,,
Table3,2024-25,Vic,PHN,PHN202,Eastern Melbourne,Metropolitan,All persons,,TC4+5,Estimated resident population,1618442,,
Table3,2024-25,Vic,PHN,PHN203,South Eastern Melbourne,Metropolitan,All persons,All-hours,TC4+5,"All-hours lower urgency ED, per 1,000 population, age-standardised",63.5,,
Table3,2024-25,Vic,PHN,PHN203,South Eastern Melbourne,Metropolitan,All persons,In-hours,TC4+5,"In-hours lower urgency ED, per 1,000 population, age-standardised",32.8,,
Table3,2024-25,Vic,PHN,PHN203,South Eastern Melbourne,Metropolitan,All persons,After-hours,TC4+5,"After-hours lower urgency ED, per 1,000 population, age-standardised",30.7,,
Table3,2024-25,Vic,PHN,PHN203,South Eastern Melbourne,Metropolitan,All persons,All-hours,TC4+5,Number all-hours lower urgency ED,104105,,
Table3,2024-25,Vic,PHN,PHN203,South Eastern Melbourne,Metropolitan,All persons,All-hours,All,Number total ED,420888,,
Table3,2024-25,Vic,PHN,PHN203,South Eastern Melbourne,Metropolitan,All persons,,TC4+5,Estimated resident population,1687808,,
Table3,2024-25,Vic,PHN,PHN204,Gippsland,Regional,All persons,All-hours,TC4+5,"All-hours lower urgency ED, per 1,000 population, age-standardised",153.6,#,"Interpret with caution - Results only include data for formal public EDs, so does not include all emergency care provided by public hospitals. This may affect comparability of results for regional and remote areas"
Table3,2024-25,Vic,PHN,PHN204,Gippsland,Regional,All persons,In-hours,TC4+5,"In-hours lower urgency ED, per 1,000 population, age-standardised",84.9,#,"Interpret with caution - Results only include data for formal public EDs, so does not include all emergency care provided by public hospitals. This may affect comparability of results for regional and remote areas"
Table3,2024-25,Vic,PHN,PHN204,Gippsland,Regional,All persons,After-hours,TC4+5,"After-hours lower urgency ED, per 1,000 population, age-standardised",68.6,#,"Interpret with caution - Results only include data for formal public EDs, so does not include all emergency care provided by public hospitals. This may affect comparability of results for regional and remote areas"
Table3,2024-25,Vic,PHN,PHN204,Gippsland,Regional,All persons,All-hours,TC4+5,Number all-hours lower urgency ED,43546,#,"Interpret with caution - Results only include data for formal public EDs, so does not include all emergency care provided by public hospitals. This may affect comparability of results for regional and remote areas"
Table3,2024-25,Vic,PHN,PHN204,Gippsland,Regional,All persons,All-hours,All,Number total ED,130592,#,"Interpret with caution - Results only include data for formal public EDs, so does not include all emergency care provided by public hospitals. This may affect comparability of results for regional and remote areas"
Table3,2024-25,Vic,PHN,PHN204,Gippsland,Regional,All persons,,TC4+5,Estimated resident population,311434,,
Table3,2024-25,Vic,PHN,PHN205,Murray,Regional,All persons,All-hours,TC4+5,"All-hours lower urgency ED, per 1,000 population, age-standardised",150.8,#,"Interpret with caution - Results only include data for formal public EDs, so does not include all emergency care provided by public hospitals. This may affect comparability of results for regional and remote areas"
Table3,2024-25,Vic,PHN,PHN205,Murray,Regional,All persons,In-hours,TC4+5,"In-hours lower urgency ED, per 1,000 population, age-standardised",82.8,#,"Interpret with caution - Results only include data for formal public EDs, so does not include all emergency care provided by public hospitals. This may affect comparability of results for regional and remote areas"
Table3,2024-25,Vic,PHN,PHN205,Murray,Regional,All persons,After-hours,TC4+5,"After-hours lower urgency ED, per 1,000 population, age-standardised",68,#,"Interpret with caution - Results only include data for formal public EDs, so does not include all emergency care provided by public hospitals. This may affect comparability of results for regional and remote areas"
Table3,2024-25,Vic,PHN,PHN205,Murray,Regional,All persons,All-hours,TC4+5,Number all-hours lower urgency ED,91798,#,"Interpret with caution - Results only include data for formal public EDs, so does not include all emergency care provided by public hospitals. This may affect comparability of results for regional and remote areas"
Table3,2024-25,Vic,PHN,PHN205,Murray,Regional,All persons,All-hours,All,Number total ED,278308,#,"Interpret with caution - Results only include data for formal public EDs, so does not include all emergency care provided by public hospitals. This may affect comparability of results for regional and remote areas"
Table3,2024-25,Vic,PHN,PHN205,Murray,Regional,All persons,,TC4+5,Estimated resident population,654482,,
Table3,2024-25,Vic,PHN,PHN206,Western Victoria,Regional,All persons,All-hours,TC4+5,"All-hours lower urgency ED, per 1,000 population, age-standardised",83.6,#,"Interpret with caution - Results only include data for formal public EDs, so does not include all emergency care provided by public hospitals. This may affect comparability of results for regional and remote areas"
Table3,2024-25,Vic,PHN,PHN206,Western Victoria,Regional,All persons,In-hours,TC4+5,"In-hours lower urgency ED, per 1,000 population, age-standardised",45.3,#,"Interpret with caution - Results only include data for formal public EDs, so does not include all emergency care provided by public hospitals. This may affect comparability of results for regional and remote areas"
Table3,2024-25,Vic,PHN,PHN206,Western Victoria,Regional,All persons,After-hours,TC4+5,"After-hours lower urgency ED, per 1,000 population, age-standardised",38.3,#,"Interpret with caution - Results only include data for formal public EDs, so does not include all emergency care provided by public hospitals. This may affect comparability of results for regional and remote areas"
Table3,2024-25,Vic,PHN,PHN206,Western Victoria,Regional,All persons,All-hours,TC4+5,Number all-hours lower urgency ED,56652,#,"Interpret with caution - Results only include data for formal public EDs, so does not include all emergency care provided by public hospitals. This may affect comparability of results for regional and remote areas"
Table3,2024-25,Vic,PHN,PHN206,Western Victoria,Regional,All persons,All-hours,All,Number total ED,197299,#,"Interpret with caution - Results only include data for formal public EDs, so does not include all emergency care provided by public hospitals. This may affect comparability of results for regional and remote areas"
Table3,2024-25,Vic,PHN,PHN206,Western Victoria,Regional,All persons,,TC4+5,Estimated resident population,720272,,
Table3,2024-25,WA,PHN,PHN501,Perth North,Metropolitan,All persons,All-hours,TC4+5,"All-hours lower urgency ED, per 1,000 population, age-standardised",77.2,,
Table3,2024-25,WA,PHN,PHN501,Perth North,Metropolitan,All persons,In-hours,TC4+5,"In-hours lower urgency ED, per 1,000 population, age-standardised",42.1,,
Table3,2024-25,WA,PHN,PHN501,Perth North,Metropolitan,All persons,After-hours,TC4+5,"After-hours lower urgency ED, per 1,000 population, age-standardised",35.2,,
Table3,2024-25,WA,PHN,PHN501,Perth North,Metropolitan,All persons,All-hours,TC4+5,Number all-hours lower urgency ED,91195,,
Table3,2024-25,WA,PHN,PHN501,Perth North,Metropolitan,All persons,All-hours,All,Number total ED,322034,,
Table3,2024-25,WA,PHN,PHN501,Perth North,Metropolitan,All persons,,TC4+5,Estimated resident population,1225821,,
Table3,2024-25,WA,PHN,PHN502,Perth South,Metropolitan,All persons,All-hours,TC4+5,"All-hours lower urgency ED, per 1,000 population, age-standardised",95.5,,
Table3,2024-25,WA,PHN,PHN502,Perth South,Metropolitan,All persons,In-hours,TC4+5,"In-hours lower urgency ED, per 1,000 population, age-standardised",51.5,,
Table3,2024-25,WA,PHN,PHN502,Perth South,Metropolitan,All persons,After-hours,TC4+5,"After-hours lower urgency ED, per 1,000 population, age-standardised",44,,
Table3,2024-25,WA,PHN,PHN502,Perth South,Metropolitan,All persons,All-hours,TC4+5,Number all-hours lower urgency ED,108816,,
Table3,2024-25,WA,PHN,PHN502,Perth South,Metropolitan,All persons,All-hours,All,Number total ED,343116,,
Table3,2024-25,WA,PHN,PHN502,Perth South,Metropolitan,All persons,,TC4+5,Estimated resident population,1166279,,
Table3,2024-25,WA,PHN,PHN503,Country WA,Regional,All persons,All-hours,TC4+5,"All-hours lower urgency ED, per 1,000 population, age-standardised",260.4,#,"Interpret with caution - Results only include data for formal public EDs, so does not include all emergency care provided by public hospitals. This may affect comparability of results for regional and remote areas"
Table3,2024-25,WA,PHN,PHN503,Country WA,Regional,All persons,In-hours,TC4+5,"In-hours lower urgency ED, per 1,000 population, age-standardised",151.1,#,"Interpret with caution - Results only include data for formal public EDs, so does not include all emergency care provided by public hospitals. This may affect comparability of results for regional and remote areas"
Table3,2024-25,WA,PHN,PHN503,Country WA,Regional,All persons,After-hours,TC4+5,"After-hours lower urgency ED, per 1,000 population, age-standardised",109.3,#,"Interpret with caution - Results only include data for formal public EDs, so does not include all emergency care provided by public hospitals. This may affect comparability of results for regional and remote areas"
Table3,2024-25,WA,PHN,PHN503,Country WA,Regional,All persons,All-hours,TC4+5,Number all-hours lower urgency ED,142437,#,"Interpret with caution - Results only include data for formal public EDs, so does not include all emergency care provided by public hospitals. This may affect comparability of results for regional and remote areas"
Table3,2024-25,WA,PHN,PHN503,Country WA,Regional,All persons,All-hours,All,Number total ED,321136,#,"Interpret with caution - Results only include data for formal public EDs, so does not include all emergency care provided by public hospitals. This may affect comparability of results for regional and remote areas"
Table3,2024-25,WA,PHN,PHN503,Country WA,Regional,All persons,,TC4+5,Estimated resident population,575465,,
Table4,2017-18,,NAT,001NAT,National,National,All persons,All-hours,TC4+5,"All-hours lower urgency ED, per 1,000 population, age-standardised",119.3,,
Table4,2017-18,,NAT,001NAT,National,National,All persons,In-hours,TC4+5,"In-hours lower urgency ED, per 1,000 population, age-standardised",62,,
Table4,2017-18,,NAT,001NAT,National,National,All persons,After-hours,TC4+5,"After-hours lower urgency ED, per 1,000 population, age-standardised",57.3,,
Table4,2017-18,,NAT,001NAT,National,National,All persons,All-hours,TC4+5,Number all-hours lower urgency ED,2878835,,
Table4,2017-18,,NAT,001NAT,National,National,All persons,All-hours,All,Number total ED,8017492,,
Table4,2017-18,,NAT,001NAT,National,National,All persons,,TC4+5,Estimated resident population,24592588,,
Table4,2017-18,Vic,SA3,20101,Ballarat,Inner regional,All persons,All-hours,TC4+5,"All-hours lower urgency ED, per 1,000 population, age-standardised",174.1,#,"Interpret with caution - Results only include data for formal public EDs, so does not include all emergency care provided by public hospitals. This may affect comparability of results for regional and remote areas"
Table4,2017-18,Vic,SA3,20101,Ballarat,Inner regional,All persons,In-hours,TC4+5,"In-hours lower urgency ED, per 1,000 population, age-standardised",89.7,#,"Interpret with caution - Results only include data for formal public EDs, so does not include all emergency care provided by public hospitals. This may affect comparability of results for regional and remote areas"
Table4,2017-18,Vic,SA3,20101,Ballarat,Inner regional,All persons,After-hours,TC4+5,"After-hours lower urgency ED, per 1,000 population, age-standardised",84.4,#,"Interpret with caution - Results only include data for formal public EDs, so does not include all emergency care provided by public hospitals. This may affect comparability of results for regional and remote areas"
Table4,2017-18,Vic,SA3,20101,Ballarat,Inner regional,All persons,All-hours,TC4+5,Number all-hours lower urgency ED,18394,#,"Interpret with caution - Results only include data for formal public EDs, so does not include all emergency care provided by public hospitals. This may affect comparability of results for regional and remote areas"
Table4,2017-18,Vic,SA3,20101,Ballarat,Inner regional,All persons,All-hours,All,Number total ED,44834,#,"Interpret with caution - Results only include data for formal public EDs, so does not include all emergency care provided by public hospitals. This may affect comparability of results for regional and remote areas"
Table4,2017-18,Vic,SA3,20101,Ballarat,Inner regional,All persons,,TC4+5,Estimated resident population,107732,,
Table4,2017-18,Vic,SA3,20102,Creswick - Daylesford - Ballan,Inner regional,All persons,All-hours,TC4+5,"All-hours lower urgency ED, per 1,000 population, age-standardised",105.7,#,"Interpret with caution - Results only include data for formal public EDs, so does not include all emergency care provided by public hospitals. This may affect comparability of results for regional and remote areas"
Table4,2017-18,Vic,SA3,20102,Creswick - Daylesford - Ballan,Inner regional,All persons,In-hours,TC4+5,"In-hours lower urgency ED, per 1,000 population, age-standardised",56.1,#,"Interpret with caution - Results only include data for formal public EDs, so does not include all emergency care provided by public hospitals. This may affect comparability of results for regional and remote areas"
Table4,2017-18,Vic,SA3,20102,Creswick - Daylesford - Ballan,Inner regional,All persons,After-hours,TC4+5,"After-hours lower urgency ED, per 1,000 population, age-standardised",49.6,#,"Interpret with caution - Results only include data for formal public EDs, so does not include all emergency care provided by public hospitals. This may affect comparability of results for regional and remote areas"
Table4,2017-18,Vic,SA3,20102,Creswick - Daylesford - Ballan,Inner regional,All persons,All-hours,TC4+5,Number all-hours lower urgency ED,2718,#,"Interpret with caution - Results only include data for formal public EDs, so does not include all emergency care provided by public hospitals. This may affect comparability of results for regional and remote areas"
Table4,2017-18,Vic,SA3,20102,Creswick - Daylesford - Ballan,Inner regional,All persons,All-hours,All,Number total ED,7469,#,"Interpret with caution - Results only include data for formal public EDs, so does not include all emergency care provided by public hospitals. This may affect comparability of results for regional and remote areas"
Table4,2017-18,Vic,SA3,20102,Creswick - Daylesford - Ballan,Inner regional,All persons,,TC4+5,Estimated resident population,29124,,
Table4,2017-18,Vic,SA3,20103,Maryborough - Pyrenees,Inner regional,All persons,All-hours,TC4+5,"All-hours lower urgency ED, per 1,000 population, age-standardised",92.1,#,"Interpret with caution - Results only include data for formal public EDs, so does not include all emergency care provided by public hospitals. This may affect comparability of results for regional and remote areas"
Table4,2017-18,Vic,SA3,20103,Maryborough - Pyrenees,Inner regional,All persons,In-hours,TC4+5,"In-hours lower urgency ED, per 1,000 population, age-standardised",48.9,#,"Interpret with caution - Results only include data for formal public EDs, so does not include all emergency care provided by public hospitals. This may affect comparability of results for regional and remote areas"
Table4,2017-18,Vic,SA3,20103,Maryborough - Pyrenees,Inner regional,All persons,After-hours,TC4+5,"After-hours lower urgency ED, per 1,000 population, age-standardised",43.3,#,"Interpret with caution - Results only include data for formal public EDs, so does not include all emergency care provided by public hospitals. This may affect comparability of results for regional and remote areas"
Table4,2017-18,Vic,SA3,20103,Maryborough - Pyrenees,Inner regional,All persons,All-hours,TC4+5,Number all-hours lower urgency ED,2061,#,"Interpret with caution - Results only include data for formal public EDs, so does not include all emergency care provided by public hospitals. This may affect comparability of results for regional and remote areas"
Table4,2017-18,Vic,SA3,20103,Maryborough - Pyrenees,Inner regional,All persons,All-hours,All,Number total ED,6109,#,"Interpret with caution - Results only include data for formal public EDs, so does not include all emergency care provided by public hospitals. This may affect comparability of results for regional and remote areas"
Table4,2017-18,Vic,SA3,20103,Maryborough - Pyrenees,Inner regional,All persons,,TC4+5,Estimated resident population,25854,,
Table4,2017-18,Vic,SA3,20301,Barwon - West,Inner regional,All persons,All-hours,TC4+5,"All-hours lower urgency ED, per 1,000 population, age-standardised",74.9,#,"Interpret with caution - Results only include data for formal public EDs, so does not include all emergency care provided by public hospitals. This may affect comparability of results for regional and remote areas"
Table4,2017-18,Vic,SA3,20301,Barwon - West,Inner regional,All persons,In-hours,TC4+5,"In-hours lower urgency ED, per 1,000 population, age-standardised",38,#,"Interpret with caution - Results only include data for formal public EDs, so does not include all emergency care provided by public hospitals. This may affect comparability of results for regional and remote areas"
Table4,2017-18,Vic,SA3,20301,Barwon - West,Inner regional,All persons,After-hours,TC4+5,"After-hours lower urgency ED, per 1,000 population, age-standardised",36.9,#,"Interpret with caution - Results only include data for formal public EDs, so does not include all emergency care provided by public hospitals. This may affect comparability of results for regional and remote areas"
Table4,2017-18,Vic,SA3,20301,Barwon - West,Inner regional,All persons,All-hours,TC4+5,Number all-hours lower urgency ED,1433,#,"Interpret with caution - Results only include data for formal public EDs, so does not include all emergency care provided by public hospitals. This may affect comparability of results for regional and remote areas"
Table4,2017-18,Vic,SA3,20301,Barwon - West,Inner regional,All persons,All-hours,All,Number total ED,4407,#,"Interpret with caution - Results only include data for formal public EDs, so does not include all emergency care provided by public hospitals. This may affect comparability of results for regional and remote areas"
Table4,2017-18,Vic,SA3,20301,Barwon - West,Inner regional,All persons,,TC4+5,Estimated resident population,19888,,
Table4,2017-18,Vic,SA3,20302,Geelong,Major cities - medium socioeconomic areas,All persons,All-hours,TC4+5,"All-hours lower urgency ED, per 1,000 population, age-standardised",82.3,,
Table4,2017-18,Vic,SA3,20302,Geelong,Major cities - medium socioeconomic areas,All persons,In-hours,TC4+5,"In-hours lower urgency ED, per 1,000 population, age-standardised",39.5,,
Table4,2017-18,Vic,SA3,20302,Geelong,Major cities - medium socioeconomic areas,All persons,After-hours,TC4+5,"After-hours lower urgency ED, per 1,000 population, age-standardised",42.8,,
Table4,2017-18,Vic,SA3,20302,Geelong,Major cities - medium socioeconomic areas,All persons,All-hours,TC4+5,Number all-hours lower urgency ED,15785,,
Table4,2017-18,Vic,SA3,20302,Geelong,Major cities - medium socioeconomic areas,All persons,All-hours,All,Number total ED,55063,,
Table4,2017-18,Vic,SA3,20302,Geelong,Major cities - medium socioeconomic areas,All persons,,TC4+5,Estimated resident population,197711,,
Table4,2017-18,Vic,SA3,20303,Surf Coast - Bellarine Peninsula,Inner regional,All persons,All-hours,TC4+5,"All-hours lower urgency ED, per 1,000 population, age-standardised",54.4,#,"Interpret with caution - Results only include data for formal public EDs, so does not include all emergency care provided by public hospitals. This may affect comparability of results for regional and remote areas"
Table4,2017-18,Vic,SA3,20303,Surf Coast - Bellarine Peninsula,Inner regional,All persons,In-hours,TC4+5,"In-hours lower urgency ED, per 1,000 population, age-standardised",26.9,#,"Interpret with caution - Results only include data for formal public EDs, so does not include all emergency care provided by public hospitals. This may affect comparability of results for regional and remote areas"
Table4,2017-18,Vic,SA3,20303,Surf Coast - Bellarine Peninsula,Inner regional,All persons,After-hours,TC4+5,"After-hours lower urgency ED, per 1,000 population, age-standardised",27.5,#,"Interpret with caution - Results only include data for formal public EDs, so does not include all emergency care provided by public hospitals. This may affect comparability of results for regional and remote areas"
Table4,2017-18,Vic,SA3,20303,Surf Coast - Bellarine Peninsula,Inner regional,All persons,All-hours,TC4+5,Number all-hours lower urgency ED,3847,#,"Interpret with caution - Results only include data for formal public EDs, so does not include all emergency care provided by public hospitals. This may affect comparability of results for regional and remote areas"
Table4,2017-18,Vic,SA3,20303,Surf Coast - Bellarine Peninsula,Inner regional,All persons,All-hours,All,Number total ED,13715,#,"Interpret with caution - Results only include data for formal public EDs, so does not include all emergency care provided by public hospitals. This may affect comparability of results for regional and remote areas"
Table4,2017-18,Vic,SA3,20303,Surf Coast - Bellarine Peninsula,Inner regional,All persons,,TC4+5,Estimated resident population,77248,,
Table4,2017-18,Vic,SA3,21501,Grampians,Outer regional,All persons,All-hours,TC4+5,"All-hours lower urgency ED, per 1,000 population, age-standardised",145.4,#,"Interpret with caution - Results only include data for formal public EDs, so does not include all emergency care provided by public hospitals. This may affect comparability of results for regional and remote areas"
Table4,2017-18,Vic,SA3,21501,Grampians,Outer regional,All persons,In-hours,TC4+5,"In-hours lower urgency ED, per 1,000 population, age-standardised",76,#,"Interpret with caution - Results only include data for formal public EDs, so does not include all emergency care provided by public hospitals. This may affect comparability of results for regional and remote areas"
Table4,2017-18,Vic,SA3,21501,Grampians,Outer regional,All persons,After-hours,TC4+5,"After-hours lower urgency ED, per 1,000 population, age-standardised",69.4,#,"Interpret with caution - Results only include data for formal public EDs, so does not include all emergency care provided by public hospitals. This may affect comparability of results for regional and remote areas"
Table4,2017-18,Vic,SA3,21501,Grampians,Outer regional,All persons,All-hours,TC4+5,Number all-hours lower urgency ED,8049,#,"Interpret with caution - Results only include data for formal public EDs, so does not include all emergency care provided by public hospitals. This may affect comparability of results for regional and remote areas"
Table4,2017-18,Vic,SA3,21501,Grampians,Outer regional,All persons,All-hours,All,Number total ED,17670,#,"Interpret with caution - Results only include data for formal public EDs, so does not include all emergency care provided by public hospitals. This may affect comparability of results for regional and remote areas"
Table4,2017-18,Vic,SA3,21501,Grampians,Outer regional,All persons,,TC4+5,Estimated resident population,59560,,
Table4,2017-18,Vic,SA3,21701,Glenelg - Southern Grampians,Outer regional,All persons,All-hours,TC4+5,"All-hours lower urgency ED, per 1,000 population, age-standardised",113.2,#,"Interpret with caution - Results only include data for formal public EDs, so does not include all emergency care provided by public hospitals. This may affect comparability of results for regional and remote areas"
Table4,2017-18,Vic,SA3,21701,Glenelg - Southern Grampians,Outer regional,All persons,In-hours,TC4+5,"In-hours lower urgency ED, per 1,000 population, age-standardised",54,#,"Interpret with caution - Results only include data for formal public EDs, so does not include all emergency care provided by public hospitals. This may affect comparability of results for regional and remote areas"
Table4,2017-18,Vic,SA3,21701,Glenelg - Southern Grampians,Outer regional,All persons,After-hours,TC4+5,"After-hours lower urgency ED, per 1,000 population, age-standardised",59.2,#,"Interpret with caution - Results only include data for formal public EDs, so does not include all emergency care provided by public hospitals. This may affect comparability of results for regional and remote areas"
Table4,2017-18,Vic,SA3,21701,Glenelg - Southern Grampians,Outer regional,All persons,All-hours,TC4+5,Number all-hours lower urgency ED,3688,#,"Interpret with caution - Results only include data for formal public EDs, so does not include all emergency care provided by public hospitals. This may affect comparability of results for regional and remote areas"
Table4,2017-18,Vic,SA3,21701,Glenelg - Southern Grampians,Outer regional,All persons,All-hours,All,Number total ED,9017,#,"Interpret with caution - Results only include data for formal public EDs, so does not include all emergency care provided by public hospitals. This may affect comparability of results for regional and remote areas"
Table4,2017-18,Vic,SA3,21701,Glenelg - Southern Grampians,Outer regional,All persons,,TC4+5,Estimated resident population,36070,,
Table4,2017-18,Vic,SA3,21703,Colac - Corangamite,Inner regional,All persons,All-hours,TC4+5,"All-hours lower urgency ED, per 1,000 population, age-standardised",35.2,#,"Interpret with caution - Results only include data for formal public EDs, so does not include all emergency care provided by public hospitals. This may affect comparability of results for regional and remote areas"
Table4,2017-18,Vic,SA3,21703,Colac - Corangamite,Inner regional,All persons,In-hours,TC4+5,"In-hours lower urgency ED, per 1,000 population, age-standardised",18.3,#,"Interpret with caution - Results only include data for formal public EDs, so does not include all emergency care provided by public hospitals. This may affect comparability of results for regional and remote areas"
Table4,2017-18,Vic,SA3,21703,Colac - Corangamite,Inner regional,All persons,After-hours,TC4+5,"After-hours lower urgency ED, per 1,000 population, age-standardised",16.9,#,"Interpret with caution - Results only include data for formal public EDs, so does not include all emergency care provided by public hospitals. This may affect comparability of results for regional and remote areas"
Table4,2017-18,Vic,SA3,21703,Colac - Corangamite,Inner regional,All persons,All-hours,TC4+5,Number all-hours lower urgency ED,1193,#,"Interpret with caution - Results only include data for formal public EDs, so does not include all emergency care provided by public hospitals. This may affect comparability of results for regional and remote areas"
Table4,2017-18,Vic,SA3,21703,Colac - Corangamite,Inner regional,All persons,All-hours,All,Number total ED,4524,#,"Interpret with caution - Results only include data for formal public EDs, so does not include all emergency care provided by public hospitals. This may affect comparability of results for regional and remote areas"
Table4,2017-18,Vic,SA3,21703,Colac - Corangamite,Inner regional,All persons,,TC4+5,Estimated resident population,37835,,
Table4,2017-18,Vic,SA3,21704,Warrnambool,Inner regional,All persons,All-hours,TC4+5,"All-hours lower urgency ED, per 1,000 population, age-standardised",193.6,#,"Interpret with caution - Results only include data for formal public EDs, so does not include all emergency care provided by public hospitals. This may affect comparability of results for regional and remote areas"
Table4,2017-18,Vic,SA3,21704,Warrnambool,Inner regional,All persons,In-hours,TC4+5,"In-hours lower urgency ED, per 1,000 population, age-standardised",97.9,#,"Interpret with caution - Results only include data for formal public EDs, so does not include all emergency care provided by public hospitals. This may affect comparability of results for regional and remote areas"
Table4,2017-18,Vic,SA3,21704,Warrnambool,Inner regional,All persons,After-hours,TC4+5,"After-hours lower urgency ED, per 1,000 population, age-standardised",95.7,#,"Interpret with caution - Results only include data for formal public EDs, so does not include all emergency care provided by public hospitals. This may affect comparability of results for regional and remote areas"
Table4,2017-18,Vic,SA3,21704,Warrnambool,Inner regional,All persons,All-hours,TC4+5,Number all-hours lower urgency ED,9437,#,"Interpret with caution - Results only include data for formal public EDs, so does not include all emergency care provided by public hospitals. This may affect comparability of results for regional and remote areas"
Table4,2017-18,Vic,SA3,21704,Warrnambool,Inner regional,All persons,All-hours,All,Number total ED,22001,#,"Interpret with caution - Results only include data for formal public EDs, so does not include all emergency care provided by public hospitals. This may affect comparability of results for regional and remote areas"
Table4,2017-18,Vic,SA3,21704,Warrnambool,Inner regional,All persons,,TC4+5,Estimated resident population,51290,,
Table4,2018-19,,NAT,001NAT,National,National,All persons,All-hours,TC4+5,"All-hours lower urgency ED, per 1,000 population, age-standardised",120,,
Table4,2018-19,,NAT,001NAT,National,National,All persons,In-hours,TC4+5,"In-hours lower urgency ED, per 1,000 population, age-standardised",62.8,,
Table4,2018-19,,NAT,001NAT,National,National,All persons,After-hours,TC4+5,"After-hours lower urgency ED, per 1,000 population, age-standardised",57.3,,
Table4,2018-19,,NAT,001NAT,National,National,All persons,All-hours,TC4+5,Number all-hours lower urgency ED,2934424,,
Table4,2018-19,,NAT,001NAT,National,National,All persons,All-hours,All,Number total ED,8352192,,
Table4,2018-19,,NAT,001NAT,National,National,All persons,,TC4+5,Estimated resident population,24963258,,
Table4,2018-19,Vic,SA3,20101,Ballarat,Inner regional,All persons,All-hours,TC4+5,"All-hours lower urgency ED, per 1,000 population, age-standardised",166.2,#,"Interpret with caution - Results only include data for formal public EDs, so does not include all emergency care provided by public hospitals. This may affect comparability of results for regional and remote areas"
Table4,2018-19,Vic,SA3,20101,Ballarat,Inner regional,All persons,In-hours,TC4+5,"In-hours lower urgency ED, per 1,000 population, age-standardised",87.7,#,"Interpret with caution - Results only include data for formal public EDs, so does not include all emergency care provided by public hospitals. This may affect comparability of results for regional and remote areas"
Table4,2018-19,Vic,SA3,20101,Ballarat,Inner regional,All persons,After-hours,TC4+5,"After-hours lower urgency ED, per 1,000 population, age-standardised",78.6,#,"Interpret with caution - Results only include data for formal public EDs, so does not include all emergency care provided by public hospitals. This may affect comparability of results for regional and remote areas"
Table4,2018-19,Vic,SA3,20101,Ballarat,Inner regional,All persons,All-hours,TC4+5,Number all-hours lower urgency ED,17874,#,"Interpret with caution - Results only include data for formal public EDs, so does not include all emergency care provided by public hospitals. This may affect comparability of results for regional and remote areas"
Table4,2018-19,Vic,SA3,20101,Ballarat,Inner regional,All persons,All-hours,All,Number total ED,45868,#,"Interpret with caution - Results only include data for formal public EDs, so does not include all emergency care provided by public hospitals. This may affect comparability of results for regional and remote areas"
Table4,2018-19,Vic,SA3,20101,Ballarat,Inner regional,All persons,,TC4+5,Estimated resident population,109827,,
Table4,2018-19,Vic,SA3,20102,Creswick - Daylesford - Ballan,Inner regional,All persons,All-hours,TC4+5,"All-hours lower urgency ED, per 1,000 population, age-standardised",102.9,#,"Interpret with caution - Results only include data for formal public EDs, so does not include all emergency care provided by public hospitals. This may affect comparability of results for regional and remote areas"
Table4,2018-19,Vic,SA3,20102,Creswick - Daylesford - Ballan,Inner regional,All persons,In-hours,TC4+5,"In-hours lower urgency ED, per 1,000 population, age-standardised",53.4,#,"Interpret with caution - Results only include data for formal public EDs, so does not include all emergency care provided by public hospitals. This may affect comparability of results for regional and remote areas"
Table4,2018-19,Vic,SA3,20102,Creswick - Daylesford - Ballan,Inner regional,All persons,After-hours,TC4+5,"After-hours lower urgency ED, per 1,000 population, age-standardised",49.5,#,"Interpret with caution - Results only include data for formal public EDs, so does not include all emergency care provided by public hospitals. This may affect comparability of results for regional and remote areas"
Table4,2018-19,Vic,SA3,20102,Creswick - Daylesford - Ballan,Inner regional,All persons,All-hours,TC4+5,Number all-hours lower urgency ED,2681,#,"Interpret with caution - Results only include data for formal public EDs, so does not include all emergency care provided by public hospitals. This may affect comparability of results for regional and remote areas"
Table4,2018-19,Vic,SA3,20102,Creswick - Daylesford - Ballan,Inner regional,All persons,All-hours,All,Number total ED,7740,#,"Interpret with caution - Results only include data for formal public EDs, so does not include all emergency care provided by public hospitals. This may affect comparability of results for regional and remote areas"
Table4,2018-19,Vic,SA3,20102,Creswick - Daylesford - Ballan,Inner regional,All persons,,TC4+5,Estimated resident population,29569,,
Table4,2018-19,Vic,SA3,20103,Maryborough - Pyrenees,Inner regional,All persons,All-hours,TC4+5,"All-hours lower urgency ED, per 1,000 population, age-standardised",86.4,#,"Interpret with caution - Results only include data for formal public EDs, so does not include all emergency care provided by public hospitals. This may affect comparability of results for regional and remote areas"
Table4,2018-19,Vic,SA3,20103,Maryborough - Pyrenees,Inner regional,All persons,In-hours,TC4+5,"In-hours lower urgency ED, per 1,000 population, age-standardised",45.7,#,"Interpret with caution - Results only include data for formal public EDs, so does not include all emergency care provided by public hospitals. This may affect comparability of results for regional and remote areas"
Table4,2018-19,Vic,SA3,20103,Maryborough - Pyrenees,Inner regional,All persons,After-hours,TC4+5,"After-hours lower urgency ED, per 1,000 population, age-standardised",40.7,#,"Interpret with caution - Results only include data for formal public EDs, so does not include all emergency care provided by public hospitals. This may affect comparability of results for regional and remote areas"
Table4,2018-19,Vic,SA3,20103,Maryborough - Pyrenees,Inner regional,All persons,All-hours,TC4+5,Number all-hours lower urgency ED,1944,#,"Interpret with caution - Results only include data for formal public EDs, so does not include all emergency care provided by public hospitals. This may affect comparability of results for regional and remote areas"
Table4,2018-19,Vic,SA3,20103,Maryborough - Pyrenees,Inner regional,All persons,All-hours,All,Number total ED,6023,#,"Interpret with caution - Results only include data for formal public EDs, so does not include all emergency care provided by public hospitals. This may affect comparability of results for regional and remote areas"
Table4,2018-19,Vic,SA3,20103,Maryborough - Pyrenees,Inner regional,All persons,,TC4+5,Estimated resident population,26070,,
Table4,2018-19,Vic,SA3,20301,Barwon - West,Inner regional,All persons,All-hours,TC4+5,"All-hours lower urgency ED, per 1,000 population, age-standardised",70.7,#,"Interpret with caution - Results only include data for formal public EDs, so does not include all emergency care provided by public hospitals. This may affect comparability of results for regional and remote areas"
Table4,2018-19,Vic,SA3,20301,Barwon - West,Inner regional,All persons,In-hours,TC4+5,"In-hours lower urgency ED, per 1,000 population, age-standardised",35.8,#,"Interpret with caution - Results only include data for formal public EDs, so does not include all emergency care provided by public hospitals. This may affect comparability of results for regional and remote areas"
Table4,2018-19,Vic,SA3,20301,Barwon - West,Inner regional,All persons,After-hours,TC4+5,"After-hours lower urgency ED, per 1,000 population, age-standardised",34.9,#,"Interpret with caution - Results only include data for formal public EDs, so does not include all emergency care provided by public hospitals. This may affect comparability of results for regional and remote areas"
Table4,2018-19,Vic,SA3,20301,Barwon - West,Inner regional,All persons,All-hours,TC4+5,Number all-hours lower urgency ED,1394,#,"Interpret with caution - Results only include data for formal public EDs, so does not include all emergency care provided by public hospitals. This may affect comparability of results for regional and remote areas"
Table4,2018-19,Vic,SA3,20301,Barwon - West,Inner regional,All persons,All-hours,All,Number total ED,4413,#,"Interpret with caution - Results only include data for formal public EDs, so does not include all emergency care provided by public hospitals. This may affect comparability of results for regional and remote areas"
Table4,2018-19,Vic,SA3,20301,Barwon - West,Inner regional,All persons,,TC4+5,Estimated resident population,20452,,
Table4,2018-19,Vic,SA3,20302,Geelong,Major cities - medium socioeconomic areas,All persons,All-hours,TC4+5,"All-hours lower urgency ED, per 1,000 population, age-standardised",79.7,,
Table4,2018-19,Vic,SA3,20302,Geelong,Major cities - medium socioeconomic areas,All persons,In-hours,TC4+5,"In-hours lower urgency ED, per 1,000 population, age-standardised",38.2,,
Table4,2018-19,Vic,SA3,20302,Geelong,Major cities - medium socioeconomic areas,All persons,After-hours,TC4+5,"After-hours lower urgency ED, per 1,000 population, age-standardised",41.6,,
Table4,2018-19,Vic,SA3,20302,Geelong,Major cities - medium socioeconomic areas,All persons,All-hours,TC4+5,Number all-hours lower urgency ED,15642,,
Table4,2018-19,Vic,SA3,20302,Geelong,Major cities - medium socioeconomic areas,All persons,All-hours,All,Number total ED,56427,,
Table4,2018-19,Vic,SA3,20302,Geelong,Major cities - medium socioeconomic areas,All persons,,TC4+5,Estimated resident population,202134,,
Table4,2018-19,Vic,SA3,20303,Surf Coast - Bellarine Peninsula,Inner regional,All persons,All-hours,TC4+5,"All-hours lower urgency ED, per 1,000 population, age-standardised",67.8,#,"Interpret with caution - Results only include data for formal public EDs, so does not include all emergency care provided by public hospitals. This may affect comparability of results for regional and remote areas"
Table4,2018-19,Vic,SA3,20303,Surf Coast - Bellarine Peninsula,Inner regional,All persons,In-hours,TC4+5,"In-hours lower urgency ED, per 1,000 population, age-standardised",34.8,#,"Interpret with caution - Results only include data for formal public EDs, so does not include all emergency care provided by public hospitals. This may affect comparability of results for regional and remote areas"
Table4,2018-19,Vic,SA3,20303,Surf Coast - Bellarine Peninsula,Inner regional,All persons,After-hours,TC4+5,"After-hours lower urgency ED, per 1,000 population, age-standardised",32.9,#,"Interpret with caution - Results only include data for formal public EDs, so does not include all emergency care provided by public hospitals. This may affect comparability of results for regional and remote areas"
Table4,2018-19,Vic,SA3,20303,Surf Coast - Bellarine Peninsula,Inner regional,All persons,All-hours,TC4+5,Number all-hours lower urgency ED,4964,#,"Interpret with caution - Results only include data for formal public EDs, so does not include all emergency care provided by public hospitals. This may affect comparability of results for regional and remote areas"
Table4,2018-19,Vic,SA3,20303,Surf Coast - Bellarine Peninsula,Inner regional,All persons,All-hours,All,Number total ED,17140,#,"Interpret with caution - Results only include data for formal public EDs, so does not include all emergency care provided by public hospitals. This may affect comparability of results for regional and remote areas"
Table4,2018-19,Vic,SA3,20303,Surf Coast - Bellarine Peninsula,Inner regional,All persons,,TC4+5,Estimated resident population,80737,,
Table4,2018-19,Vic,SA3,21501,Grampians,Outer regional,All persons,All-hours,TC4+5,"All-hours lower urgency ED, per 1,000 population, age-standardised",126.8,#,"Interpret with caution - Results only include data for formal public EDs, so does not include all emergency care provided by public hospitals. This may affect comparability of results for regional and remote areas"
Table4,2018-19,Vic,SA3,21501,Grampians,Outer regional,All persons,In-hours,TC4+5,"In-hours lower urgency ED, per 1,000 population, age-standardised",67.8,#,"Interpret with caution - Results only include data for formal public EDs, so does not include all emergency care provided by public hospitals. This may affect comparability of results for regional and remote areas"
Table4,2018-19,Vic,SA3,21501,Grampians,Outer regional,All persons,After-hours,TC4+5,"After-hours lower urgency ED, per 1,000 population, age-standardised",59,#,"Interpret with caution - Results only include data for formal public EDs, so does not include all emergency care provided by public hospitals. This may affect comparability of results for regional and remote areas"
Table4,2018-19,Vic,SA3,21501,Grampians,Outer regional,All persons,All-hours,TC4+5,Number all-hours lower urgency ED,7085,#,"Interpret with caution - Results only include data for formal public EDs, so does not include all emergency care provided by public hospitals. This may affect comparability of results for regional and remote areas"
Table4,2018-19,Vic,SA3,21501,Grampians,Outer regional,All persons,All-hours,All,Number total ED,17659,#,"Interpret with caution - Results only include data for formal public EDs, so does not include all emergency care provided by public hospitals. This may affect comparability of results for regional and remote areas"
Table4,2018-19,Vic,SA3,21501,Grampians,Outer regional,All persons,,TC4+5,Estimated resident population,59667,,
Table4,2018-19,Vic,SA3,21701,Glenelg - Southern Grampians,Outer regional,All persons,All-hours,TC4+5,"All-hours lower urgency ED, per 1,000 population, age-standardised",118.9,#,"Interpret with caution - Results only include data for formal public EDs, so does not include all emergency care provided by public hospitals. This may affect comparability of results for regional and remote areas"
Table4,2018-19,Vic,SA3,21701,Glenelg - Southern Grampians,Outer regional,All persons,In-hours,TC4+5,"In-hours lower urgency ED, per 1,000 population, age-standardised",59.5,#,"Interpret with caution - Results only include data for formal public EDs, so does not include all emergency care provided by public hospitals. This may affect comparability of results for regional and remote areas"
Table4,2018-19,Vic,SA3,21701,Glenelg - Southern Grampians,Outer regional,All persons,After-hours,TC4+5,"After-hours lower urgency ED, per 1,000 population, age-standardised",59.4,#,"Interpret with caution - Results only include data for formal public EDs, so does not include all emergency care provided by public hospitals. This may affect comparability of results for regional and remote areas"
Table4,2018-19,Vic,SA3,21701,Glenelg - Southern Grampians,Outer regional,All persons,All-hours,TC4+5,Number all-hours lower urgency ED,3949,#,"Interpret with caution - Results only include data for formal public EDs, so does not include all emergency care provided by public hospitals. This may affect comparability of results for regional and remote areas"
Table4,2018-19,Vic,SA3,21701,Glenelg - Southern Grampians,Outer regional,All persons,All-hours,All,Number total ED,9683,#,"Interpret with caution - Results only include data for formal public EDs, so does not include all emergency care provided by public hospitals. This may affect comparability of results for regional and remote areas"
Table4,2018-19,Vic,SA3,21701,Glenelg - Southern Grampians,Outer regional,All persons,,TC4+5,Estimated resident population,36245,,
Table4,2018-19,Vic,SA3,21703,Colac - Corangamite,Inner regional,All persons,All-hours,TC4+5,"All-hours lower urgency ED, per 1,000 population, age-standardised",32.7,#,"Interpret with caution - Results only include data for formal public EDs, so does not include all emergency care provided by public hospitals. This may affect comparability of results for regional and remote areas"
Table4,2018-19,Vic,SA3,21703,Colac - Corangamite,Inner regional,All persons,In-hours,TC4+5,"In-hours lower urgency ED, per 1,000 population, age-standardised",16.9,#,"Interpret with caution - Results only include data for formal public EDs, so does not include all emergency care provided by public hospitals. This may affect comparability of results for regional and remote areas"
Table4,2018-19,Vic,SA3,21703,Colac - Corangamite,Inner regional,All persons,After-hours,TC4+5,"After-hours lower urgency ED, per 1,000 population, age-standardised",15.8,#,"Interpret with caution - Results only include data for formal public EDs, so does not include all emergency care provided by public hospitals. This may affect comparability of results for regional and remote areas"
Table4,2018-19,Vic,SA3,21703,Colac - Corangamite,Inner regional,All persons,All-hours,TC4+5,Number all-hours lower urgency ED,1146,#,"Interpret with caution - Results only include data for formal public EDs, so does not include all emergency care provided by public hospitals. This may affect comparability of results for regional and remote areas"
Table4,2018-19,Vic,SA3,21703,Colac - Corangamite,Inner regional,All persons,All-hours,All,Number total ED,4363,#,"Interpret with caution - Results only include data for formal public EDs, so does not include all emergency care provided by public hospitals. This may affect comparability of results for regional and remote areas"
Table4,2018-19,Vic,SA3,21703,Colac - Corangamite,Inner regional,All persons,,TC4+5,Estimated resident population,38017,,
Table4,2018-19,Vic,SA3,21704,Warrnambool,Inner regional,All persons,All-hours,TC4+5,"All-hours lower urgency ED, per 1,000 population, age-standardised",184,#,"Interpret with caution - Results only include data for formal public EDs, so does not include all emergency care provided by public hospitals. This may affect comparability of results for regional and remote areas"
Table4,2018-19,Vic,SA3,21704,Warrnambool,Inner regional,All persons,In-hours,TC4+5,"In-hours lower urgency ED, per 1,000 population, age-standardised",92.9,#,"Interpret with caution - Results only include data for formal public EDs, so does not include all emergency care provided by public hospitals. This may affect comparability of results for regional and remote areas"
Table4,2018-19,Vic,SA3,21704,Warrnambool,Inner regional,All persons,After-hours,TC4+5,"After-hours lower urgency ED, per 1,000 population, age-standardised",91.2,#,"Interpret with caution - Results only include data for formal public EDs, so does not include all emergency care provided by public hospitals. This may affect comparability of results for regional and remote areas"
Table4,2018-19,Vic,SA3,21704,Warrnambool,Inner regional,All persons,All-hours,TC4+5,Number all-hours lower urgency ED,9033,#,"Interpret with caution - Results only include data for formal public EDs, so does not include all emergency care provided by public hospitals. This may affect comparability of results for regional and remote areas"
Table4,2018-19,Vic,SA3,21704,Warrnambool,Inner regional,All persons,All-hours,All,Number total ED,21952,#,"Interpret with caution - Results only include data for formal public EDs, so does not include all emergency care provided by public hospitals. This may affect comparability of results for regional and remote areas"
Table4,2018-19,Vic,SA3,21704,Warrnambool,Inner regional,All persons,,TC4+5,Estimated resident population,51709,,
Table4,2019-20,,NAT,001NAT,National,National,All persons,All-hours,TC4+5,"All-hours lower urgency ED, per 1,000 population, age-standardised",115.7,,
Table4,2019-20,,NAT,001NAT,National,National,All persons,In-hours,TC4+5,"In-hours lower urgency ED, per 1,000 population, age-standardised",63.5,,
Table4,2019-20,,NAT,001NAT,National,National,All persons,After-hours,TC4+5,"After-hours lower urgency ED, per 1,000 population, age-standardised",52.3,,
Table4,2019-20,,NAT,001NAT,National,National,All persons,All-hours,TC4+5,Number all-hours lower urgency ED,2869687,,
Table4,2019-20,,NAT,001NAT,National,National,All persons,All-hours,All,Number total ED,8236159,,
Table4,2019-20,,NAT,001NAT,National,National,All persons,,TC4+5,Estimated resident population,25334826,,
Table4,2019-20,Vic,SA3,20101,Ballarat,Inner regional,All persons,All-hours,TC4+5,"All-hours lower urgency ED, per 1,000 population, age-standardised",141.8,#,"Interpret with caution - Results only include data for formal public EDs, so does not include all emergency care provided by public hospitals. This may affect comparability of results for regional and remote areas"
Table4,2019-20,Vic,SA3,20101,Ballarat,Inner regional,All persons,In-hours,TC4+5,"In-hours lower urgency ED, per 1,000 population, age-standardised",75.5,#,"Interpret with caution - Results only include data for formal public EDs, so does not include all emergency care provided by public hospitals. This may affect comparability of results for regional and remote areas"
Table4,2019-20,Vic,SA3,20101,Ballarat,Inner regional,All persons,After-hours,TC4+5,"After-hours lower urgency ED, per 1,000 population, age-standardised",66.2,#,"Interpret with caution - Results only include data for formal public EDs, so does not include all emergency care provided by public hospitals. This may affect comparability of results for regional and remote areas"
Table4,2019-20,Vic,SA3,20101,Ballarat,Inner regional,All persons,All-hours,TC4+5,Number all-hours lower urgency ED,15488,#,"Interpret with caution - Results only include data for formal public EDs, so does not include all emergency care provided by public hospitals. This may affect comparability of results for regional and remote areas"
Table4,2019-20,Vic,SA3,20101,Ballarat,Inner regional,All persons,All-hours,All,Number total ED,44417,#,"Interpret with caution - Results only include data for formal public EDs, so does not include all emergency care provided by public hospitals. This may affect comparability of results for regional and remote areas"
Table4,2019-20,Vic,SA3,20101,Ballarat,Inner regional,All persons,,TC4+5,Estimated resident population,112082,,
Table4,2019-20,Vic,SA3,20102,Creswick - Daylesford - Ballan,Inner regional,All persons,All-hours,TC4+5,"All-hours lower urgency ED, per 1,000 population, age-standardised",89,#,"Interpret with caution - Results only include data for formal public EDs, so does not include all emergency care provided by public hospitals. This may affect comparability of results for regional and remote areas"
Table4,2019-20,Vic,SA3,20102,Creswick - Daylesford - Ballan,Inner regional,All persons,In-hours,TC4+5,"In-hours lower urgency ED, per 1,000 population, age-standardised",48.1,#,"Interpret with caution - Results only include data for formal public EDs, so does not include all emergency care provided by public hospitals. This may affect comparability of results for regional and remote areas"
Table4,2019-20,Vic,SA3,20102,Creswick - Daylesford - Ballan,Inner regional,All persons,After-hours,TC4+5,"After-hours lower urgency ED, per 1,000 population, age-standardised",40.9,#,"Interpret with caution - Results only include data for formal public EDs, so does not include all emergency care provided by public hospitals. This may affect comparability of results for regional and remote areas"
Table4,2019-20,Vic,SA3,20102,Creswick - Daylesford - Ballan,Inner regional,All persons,All-hours,TC4+5,Number all-hours lower urgency ED,2349,#,"Interpret with caution - Results only include data for formal public EDs, so does not include all emergency care provided by public hospitals. This may affect comparability of results for regional and remote areas"
Table4,2019-20,Vic,SA3,20102,Creswick - Daylesford - Ballan,Inner regional,All persons,All-hours,All,Number total ED,7634,#,"Interpret with caution - Results only include data for formal public EDs, so does not include all emergency care provided by public hospitals. This may affect comparability of results for regional and remote areas"
Table4,2019-20,Vic,SA3,20102,Creswick - Daylesford - Ballan,Inner regional,All persons,,TC4+5,Estimated resident population,30012,,
Table4,2019-20,Vic,SA3,20103,Maryborough - Pyrenees,Inner regional,All persons,All-hours,TC4+5,"All-hours lower urgency ED, per 1,000 population, age-standardised",79.5,#,"Interpret with caution - Results only include data for formal public EDs, so does not include all emergency care provided by public hospitals. This may affect comparability of results for regional and remote areas"
Table4,2019-20,Vic,SA3,20103,Maryborough - Pyrenees,Inner regional,All persons,In-hours,TC4+5,"In-hours lower urgency ED, per 1,000 population, age-standardised",43.5,#,"Interpret with caution - Results only include data for formal public EDs, so does not include all emergency care provided by public hospitals. This may affect comparability of results for regional and remote areas"
Table4,2019-20,Vic,SA3,20103,Maryborough - Pyrenees,Inner regional,All persons,After-hours,TC4+5,"After-hours lower urgency ED, per 1,000 population, age-standardised",36,#,"Interpret with caution - Results only include data for formal public EDs, so does not include all emergency care provided by public hospitals. This may affect comparability of results for regional and remote areas"
Table4,2019-20,Vic,SA3,20103,Maryborough - Pyrenees,Inner regional,All persons,All-hours,TC4+5,Number all-hours lower urgency ED,1795,#,"Interpret with caution - Results only include data for formal public EDs, so does not include all emergency care provided by public hospitals. This may affect comparability of results for regional and remote areas"
Table4,2019-20,Vic,SA3,20103,Maryborough - Pyrenees,Inner regional,All persons,All-hours,All,Number total ED,6351,#,"Interpret with caution - Results only include data for formal public EDs, so does not include all emergency care provided by public hospitals. This may affect comparability of results for regional and remote areas"
Table4,2019-20,Vic,SA3,20103,Maryborough - Pyrenees,Inner regional,All persons,,TC4+5,Estimated resident population,26305,,
Table4,2019-20,Vic,SA3,20301,Barwon - West,Inner regional,All persons,All-hours,TC4+5,"All-hours lower urgency ED, per 1,000 population, age-standardised",59.8,#,"Interpret with caution - Results only include data for formal public EDs, so does not include all emergency care provided by public hospitals. This may affect comparability of results for regional and remote areas"
Table4,2019-20,Vic,SA3,20301,Barwon - West,Inner regional,All persons,In-hours,TC4+5,"In-hours lower urgency ED, per 1,000 population, age-standardised",31.4,#,"Interpret with caution - Results only include data for formal public EDs, so does not include all emergency care provided by public hospitals. This may affect comparability of results for regional and remote areas"
Table4,2019-20,Vic,SA3,20301,Barwon - West,Inner regional,All persons,After-hours,TC4+5,"After-hours lower urgency ED, per 1,000 population, age-standardised",28.4,#,"Interpret with caution - Results only include data for formal public EDs, so does not include all emergency care provided by public hospitals. This may affect comparability of results for regional and remote areas"
Table4,2019-20,Vic,SA3,20301,Barwon - West,Inner regional,All persons,All-hours,TC4+5,Number all-hours lower urgency ED,1220,#,"Interpret with caution - Results only include data for formal public EDs, so does not include all emergency care provided by public hospitals. This may affect comparability of results for regional and remote areas"
Table4,2019-20,Vic,SA3,20301,Barwon - West,Inner regional,All persons,All-hours,All,Number total ED,4129,#,"Interpret with caution - Results only include data for formal public EDs, so does not include all emergency care provided by public hospitals. This may affect comparability of results for regional and remote areas"
Table4,2019-20,Vic,SA3,20301,Barwon - West,Inner regional,All persons,,TC4+5,Estimated resident population,21066,,
Table4,2019-20,Vic,SA3,20302,Geelong,Major cities - medium socioeconomic areas,All persons,All-hours,TC4+5,"All-hours lower urgency ED, per 1,000 population, age-standardised",69.8,,
Table4,2019-20,Vic,SA3,20302,Geelong,Major cities - medium socioeconomic areas,All persons,In-hours,TC4+5,"In-hours lower urgency ED, per 1,000 population, age-standardised",34.8,,
Table4,2019-20,Vic,SA3,20302,Geelong,Major cities - medium socioeconomic areas,All persons,After-hours,TC4+5,"After-hours lower urgency ED, per 1,000 population, age-standardised",35,,
Table4,2019-20,Vic,SA3,20302,Geelong,Major cities - medium socioeconomic areas,All persons,All-hours,TC4+5,Number all-hours lower urgency ED,14012,,
Table4,2019-20,Vic,SA3,20302,Geelong,Major cities - medium socioeconomic areas,All persons,All-hours,All,Number total ED,52841,,
Table4,2019-20,Vic,SA3,20302,Geelong,Major cities - medium socioeconomic areas,All persons,,TC4+5,Estimated resident population,206410,,
Table4,2019-20,Vic,SA3,20303,Surf Coast - Bellarine Peninsula,Inner regional,All persons,All-hours,TC4+5,"All-hours lower urgency ED, per 1,000 population, age-standardised",58.4,#,"Interpret with caution - Results only include data for formal public EDs, so does not include all emergency care provided by public hospitals. This may affect comparability of results for regional and remote areas"
Table4,2019-20,Vic,SA3,20303,Surf Coast - Bellarine Peninsula,Inner regional,All persons,In-hours,TC4+5,"In-hours lower urgency ED, per 1,000 population, age-standardised",30.5,#,"Interpret with caution - Results only include data for formal public EDs, so does not include all emergency care provided by public hospitals. This may affect comparability of results for regional and remote areas"
Table4,2019-20,Vic,SA3,20303,Surf Coast - Bellarine Peninsula,Inner regional,All persons,After-hours,TC4+5,"After-hours lower urgency ED, per 1,000 population, age-standardised",27.9,#,"Interpret with caution - Results only include data for formal public EDs, so does not include all emergency care provided by public hospitals. This may affect comparability of results for regional and remote areas"
Table4,2019-20,Vic,SA3,20303,Surf Coast - Bellarine Peninsula,Inner regional,All persons,All-hours,TC4+5,Number all-hours lower urgency ED,4496,#,"Interpret with caution - Results only include data for formal public EDs, so does not include all emergency care provided by public hospitals. This may affect comparability of results for regional and remote areas"
Table4,2019-20,Vic,SA3,20303,Surf Coast - Bellarine Peninsula,Inner regional,All persons,All-hours,All,Number total ED,16082,#,"Interpret with caution - Results only include data for formal public EDs, so does not include all emergency care provided by public hospitals. This may affect comparability of results for regional and remote areas"
Table4,2019-20,Vic,SA3,20303,Surf Coast - Bellarine Peninsula,Inner regional,All persons,,TC4+5,Estimated resident population,84745,,
Table4,2019-20,Vic,SA3,21501,Grampians,Outer regional,All persons,All-hours,TC4+5,"All-hours lower urgency ED, per 1,000 population, age-standardised",126.7,#,"Interpret with caution - Results only include data for formal public EDs, so does not include all emergency care provided by public hospitals. This may affect comparability of results for regional and remote areas"
Table4,2019-20,Vic,SA3,21501,Grampians,Outer regional,All persons,In-hours,TC4+5,"In-hours lower urgency ED, per 1,000 population, age-standardised",72.1,#,"Interpret with caution - Results only include data for formal public EDs, so does not include all emergency care provided by public hospitals. This may affect comparability of results for regional and remote areas"
Table4,2019-20,Vic,SA3,21501,Grampians,Outer regional,All persons,After-hours,TC4+5,"After-hours lower urgency ED, per 1,000 population, age-standardised",54.6,#,"Interpret with caution - Results only include data for formal public EDs, so does not include all emergency care provided by public hospitals. This may affect comparability of results for regional and remote areas"
Table4,2019-20,Vic,SA3,21501,Grampians,Outer regional,All persons,All-hours,TC4+5,Number all-hours lower urgency ED,7105,#,"Interpret with caution - Results only include data for formal public EDs, so does not include all emergency care provided by public hospitals. This may affect comparability of results for regional and remote areas"
Table4,2019-20,Vic,SA3,21501,Grampians,Outer regional,All persons,All-hours,All,Number total ED,18249,#,"Interpret with caution - Results only include data for formal public EDs, so does not include all emergency care provided by public hospitals. This may affect comparability of results for regional and remote areas"
Table4,2019-20,Vic,SA3,21501,Grampians,Outer regional,All persons,,TC4+5,Estimated resident population,59880,,
Table4,2019-20,Vic,SA3,21701,Glenelg - Southern Grampians,Outer regional,All persons,All-hours,TC4+5,"All-hours lower urgency ED, per 1,000 population, age-standardised",101.3,#,"Interpret with caution - Results only include data for formal public EDs, so does not include all emergency care provided by public hospitals. This may affect comparability of results for regional and remote areas"
Table4,2019-20,Vic,SA3,21701,Glenelg - Southern Grampians,Outer regional,All persons,In-hours,TC4+5,"In-hours lower urgency ED, per 1,000 population, age-standardised",52.6,#,"Interpret with caution - Results only include data for formal public EDs, so does not include all emergency care provided by public hospitals. This may affect comparability of results for regional and remote areas"
Table4,2019-20,Vic,SA3,21701,Glenelg - Southern Grampians,Outer regional,All persons,After-hours,TC4+5,"After-hours lower urgency ED, per 1,000 population, age-standardised",48.7,#,"Interpret with caution - Results only include data for formal public EDs, so does not include all emergency care provided by public hospitals. This may affect comparability of results for regional and remote areas"
Table4,2019-20,Vic,SA3,21701,Glenelg - Southern Grampians,Outer regional,All persons,All-hours,TC4+5,Number all-hours lower urgency ED,3382,#,"Interpret with caution - Results only include data for formal public EDs, so does not include all emergency care provided by public hospitals. This may affect comparability of results for regional and remote areas"
Table4,2019-20,Vic,SA3,21701,Glenelg - Southern Grampians,Outer regional,All persons,All-hours,All,Number total ED,8927,#,"Interpret with caution - Results only include data for formal public EDs, so does not include all emergency care provided by public hospitals. This may affect comparability of results for regional and remote areas"
Table4,2019-20,Vic,SA3,21701,Glenelg - Southern Grampians,Outer regional,All persons,,TC4+5,Estimated resident population,36430,,
Table4,2019-20,Vic,SA3,21703,Colac - Corangamite,Inner regional,All persons,All-hours,TC4+5,"All-hours lower urgency ED, per 1,000 population, age-standardised",30.5,#,"Interpret with caution - Results only include data for formal public EDs, so does not include all emergency care provided by public hospitals. This may affect comparability of results for regional and remote areas"
Table4,2019-20,Vic,SA3,21703,Colac - Corangamite,Inner regional,All persons,In-hours,TC4+5,"In-hours lower urgency ED, per 1,000 population, age-standardised",15.9,#,"Interpret with caution - Results only include data for formal public EDs, so does not include all emergency care provided by public hospitals. This may affect comparability of results for regional and remote areas"
Table4,2019-20,Vic,SA3,21703,Colac - Corangamite,Inner regional,All persons,After-hours,TC4+5,"After-hours lower urgency ED, per 1,000 population, age-standardised",14.6,#,"Interpret with caution - Results only include data for formal public EDs, so does not include all emergency care provided by public hospitals. This may affect comparability of results for regional and remote areas"
Table4,2019-20,Vic,SA3,21703,Colac - Corangamite,Inner regional,All persons,All-hours,TC4+5,Number all-hours lower urgency ED,1051,#,"Interpret with caution - Results only include data for formal public EDs, so does not include all emergency care provided by public hospitals. This may affect comparability of results for regional and remote areas"
Table4,2019-20,Vic,SA3,21703,Colac - Corangamite,Inner regional,All persons,All-hours,All,Number total ED,4536,#,"Interpret with caution - Results only include data for formal public EDs, so does not include all emergency care provided by public hospitals. This may affect comparability of results for regional and remote areas"
Table4,2019-20,Vic,SA3,21703,Colac - Corangamite,Inner regional,All persons,,TC4+5,Estimated resident population,38171,,
Table4,2019-20,Vic,SA3,21704,Warrnambool,Inner regional,All persons,All-hours,TC4+5,"All-hours lower urgency ED, per 1,000 population, age-standardised",163.7,#,"Interpret with caution - Results only include data for formal public EDs, so does not include all emergency care provided by public hospitals. This may affect comparability of results for regional and remote areas"
Table4,2019-20,Vic,SA3,21704,Warrnambool,Inner regional,All persons,In-hours,TC4+5,"In-hours lower urgency ED, per 1,000 population, age-standardised",85.1,#,"Interpret with caution - Results only include data for formal public EDs, so does not include all emergency care provided by public hospitals. This may affect comparability of results for regional and remote areas"
Table4,2019-20,Vic,SA3,21704,Warrnambool,Inner regional,All persons,After-hours,TC4+5,"After-hours lower urgency ED, per 1,000 population, age-standardised",78.6,#,"Interpret with caution - Results only include data for formal public EDs, so does not include all emergency care provided by public hospitals. This may affect comparability of results for regional and remote areas"
Table4,2019-20,Vic,SA3,21704,Warrnambool,Inner regional,All persons,All-hours,TC4+5,Number all-hours lower urgency ED,8116,#,"Interpret with caution - Results only include data for formal public EDs, so does not include all emergency care provided by public hospitals. This may affect comparability of results for regional and remote areas"
Table4,2019-20,Vic,SA3,21704,Warrnambool,Inner regional,All persons,All-hours,All,Number total ED,20782,#,"Interpret with caution - Results only include data for formal public EDs, so does not include all emergency care provided by public hospitals. This may affect comparability of results for regional and remote areas"
Table4,2019-20,Vic,SA3,21704,Warrnambool,Inner regional,All persons,,TC4+5,Estimated resident population,52091,,
Table4,2020-21,,NAT,001NAT,National,National,All persons,All-hours,TC4+5,"All-hours lower urgency ED, per 1,000 population, age-standardised",127.8,,
Table4,2020-21,,NAT,001NAT,National,National,All persons,In-hours,TC4+5,"In-hours lower urgency ED, per 1,000 population, age-standardised",72.3,,
Table4,2020-21,,NAT,001NAT,National,National,All persons,After-hours,TC4+5,"After-hours lower urgency ED, per 1,000 population, age-standardised",55.6,,
Table4,2020-21,,NAT,001NAT,National,National,All persons,All-hours,TC4+5,Number all-hours lower urgency ED,3187834,,
Table4,2020-21,,NAT,001NAT,National,National,All persons,All-hours,All,Number total ED,8808357,,
Table4,2020-21,,NAT,001NAT,National,National,All persons,,TC4+5,Estimated resident population,25649248,,
Table4,2020-21,Vic,SA3,20101,Ballarat,Inner regional,All persons,All-hours,TC4+5,"All-hours lower urgency ED, per 1,000 population, age-standardised",126.4,#,"Interpret with caution - Results only include data for formal public EDs, so does not include all emergency care provided by public hospitals. This may affect comparability of results for regional and remote areas"
Table4,2020-21,Vic,SA3,20101,Ballarat,Inner regional,All persons,In-hours,TC4+5,"In-hours lower urgency ED, per 1,000 population, age-standardised",67.8,#,"Interpret with caution - Results only include data for formal public EDs, so does not include all emergency care provided by public hospitals. This may affect comparability of results for regional and remote areas"
Table4,2020-21,Vic,SA3,20101,Ballarat,Inner regional,All persons,After-hours,TC4+5,"After-hours lower urgency ED, per 1,000 population, age-standardised",58.6,#,"Interpret with caution - Results only include data for formal public EDs, so does not include all emergency care provided by public hospitals. This may affect comparability of results for regional and remote areas"
Table4,2020-21,Vic,SA3,20101,Ballarat,Inner regional,All persons,All-hours,TC4+5,Number all-hours lower urgency ED,14002,#,"Interpret with caution - Results only include data for formal public EDs, so does not include all emergency care provided by public hospitals. This may affect comparability of results for regional and remote areas"
Table4,2020-21,Vic,SA3,20101,Ballarat,Inner regional,All persons,All-hours,All,Number total ED,42946,#,"Interpret with caution - Results only include data for formal public EDs, so does not include all emergency care provided by public hospitals. This may affect comparability of results for regional and remote areas"
Table4,2020-21,Vic,SA3,20101,Ballarat,Inner regional,All persons,,TC4+5,Estimated resident population,114014,,
Table4,2020-21,Vic,SA3,20102,Creswick - Daylesford - Ballan,Inner regional,All persons,All-hours,TC4+5,"All-hours lower urgency ED, per 1,000 population, age-standardised",80.8,#,"Interpret with caution - Results only include data for formal public EDs, so does not include all emergency care provided by public hospitals. This may affect comparability of results for regional and remote areas"
Table4,2020-21,Vic,SA3,20102,Creswick - Daylesford - Ballan,Inner regional,All persons,In-hours,TC4+5,"In-hours lower urgency ED, per 1,000 population, age-standardised",42.8,#,"Interpret with caution - Results only include data for formal public EDs, so does not include all emergency care provided by public hospitals. This may affect comparability of results for regional and remote areas"
Table4,2020-21,Vic,SA3,20102,Creswick - Daylesford - Ballan,Inner regional,All persons,After-hours,TC4+5,"After-hours lower urgency ED, per 1,000 population, age-standardised",38,#,"Interpret with caution - Results only include data for formal public EDs, so does not include all emergency care provided by public hospitals. This may affect comparability of results for regional and remote areas"
Table4,2020-21,Vic,SA3,20102,Creswick - Daylesford - Ballan,Inner regional,All persons,All-hours,TC4+5,Number all-hours lower urgency ED,2182,#,"Interpret with caution - Results only include data for formal public EDs, so does not include all emergency care provided by public hospitals. This may affect comparability of results for regional and remote areas"
Table4,2020-21,Vic,SA3,20102,Creswick - Daylesford - Ballan,Inner regional,All persons,All-hours,All,Number total ED,7654,#,"Interpret with caution - Results only include data for formal public EDs, so does not include all emergency care provided by public hospitals. This may affect comparability of results for regional and remote areas"
Table4,2020-21,Vic,SA3,20102,Creswick - Daylesford - Ballan,Inner regional,All persons,,TC4+5,Estimated resident population,30473,,
Table4,2020-21,Vic,SA3,20103,Maryborough - Pyrenees,Inner regional,All persons,All-hours,TC4+5,"All-hours lower urgency ED, per 1,000 population, age-standardised",70.2,#,"Interpret with caution - Results only include data for formal public EDs, so does not include all emergency care provided by public hospitals. This may affect comparability of results for regional and remote areas"
Table4,2020-21,Vic,SA3,20103,Maryborough - Pyrenees,Inner regional,All persons,In-hours,TC4+5,"In-hours lower urgency ED, per 1,000 population, age-standardised",38.4,#,"Interpret with caution - Results only include data for formal public EDs, so does not include all emergency care provided by public hospitals. This may affect comparability of results for regional and remote areas"
Table4,2020-21,Vic,SA3,20103,Maryborough - Pyrenees,Inner regional,All persons,After-hours,TC4+5,"After-hours lower urgency ED, per 1,000 population, age-standardised",31.8,#,"Interpret with caution - Results only include data for formal public EDs, so does not include all emergency care provided by public hospitals. This may affect comparability of results for regional and remote areas"
Table4,2020-21,Vic,SA3,20103,Maryborough - Pyrenees,Inner regional,All persons,All-hours,TC4+5,Number all-hours lower urgency ED,1575,#,"Interpret with caution - Results only include data for formal public EDs, so does not include all emergency care provided by public hospitals. This may affect comparability of results for regional and remote areas"
Table4,2020-21,Vic,SA3,20103,Maryborough - Pyrenees,Inner regional,All persons,All-hours,All,Number total ED,5989,#,"Interpret with caution - Results only include data for formal public EDs, so does not include all emergency care provided by public hospitals. This may affect comparability of results for regional and remote areas"
Table4,2020-21,Vic,SA3,20103,Maryborough - Pyrenees,Inner regional,All persons,,TC4+5,Estimated resident population,26396,,
Table4,2020-21,Vic,SA3,20301,Barwon - West,Inner regional,All persons,All-hours,TC4+5,"All-hours lower urgency ED, per 1,000 population, age-standardised",60.4,#,"Interpret with caution - Results only include data for formal public EDs, so does not include all emergency care provided by public hospitals. This may affect comparability of results for regional and remote areas"
Table4,2020-21,Vic,SA3,20301,Barwon - West,Inner regional,All persons,In-hours,TC4+5,"In-hours lower urgency ED, per 1,000 population, age-standardised",32.1,#,"Interpret with caution - Results only include data for formal public EDs, so does not include all emergency care provided by public hospitals. This may affect comparability of results for regional and remote areas"
Table4,2020-21,Vic,SA3,20301,Barwon - West,Inner regional,All persons,After-hours,TC4+5,"After-hours lower urgency ED, per 1,000 population, age-standardised",28.3,#,"Interpret with caution - Results only include data for formal public EDs, so does not include all emergency care provided by public hospitals. This may affect comparability of results for regional and remote areas"
Table4,2020-21,Vic,SA3,20301,Barwon - West,Inner regional,All persons,All-hours,TC4+5,Number all-hours lower urgency ED,1268,#,"Interpret with caution - Results only include data for formal public EDs, so does not include all emergency care provided by public hospitals. This may affect comparability of results for regional and remote areas"
Table4,2020-21,Vic,SA3,20301,Barwon - West,Inner regional,All persons,All-hours,All,Number total ED,4301,#,"Interpret with caution - Results only include data for formal public EDs, so does not include all emergency care provided by public hospitals. This may affect comparability of results for regional and remote areas"
Table4,2020-21,Vic,SA3,20301,Barwon - West,Inner regional,All persons,,TC4+5,Estimated resident population,21740,,
Table4,2020-21,Vic,SA3,20302,Geelong,Major cities - medium socioeconomic areas,All persons,All-hours,TC4+5,"All-hours lower urgency ED, per 1,000 population, age-standardised",67.3,,
Table4,2020-21,Vic,SA3,20302,Geelong,Major cities - medium socioeconomic areas,All persons,In-hours,TC4+5,"In-hours lower urgency ED, per 1,000 population, age-standardised",34.2,,
Table4,2020-21,Vic,SA3,20302,Geelong,Major cities - medium socioeconomic areas,All persons,After-hours,TC4+5,"After-hours lower urgency ED, per 1,000 population, age-standardised",33.2,,
Table4,2020-21,Vic,SA3,20302,Geelong,Major cities - medium socioeconomic areas,All persons,All-hours,TC4+5,Number all-hours lower urgency ED,13650,,
Table4,2020-21,Vic,SA3,20302,Geelong,Major cities - medium socioeconomic areas,All persons,All-hours,All,Number total ED,52121,,
Table4,2020-21,Vic,SA3,20302,Geelong,Major cities - medium socioeconomic areas,All persons,,TC4+5,Estimated resident population,209724,,
Table4,2020-21,Vic,SA3,20303,Surf Coast - Bellarine Peninsula,Inner regional,All persons,All-hours,TC4+5,"All-hours lower urgency ED, per 1,000 population, age-standardised",65.6,#,"Interpret with caution - Results only include data for formal public EDs, so does not include all emergency care provided by public hospitals. This may affect comparability of results for regional and remote areas"
Table4,2020-21,Vic,SA3,20303,Surf Coast - Bellarine Peninsula,Inner regional,All persons,In-hours,TC4+5,"In-hours lower urgency ED, per 1,000 population, age-standardised",34.8,#,"Interpret with caution - Results only include data for formal public EDs, so does not include all emergency care provided by public hospitals. This may affect comparability of results for regional and remote areas"
Table4,2020-21,Vic,SA3,20303,Surf Coast - Bellarine Peninsula,Inner regional,All persons,After-hours,TC4+5,"After-hours lower urgency ED, per 1,000 population, age-standardised",30.8,#,"Interpret with caution - Results only include data for formal public EDs, so does not include all emergency care provided by public hospitals. This may affect comparability of results for regional and remote areas"
Table4,2020-21,Vic,SA3,20303,Surf Coast - Bellarine Peninsula,Inner regional,All persons,All-hours,TC4+5,Number all-hours lower urgency ED,5194,#,"Interpret with caution - Results only include data for formal public EDs, so does not include all emergency care provided by public hospitals. This may affect comparability of results for regional and remote areas"
Table4,2020-21,Vic,SA3,20303,Surf Coast - Bellarine Peninsula,Inner regional,All persons,All-hours,All,Number total ED,17942,#,"Interpret with caution - Results only include data for formal public EDs, so does not include all emergency care provided by public hospitals. This may affect comparability of results for regional and remote areas"
Table4,2020-21,Vic,SA3,20303,Surf Coast - Bellarine Peninsula,Inner regional,All persons,,TC4+5,Estimated resident population,88864,,
Table4,2020-21,Vic,SA3,21501,Grampians,Outer regional,All persons,All-hours,TC4+5,"All-hours lower urgency ED, per 1,000 population, age-standardised",147.1,#,"Interpret with caution - Results only include data for formal public EDs, so does not include all emergency care provided by public hospitals. This may affect comparability of results for regional and remote areas"
Table4,2020-21,Vic,SA3,21501,Grampians,Outer regional,All persons,In-hours,TC4+5,"In-hours lower urgency ED, per 1,000 population, age-standardised",90.2,#,"Interpret with caution - Results only include data for formal public EDs, so does not include all emergency care provided by public hospitals. This may affect comparability of results for regional and remote areas"
Table4,2020-21,Vic,SA3,21501,Grampians,Outer regional,All persons,After-hours,TC4+5,"After-hours lower urgency ED, per 1,000 population, age-standardised",56.9,#,"Interpret with caution - Results only include data for formal public EDs, so does not include all emergency care provided by public hospitals. This may affect comparability of results for regional and remote areas"
Table4,2020-21,Vic,SA3,21501,Grampians,Outer regional,All persons,All-hours,TC4+5,Number all-hours lower urgency ED,8181,#,"Interpret with caution - Results only include data for formal public EDs, so does not include all emergency care provided by public hospitals. This may affect comparability of results for regional and remote areas"
Table4,2020-21,Vic,SA3,21501,Grampians,Outer regional,All persons,All-hours,All,Number total ED,19587,#,"Interpret with caution - Results only include data for formal public EDs, so does not include all emergency care provided by public hospitals. This may affect comparability of results for regional and remote areas"
Table4,2020-21,Vic,SA3,21501,Grampians,Outer regional,All persons,,TC4+5,Estimated resident population,60232,,
Table4,2020-21,Vic,SA3,21701,Glenelg - Southern Grampians,Outer regional,All persons,All-hours,TC4+5,"All-hours lower urgency ED, per 1,000 population, age-standardised",105.6,#,"Interpret with caution - Results only include data for formal public EDs, so does not include all emergency care provided by public hospitals. This may affect comparability of results for regional and remote areas"
Table4,2020-21,Vic,SA3,21701,Glenelg - Southern Grampians,Outer regional,All persons,In-hours,TC4+5,"In-hours lower urgency ED, per 1,000 population, age-standardised",56.5,#,"Interpret with caution - Results only include data for formal public EDs, so does not include all emergency care provided by public hospitals. This may affect comparability of results for regional and remote areas"
Table4,2020-21,Vic,SA3,21701,Glenelg - Southern Grampians,Outer regional,All persons,After-hours,TC4+5,"After-hours lower urgency ED, per 1,000 population, age-standardised",49.2,#,"Interpret with caution - Results only include data for formal public EDs, so does not include all emergency care provided by public hospitals. This may affect comparability of results for regional and remote areas"
Table4,2020-21,Vic,SA3,21701,Glenelg - Southern Grampians,Outer regional,All persons,All-hours,TC4+5,Number all-hours lower urgency ED,3523,#,"Interpret with caution - Results only include data for formal public EDs, so does not include all emergency care provided by public hospitals. This may affect comparability of results for regional and remote areas"
Table4,2020-21,Vic,SA3,21701,Glenelg - Southern Grampians,Outer regional,All persons,All-hours,All,Number total ED,9284,#,"Interpret with caution - Results only include data for formal public EDs, so does not include all emergency care provided by public hospitals. This may affect comparability of results for regional and remote areas"
Table4,2020-21,Vic,SA3,21701,Glenelg - Southern Grampians,Outer regional,All persons,,TC4+5,Estimated resident population,36618,,
Table4,2020-21,Vic,SA3,21703,Colac - Corangamite,Inner regional,All persons,All-hours,TC4+5,"All-hours lower urgency ED, per 1,000 population, age-standardised",33.8,#,"Interpret with caution - Results only include data for formal public EDs, so does not include all emergency care provided by public hospitals. This may affect comparability of results for regional and remote areas"
Table4,2020-21,Vic,SA3,21703,Colac - Corangamite,Inner regional,All persons,In-hours,TC4+5,"In-hours lower urgency ED, per 1,000 population, age-standardised",17.1,#,"Interpret with caution - Results only include data for formal public EDs, so does not include all emergency care provided by public hospitals. This may affect comparability of results for regional and remote areas"
Table4,2020-21,Vic,SA3,21703,Colac - Corangamite,Inner regional,All persons,After-hours,TC4+5,"After-hours lower urgency ED, per 1,000 population, age-standardised",16.7,#,"Interpret with caution - Results only include data for formal public EDs, so does not include all emergency care provided by public hospitals. This may affect comparability of results for regional and remote areas"
Table4,2020-21,Vic,SA3,21703,Colac - Corangamite,Inner regional,All persons,All-hours,TC4+5,Number all-hours lower urgency ED,1153,#,"Interpret with caution - Results only include data for formal public EDs, so does not include all emergency care provided by public hospitals. This may affect comparability of results for regional and remote areas"
Table4,2020-21,Vic,SA3,21703,Colac - Corangamite,Inner regional,All persons,All-hours,All,Number total ED,5015,#,"Interpret with caution - Results only include data for formal public EDs, so does not include all emergency care provided by public hospitals. This may affect comparability of results for regional and remote areas"
Table4,2020-21,Vic,SA3,21703,Colac - Corangamite,Inner regional,All persons,,TC4+5,Estimated resident population,38342,,
Table4,2020-21,Vic,SA3,21704,Warrnambool,Inner regional,All persons,All-hours,TC4+5,"All-hours lower urgency ED, per 1,000 population, age-standardised",179.9,#,"Interpret with caution - Results only include data for formal public EDs, so does not include all emergency care provided by public hospitals. This may affect comparability of results for regional and remote areas"
Table4,2020-21,Vic,SA3,21704,Warrnambool,Inner regional,All persons,In-hours,TC4+5,"In-hours lower urgency ED, per 1,000 population, age-standardised",94.9,#,"Interpret with caution - Results only include data for formal public EDs, so does not include all emergency care provided by public hospitals. This may affect comparability of results for regional and remote areas"
Table4,2020-21,Vic,SA3,21704,Warrnambool,Inner regional,All persons,After-hours,TC4+5,"After-hours lower urgency ED, per 1,000 population, age-standardised",84.9,#,"Interpret with caution - Results only include data for formal public EDs, so does not include all emergency care provided by public hospitals. This may affect comparability of results for regional and remote areas"
Table4,2020-21,Vic,SA3,21704,Warrnambool,Inner regional,All persons,All-hours,TC4+5,Number all-hours lower urgency ED,8849,#,"Interpret with caution - Results only include data for formal public EDs, so does not include all emergency care provided by public hospitals. This may affect comparability of results for regional and remote areas"
Table4,2020-21,Vic,SA3,21704,Warrnambool,Inner regional,All persons,All-hours,All,Number total ED,21407,#,"Interpret with caution - Results only include data for formal public EDs, so does not include all emergency care provided by public hospitals. This may affect comparability of results for regional and remote areas"
Table4,2020-21,Vic,SA3,21704,Warrnambool,Inner regional,All persons,,TC4+5,Estimated resident population,52504,,
Table4,2021-22,,NAT,001NAT,National,National,All persons,All-hours,TC4+5,"All-hours lower urgency ED, per 1,000 population, age-standardised",124.3,,
Table4,2021-22,,NAT,001NAT,National,National,All persons,In-hours,TC4+5,"In-hours lower urgency ED, per 1,000 population, age-standardised",68.5,,
Table4,2021-22,,NAT,001NAT,National,National,All persons,After-hours,TC4+5,"After-hours lower urgency ED, per 1,000 population, age-standardised",55.8,,
Table4,2021-22,,NAT,001NAT,National,National,All persons,All-hours,TC4+5,Number all-hours lower urgency ED,3088281,,
Table4,2021-22,,NAT,001NAT,National,National,All persons,All-hours,All,Number total ED,8789877,,
Table4,2021-22,,NAT,001NAT,National,National,All persons,,TC4+5,Estimated resident population,25685412,,
Table4,2021-22,Vic,SA3,20101,Ballarat,Inner regional,All persons,All-hours,TC4+5,"All-hours lower urgency ED, per 1,000 population, age-standardised",98.2,#,"Interpret with caution - Results only include data for formal public EDs, so does not include all emergency care provided by public hospitals. This may affect comparability of results for regional and remote areas"
Table4,2021-22,Vic,SA3,20101,Ballarat,Inner regional,All persons,In-hours,TC4+5,"In-hours lower urgency ED, per 1,000 population, age-standardised",52.8,#,"Interpret with caution - Results only include data for formal public EDs, so does not include all emergency care provided by public hospitals. This may affect comparability of results for regional and remote areas"
Table4,2021-22,Vic,SA3,20101,Ballarat,Inner regional,All persons,After-hours,TC4+5,"After-hours lower urgency ED, per 1,000 population, age-standardised",45.4,#,"Interpret with caution - Results only include data for formal public EDs, so does not include all emergency care provided by public hospitals. This may affect comparability of results for regional and remote areas"
Table4,2021-22,Vic,SA3,20101,Ballarat,Inner regional,All persons,All-hours,TC4+5,Number all-hours lower urgency ED,10893,#,"Interpret with caution - Results only include data for formal public EDs, so does not include all emergency care provided by public hospitals. This may affect comparability of results for regional and remote areas"
Table4,2021-22,Vic,SA3,20101,Ballarat,Inner regional,All persons,All-hours,All,Number total ED,40408,#,"Interpret with caution - Results only include data for formal public EDs, so does not include all emergency care provided by public hospitals. This may affect comparability of results for regional and remote areas"
Table4,2021-22,Vic,SA3,20101,Ballarat,Inner regional,All persons,,TC4+5,Estimated resident population,115935,,
Table4,2021-22,Vic,SA3,20102,Creswick - Daylesford - Ballan,Inner regional,All persons,All-hours,TC4+5,"All-hours lower urgency ED, per 1,000 population, age-standardised",70.9,#,"Interpret with caution - Results only include data for formal public EDs, so does not include all emergency care provided by public hospitals. This may affect comparability of results for regional and remote areas"
Table4,2021-22,Vic,SA3,20102,Creswick - Daylesford - Ballan,Inner regional,All persons,In-hours,TC4+5,"In-hours lower urgency ED, per 1,000 population, age-standardised",37.8,#,"Interpret with caution - Results only include data for formal public EDs, so does not include all emergency care provided by public hospitals. This may affect comparability of results for regional and remote areas"
Table4,2021-22,Vic,SA3,20102,Creswick - Daylesford - Ballan,Inner regional,All persons,After-hours,TC4+5,"After-hours lower urgency ED, per 1,000 population, age-standardised",33.1,#,"Interpret with caution - Results only include data for formal public EDs, so does not include all emergency care provided by public hospitals. This may affect comparability of results for regional and remote areas"
Table4,2021-22,Vic,SA3,20102,Creswick - Daylesford - Ballan,Inner regional,All persons,All-hours,TC4+5,Number all-hours lower urgency ED,1861,#,"Interpret with caution - Results only include data for formal public EDs, so does not include all emergency care provided by public hospitals. This may affect comparability of results for regional and remote areas"
Table4,2021-22,Vic,SA3,20102,Creswick - Daylesford - Ballan,Inner regional,All persons,All-hours,All,Number total ED,7303,#,"Interpret with caution - Results only include data for formal public EDs, so does not include all emergency care provided by public hospitals. This may affect comparability of results for regional and remote areas"
Table4,2021-22,Vic,SA3,20102,Creswick - Daylesford - Ballan,Inner regional,All persons,,TC4+5,Estimated resident population,30788,,
Table4,2021-22,Vic,SA3,20103,Maryborough - Pyrenees,Inner regional,All persons,All-hours,TC4+5,"All-hours lower urgency ED, per 1,000 population, age-standardised",57.4,#,"Interpret with caution - Results only include data for formal public EDs, so does not include all emergency care provided by public hospitals. This may affect comparability of results for regional and remote areas"
Table4,2021-22,Vic,SA3,20103,Maryborough - Pyrenees,Inner regional,All persons,In-hours,TC4+5,"In-hours lower urgency ED, per 1,000 population, age-standardised",29.2,#,"Interpret with caution - Results only include data for formal public EDs, so does not include all emergency care provided by public hospitals. This may affect comparability of results for regional and remote areas"
Table4,2021-22,Vic,SA3,20103,Maryborough - Pyrenees,Inner regional,All persons,After-hours,TC4+5,"After-hours lower urgency ED, per 1,000 population, age-standardised",28.2,#,"Interpret with caution - Results only include data for formal public EDs, so does not include all emergency care provided by public hospitals. This may affect comparability of results for regional and remote areas"
Table4,2021-22,Vic,SA3,20103,Maryborough - Pyrenees,Inner regional,All persons,All-hours,TC4+5,Number all-hours lower urgency ED,1264,#,"Interpret with caution - Results only include data for formal public EDs, so does not include all emergency care provided by public hospitals. This may affect comparability of results for regional and remote areas"
Table4,2021-22,Vic,SA3,20103,Maryborough - Pyrenees,Inner regional,All persons,All-hours,All,Number total ED,5602,#,"Interpret with caution - Results only include data for formal public EDs, so does not include all emergency care provided by public hospitals. This may affect comparability of results for regional and remote areas"
Table4,2021-22,Vic,SA3,20103,Maryborough - Pyrenees,Inner regional,All persons,,TC4+5,Estimated resident population,26588,,
Table4,2021-22,Vic,SA3,20301,Barwon - West,Inner regional,All persons,All-hours,TC4+5,"All-hours lower urgency ED, per 1,000 population, age-standardised",57,#,"Interpret with caution - Results only include data for formal public EDs, so does not include all emergency care provided by public hospitals. This may affect comparability of results for regional and remote areas"
Table4,2021-22,Vic,SA3,20301,Barwon - West,Inner regional,All persons,In-hours,TC4+5,"In-hours lower urgency ED, per 1,000 population, age-standardised",30.7,#,"Interpret with caution - Results only include data for formal public EDs, so does not include all emergency care provided by public hospitals. This may affect comparability of results for regional and remote areas"
Table4,2021-22,Vic,SA3,20301,Barwon - West,Inner regional,All persons,After-hours,TC4+5,"After-hours lower urgency ED, per 1,000 population, age-standardised",26.3,#,"Interpret with caution - Results only include data for formal public EDs, so does not include all emergency care provided by public hospitals. This may affect comparability of results for regional and remote areas"
Table4,2021-22,Vic,SA3,20301,Barwon - West,Inner regional,All persons,All-hours,TC4+5,Number all-hours lower urgency ED,1214,#,"Interpret with caution - Results only include data for formal public EDs, so does not include all emergency care provided by public hospitals. This may affect comparability of results for regional and remote areas"
Table4,2021-22,Vic,SA3,20301,Barwon - West,Inner regional,All persons,All-hours,All,Number total ED,4249,#,"Interpret with caution - Results only include data for formal public EDs, so does not include all emergency care provided by public hospitals. This may affect comparability of results for regional and remote areas"
Table4,2021-22,Vic,SA3,20301,Barwon - West,Inner regional,All persons,,TC4+5,Estimated resident population,22397,,
Table4,2021-22,Vic,SA3,20302,Geelong,Major cities - medium socioeconomic areas,All persons,All-hours,TC4+5,"All-hours lower urgency ED, per 1,000 population, age-standardised",70.4,,
Table4,2021-22,Vic,SA3,20302,Geelong,Major cities - medium socioeconomic areas,All persons,In-hours,TC4+5,"In-hours lower urgency ED, per 1,000 population, age-standardised",35,,
Table4,2021-22,Vic,SA3,20302,Geelong,Major cities - medium socioeconomic areas,All persons,After-hours,TC4+5,"After-hours lower urgency ED, per 1,000 population, age-standardised",35.4,,
Table4,2021-22,Vic,SA3,20302,Geelong,Major cities - medium socioeconomic areas,All persons,All-hours,TC4+5,Number all-hours lower urgency ED,14333,,
Table4,2021-22,Vic,SA3,20302,Geelong,Major cities - medium socioeconomic areas,All persons,All-hours,All,Number total ED,52553,,
Table4,2021-22,Vic,SA3,20302,Geelong,Major cities - medium socioeconomic areas,All persons,,TC4+5,Estimated resident population,212023,,
Table4,2021-22,Vic,SA3,20303,Surf Coast - Bellarine Peninsula,Inner regional,All persons,All-hours,TC4+5,"All-hours lower urgency ED, per 1,000 population, age-standardised",64,#,"Interpret with caution - Results only include data for formal public EDs, so does not include all emergency care provided by public hospitals. This may affect comparability of results for regional and remote areas"
Table4,2021-22,Vic,SA3,20303,Surf Coast - Bellarine Peninsula,Inner regional,All persons,In-hours,TC4+5,"In-hours lower urgency ED, per 1,000 population, age-standardised",33.5,#,"Interpret with caution - Results only include data for formal public EDs, so does not include all emergency care provided by public hospitals. This may affect comparability of results for regional and remote areas"
Table4,2021-22,Vic,SA3,20303,Surf Coast - Bellarine Peninsula,Inner regional,All persons,After-hours,TC4+5,"After-hours lower urgency ED, per 1,000 population, age-standardised",30.5,#,"Interpret with caution - Results only include data for formal public EDs, so does not include all emergency care provided by public hospitals. This may affect comparability of results for regional and remote areas"
Table4,2021-22,Vic,SA3,20303,Surf Coast - Bellarine Peninsula,Inner regional,All persons,All-hours,TC4+5,Number all-hours lower urgency ED,5172,#,"Interpret with caution - Results only include data for formal public EDs, so does not include all emergency care provided by public hospitals. This may affect comparability of results for regional and remote areas"
Table4,2021-22,Vic,SA3,20303,Surf Coast - Bellarine Peninsula,Inner regional,All persons,All-hours,All,Number total ED,18418,#,"Interpret with caution - Results only include data for formal public EDs, so does not include all emergency care provided by public hospitals. This may affect comparability of results for regional and remote areas"
Table4,2021-22,Vic,SA3,20303,Surf Coast - Bellarine Peninsula,Inner regional,All persons,,TC4+5,Estimated resident population,93195,,
Table4,2021-22,Vic,SA3,21501,Grampians,Outer regional,All persons,All-hours,TC4+5,"All-hours lower urgency ED, per 1,000 population, age-standardised",126.4,#,"Interpret with caution - Results only include data for formal public EDs, so does not include all emergency care provided by public hospitals. This may affect comparability of results for regional and remote areas"
Table4,2021-22,Vic,SA3,21501,Grampians,Outer regional,All persons,In-hours,TC4+5,"In-hours lower urgency ED, per 1,000 population, age-standardised",72.1,#,"Interpret with caution - Results only include data for formal public EDs, so does not include all emergency care provided by public hospitals. This may affect comparability of results for regional and remote areas"
Table4,2021-22,Vic,SA3,21501,Grampians,Outer regional,All persons,After-hours,TC4+5,"After-hours lower urgency ED, per 1,000 population, age-standardised",54.3,#,"Interpret with caution - Results only include data for formal public EDs, so does not include all emergency care provided by public hospitals. This may affect comparability of results for regional and remote areas"
Table4,2021-22,Vic,SA3,21501,Grampians,Outer regional,All persons,All-hours,TC4+5,Number all-hours lower urgency ED,7068,#,"Interpret with caution - Results only include data for formal public EDs, so does not include all emergency care provided by public hospitals. This may affect comparability of results for regional and remote areas"
Table4,2021-22,Vic,SA3,21501,Grampians,Outer regional,All persons,All-hours,All,Number total ED,18705,#,"Interpret with caution - Results only include data for formal public EDs, so does not include all emergency care provided by public hospitals. This may affect comparability of results for regional and remote areas"
Table4,2021-22,Vic,SA3,21501,Grampians,Outer regional,All persons,,TC4+5,Estimated resident population,60060,,
Table4,2021-22,Vic,SA3,21701,Glenelg - Southern Grampians,Outer regional,All persons,All-hours,TC4+5,"All-hours lower urgency ED, per 1,000 population, age-standardised",134.4,#,"Interpret with caution - Results only include data for formal public EDs, so does not include all emergency care provided by public hospitals. This may affect comparability of results for regional and remote areas"
Table4,2021-22,Vic,SA3,21701,Glenelg - Southern Grampians,Outer regional,All persons,In-hours,TC4+5,"In-hours lower urgency ED, per 1,000 population, age-standardised",75.3,#,"Interpret with caution - Results only include data for formal public EDs, so does not include all emergency care provided by public hospitals. This may affect comparability of results for regional and remote areas"
Table4,2021-22,Vic,SA3,21701,Glenelg - Southern Grampians,Outer regional,All persons,After-hours,TC4+5,"After-hours lower urgency ED, per 1,000 population, age-standardised",59.1,#,"Interpret with caution - Results only include data for formal public EDs, so does not include all emergency care provided by public hospitals. This may affect comparability of results for regional and remote areas"
Table4,2021-22,Vic,SA3,21701,Glenelg - Southern Grampians,Outer regional,All persons,All-hours,TC4+5,Number all-hours lower urgency ED,4359,#,"Interpret with caution - Results only include data for formal public EDs, so does not include all emergency care provided by public hospitals. This may affect comparability of results for regional and remote areas"
Table4,2021-22,Vic,SA3,21701,Glenelg - Southern Grampians,Outer regional,All persons,All-hours,All,Number total ED,10139,#,"Interpret with caution - Results only include data for formal public EDs, so does not include all emergency care provided by public hospitals. This may affect comparability of results for regional and remote areas"
Table4,2021-22,Vic,SA3,21701,Glenelg - Southern Grampians,Outer regional,All persons,,TC4+5,Estimated resident population,36607,,
Table4,2021-22,Vic,SA3,21703,Colac - Corangamite,Inner regional,All persons,All-hours,TC4+5,"All-hours lower urgency ED, per 1,000 population, age-standardised",31.8,#,"Interpret with caution - Results only include data for formal public EDs, so does not include all emergency care provided by public hospitals. This may affect comparability of results for regional and remote areas"
Table4,2021-22,Vic,SA3,21703,Colac - Corangamite,Inner regional,All persons,In-hours,TC4+5,"In-hours lower urgency ED, per 1,000 population, age-standardised",16.6,#,"Interpret with caution - Results only include data for formal public EDs, so does not include all emergency care provided by public hospitals. This may affect comparability of results for regional and remote areas"
Table4,2021-22,Vic,SA3,21703,Colac - Corangamite,Inner regional,All persons,After-hours,TC4+5,"After-hours lower urgency ED, per 1,000 population, age-standardised",15.3,#,"Interpret with caution - Results only include data for formal public EDs, so does not include all emergency care provided by public hospitals. This may affect comparability of results for regional and remote areas"
Table4,2021-22,Vic,SA3,21703,Colac - Corangamite,Inner regional,All persons,All-hours,TC4+5,Number all-hours lower urgency ED,1076,#,"Interpret with caution - Results only include data for formal public EDs, so does not include all emergency care provided by public hospitals. This may affect comparability of results for regional and remote areas"
Table4,2021-22,Vic,SA3,21703,Colac - Corangamite,Inner regional,All persons,All-hours,All,Number total ED,4864,#,"Interpret with caution - Results only include data for formal public EDs, so does not include all emergency care provided by public hospitals. This may affect comparability of results for regional and remote areas"
Table4,2021-22,Vic,SA3,21703,Colac - Corangamite,Inner regional,All persons,,TC4+5,Estimated resident population,38299,,
Table4,2021-22,Vic,SA3,21704,Warrnambool,Inner regional,All persons,All-hours,TC4+5,"All-hours lower urgency ED, per 1,000 population, age-standardised",174.9,#,"Interpret with caution - Results only include data for formal public EDs, so does not include all emergency care provided by public hospitals. This may affect comparability of results for regional and remote areas"
Table4,2021-22,Vic,SA3,21704,Warrnambool,Inner regional,All persons,In-hours,TC4+5,"In-hours lower urgency ED, per 1,000 population, age-standardised",94.7,#,"Interpret with caution - Results only include data for formal public EDs, so does not include all emergency care provided by public hospitals. This may affect comparability of results for regional and remote areas"
Table4,2021-22,Vic,SA3,21704,Warrnambool,Inner regional,All persons,After-hours,TC4+5,"After-hours lower urgency ED, per 1,000 population, age-standardised",80.2,#,"Interpret with caution - Results only include data for formal public EDs, so does not include all emergency care provided by public hospitals. This may affect comparability of results for regional and remote areas"
Table4,2021-22,Vic,SA3,21704,Warrnambool,Inner regional,All persons,All-hours,TC4+5,Number all-hours lower urgency ED,8502,#,"Interpret with caution - Results only include data for formal public EDs, so does not include all emergency care provided by public hospitals. This may affect comparability of results for regional and remote areas"
Table4,2021-22,Vic,SA3,21704,Warrnambool,Inner regional,All persons,All-hours,All,Number total ED,21568,#,"Interpret with caution - Results only include data for formal public EDs, so does not include all emergency care provided by public hospitals. This may affect comparability of results for regional and remote areas"
Table4,2021-22,Vic,SA3,21704,Warrnambool,Inner regional,All persons,,TC4+5,Estimated resident population,52725,,
Table4,2022-23,,NAT,001NAT,National,National,All persons,All-hours,TC4+5,"All-hours lower urgency ED, per 1,000 population, age-standardised",114.3,,
Table4,2022-23,,NAT,001NAT,National,National,All persons,In-hours,TC4+5,"In-hours lower urgency ED, per 1,000 population, age-standardised",61.9,,
Table4,2022-23,,NAT,001NAT,National,National,All persons,After-hours,TC4+5,"After-hours lower urgency ED, per 1,000 population, age-standardised",52.4,,
Table4,2022-23,,NAT,001NAT,National,National,All persons,All-hours,TC4+5,Number all-hours lower urgency ED,2874630,,
Table4,2022-23,,NAT,001NAT,National,National,All persons,All-hours,All,Number total ED,8800919,,
Table4,2022-23,,NAT,001NAT,National,National,All persons,,TC4+5,Estimated resident population,26014399,,
Table4,2022-23,Vic,SA3,20101,Ballarat,Inner regional,All persons,All-hours,TC4+5,"All-hours lower urgency ED, per 1,000 population, age-standardised",84.1,#,"Interpret with caution - Results only include data for formal public EDs, so does not include all emergency care provided by public hospitals. This may affect comparability of results for regional and remote areas"
Table4,2022-23,Vic,SA3,20101,Ballarat,Inner regional,All persons,In-hours,TC4+5,"In-hours lower urgency ED, per 1,000 population, age-standardised",43.6,#,"Interpret with caution - Results only include data for formal public EDs, so does not include all emergency care provided by public hospitals. This may affect comparability of results for regional and remote areas"
Table4,2022-23,Vic,SA3,20101,Ballarat,Inner regional,All persons,After-hours,TC4+5,"After-hours lower urgency ED, per 1,000 population, age-standardised",40.5,#,"Interpret with caution - Results only include data for formal public EDs, so does not include all emergency care provided by public hospitals. This may affect comparability of results for regional and remote areas"
Table4,2022-23,Vic,SA3,20101,Ballarat,Inner regional,All persons,All-hours,TC4+5,Number all-hours lower urgency ED,9545,#,"Interpret with caution - Results only include data for formal public EDs, so does not include all emergency care provided by public hospitals. This may affect comparability of results for regional and remote areas"
Table4,2022-23,Vic,SA3,20101,Ballarat,Inner regional,All persons,All-hours,All,Number total ED,38038,#,"Interpret with caution - Results only include data for formal public EDs, so does not include all emergency care provided by public hospitals. This may affect comparability of results for regional and remote areas"
Table4,2022-23,Vic,SA3,20101,Ballarat,Inner regional,All persons,,TC4+5,Estimated resident population,118484,,
Table4,2022-23,Vic,SA3,20102,Creswick - Daylesford - Ballan,Inner regional,All persons,All-hours,TC4+5,"All-hours lower urgency ED, per 1,000 population, age-standardised",61.8,#,"Interpret with caution - Results only include data for formal public EDs, so does not include all emergency care provided by public hospitals. This may affect comparability of results for regional and remote areas"
Table4,2022-23,Vic,SA3,20102,Creswick - Daylesford - Ballan,Inner regional,All persons,In-hours,TC4+5,"In-hours lower urgency ED, per 1,000 population, age-standardised",32.7,#,"Interpret with caution - Results only include data for formal public EDs, so does not include all emergency care provided by public hospitals. This may affect comparability of results for regional and remote areas"
Table4,2022-23,Vic,SA3,20102,Creswick - Daylesford - Ballan,Inner regional,All persons,After-hours,TC4+5,"After-hours lower urgency ED, per 1,000 population, age-standardised",29.1,#,"Interpret with caution - Results only include data for formal public EDs, so does not include all emergency care provided by public hospitals. This may affect comparability of results for regional and remote areas"
Table4,2022-23,Vic,SA3,20102,Creswick - Daylesford - Ballan,Inner regional,All persons,All-hours,TC4+5,Number all-hours lower urgency ED,1625,#,"Interpret with caution - Results only include data for formal public EDs, so does not include all emergency care provided by public hospitals. This may affect comparability of results for regional and remote areas"
Table4,2022-23,Vic,SA3,20102,Creswick - Daylesford - Ballan,Inner regional,All persons,All-hours,All,Number total ED,6747,#,"Interpret with caution - Results only include data for formal public EDs, so does not include all emergency care provided by public hospitals. This may affect comparability of results for regional and remote areas"
Table4,2022-23,Vic,SA3,20102,Creswick - Daylesford - Ballan,Inner regional,All persons,,TC4+5,Estimated resident population,30892,,
Table4,2022-23,Vic,SA3,20103,Maryborough - Pyrenees,Inner regional,All persons,All-hours,TC4+5,"All-hours lower urgency ED, per 1,000 population, age-standardised",53,#,"Interpret with caution - Results only include data for formal public EDs, so does not include all emergency care provided by public hospitals. This may affect comparability of results for regional and remote areas"
Table4,2022-23,Vic,SA3,20103,Maryborough - Pyrenees,Inner regional,All persons,In-hours,TC4+5,"In-hours lower urgency ED, per 1,000 population, age-standardised",26.8,#,"Interpret with caution - Results only include data for formal public EDs, so does not include all emergency care provided by public hospitals. This may affect comparability of results for regional and remote areas"
Table4,2022-23,Vic,SA3,20103,Maryborough - Pyrenees,Inner regional,All persons,After-hours,TC4+5,"After-hours lower urgency ED, per 1,000 population, age-standardised",26.3,#,"Interpret with caution - Results only include data for formal public EDs, so does not include all emergency care provided by public hospitals. This may affect comparability of results for regional and remote areas"
Table4,2022-23,Vic,SA3,20103,Maryborough - Pyrenees,Inner regional,All persons,All-hours,TC4+5,Number all-hours lower urgency ED,1175,#,"Interpret with caution - Results only include data for formal public EDs, so does not include all emergency care provided by public hospitals. This may affect comparability of results for regional and remote areas"
Table4,2022-23,Vic,SA3,20103,Maryborough - Pyrenees,Inner regional,All persons,All-hours,All,Number total ED,5592,#,"Interpret with caution - Results only include data for formal public EDs, so does not include all emergency care provided by public hospitals. This may affect comparability of results for regional and remote areas"
Table4,2022-23,Vic,SA3,20103,Maryborough - Pyrenees,Inner regional,All persons,,TC4+5,Estimated resident population,26785,,
Table4,2022-23,Vic,SA3,20301,Barwon - West,Inner regional,All persons,All-hours,TC4+5,"All-hours lower urgency ED, per 1,000 population, age-standardised",50.4,#,"Interpret with caution - Results only include data for formal public EDs, so does not include all emergency care provided by public hospitals. This may affect comparability of results for regional and remote areas"
Table4,2022-23,Vic,SA3,20301,Barwon - West,Inner regional,All persons,In-hours,TC4+5,"In-hours lower urgency ED, per 1,000 population, age-standardised",25.8,#,"Interpret with caution - Results only include data for formal public EDs, so does not include all emergency care provided by public hospitals. This may affect comparability of results for regional and remote areas"
Table4,2022-23,Vic,SA3,20301,Barwon - West,Inner regional,All persons,After-hours,TC4+5,"After-hours lower urgency ED, per 1,000 population, age-standardised",24.7,#,"Interpret with caution - Results only include data for formal public EDs, so does not include all emergency care provided by public hospitals. This may affect comparability of results for regional and remote areas"
Table4,2022-23,Vic,SA3,20301,Barwon - West,Inner regional,All persons,All-hours,TC4+5,Number all-hours lower urgency ED,1098,#,"Interpret with caution - Results only include data for formal public EDs, so does not include all emergency care provided by public hospitals. This may affect comparability of results for regional and remote areas"
Table4,2022-23,Vic,SA3,20301,Barwon - West,Inner regional,All persons,All-hours,All,Number total ED,4233,#,"Interpret with caution - Results only include data for formal public EDs, so does not include all emergency care provided by public hospitals. This may affect comparability of results for regional and remote areas"
Table4,2022-23,Vic,SA3,20301,Barwon - West,Inner regional,All persons,,TC4+5,Estimated resident population,22879,,
Table4,2022-23,Vic,SA3,20302,Geelong,Major cities - medium socioeconomic areas,All persons,All-hours,TC4+5,"All-hours lower urgency ED, per 1,000 population, age-standardised",64.2,,
Table4,2022-23,Vic,SA3,20302,Geelong,Major cities - medium socioeconomic areas,All persons,In-hours,TC4+5,"In-hours lower urgency ED, per 1,000 population, age-standardised",31.5,,
Table4,2022-23,Vic,SA3,20302,Geelong,Major cities - medium socioeconomic areas,All persons,After-hours,TC4+5,"After-hours lower urgency ED, per 1,000 population, age-standardised",32.7,,
Table4,2022-23,Vic,SA3,20302,Geelong,Major cities - medium socioeconomic areas,All persons,All-hours,TC4+5,Number all-hours lower urgency ED,13252,,
Table4,2022-23,Vic,SA3,20302,Geelong,Major cities - medium socioeconomic areas,All persons,All-hours,All,Number total ED,53892,,
Table4,2022-23,Vic,SA3,20302,Geelong,Major cities - medium socioeconomic areas,All persons,,TC4+5,Estimated resident population,215372,,
Table4,2022-23,Vic,SA3,20303,Surf Coast - Bellarine Peninsula,Inner regional,All persons,All-hours,TC4+5,"All-hours lower urgency ED, per 1,000 population, age-standardised",54.8,#,"Interpret with caution - Results only include data for formal public EDs, so does not include all emergency care provided by public hospitals. This may affect comparability of results for regional and remote areas"
Table4,2022-23,Vic,SA3,20303,Surf Coast - Bellarine Peninsula,Inner regional,All persons,In-hours,TC4+5,"In-hours lower urgency ED, per 1,000 population, age-standardised",29.2,#,"Interpret with caution - Results only include data for formal public EDs, so does not include all emergency care provided by public hospitals. This may affect comparability of results for regional and remote areas"
Table4,2022-23,Vic,SA3,20303,Surf Coast - Bellarine Peninsula,Inner regional,All persons,After-hours,TC4+5,"After-hours lower urgency ED, per 1,000 population, age-standardised",25.7,#,"Interpret with caution - Results only include data for formal public EDs, so does not include all emergency care provided by public hospitals. This may affect comparability of results for regional and remote areas"
Table4,2022-23,Vic,SA3,20303,Surf Coast - Bellarine Peninsula,Inner regional,All persons,All-hours,TC4+5,Number all-hours lower urgency ED,4598,#,"Interpret with caution - Results only include data for formal public EDs, so does not include all emergency care provided by public hospitals. This may affect comparability of results for regional and remote areas"
Table4,2022-23,Vic,SA3,20303,Surf Coast - Bellarine Peninsula,Inner regional,All persons,All-hours,All,Number total ED,18002,#,"Interpret with caution - Results only include data for formal public EDs, so does not include all emergency care provided by public hospitals. This may affect comparability of results for regional and remote areas"
Table4,2022-23,Vic,SA3,20303,Surf Coast - Bellarine Peninsula,Inner regional,All persons,,TC4+5,Estimated resident population,96432,,
Table4,2022-23,Vic,SA3,21501,Grampians,Outer regional,All persons,All-hours,TC4+5,"All-hours lower urgency ED, per 1,000 population, age-standardised",138.8,#,"Interpret with caution - Results only include data for formal public EDs, so does not include all emergency care provided by public hospitals. This may affect comparability of results for regional and remote areas"
Table4,2022-23,Vic,SA3,21501,Grampians,Outer regional,All persons,In-hours,TC4+5,"In-hours lower urgency ED, per 1,000 population, age-standardised",78.7,#,"Interpret with caution - Results only include data for formal public EDs, so does not include all emergency care provided by public hospitals. This may affect comparability of results for regional and remote areas"
Table4,2022-23,Vic,SA3,21501,Grampians,Outer regional,All persons,After-hours,TC4+5,"After-hours lower urgency ED, per 1,000 population, age-standardised",60.1,#,"Interpret with caution - Results only include data for formal public EDs, so does not include all emergency care provided by public hospitals. This may affect comparability of results for regional and remote areas"
Table4,2022-23,Vic,SA3,21501,Grampians,Outer regional,All persons,All-hours,TC4+5,Number all-hours lower urgency ED,7577,#,"Interpret with caution - Results only include data for formal public EDs, so does not include all emergency care provided by public hospitals. This may affect comparability of results for regional and remote areas"
Table4,2022-23,Vic,SA3,21501,Grampians,Outer regional,All persons,All-hours,All,Number total ED,19611,#,"Interpret with caution - Results only include data for formal public EDs, so does not include all emergency care provided by public hospitals. This may affect comparability of results for regional and remote areas"
Table4,2022-23,Vic,SA3,21501,Grampians,Outer regional,All persons,,TC4+5,Estimated resident population,59794,,
Table4,2022-23,Vic,SA3,21701,Glenelg - Southern Grampians,Outer regional,All persons,All-hours,TC4+5,"All-hours lower urgency ED, per 1,000 population, age-standardised",148.8,#,"Interpret with caution - Results only include data for formal public EDs, so does not include all emergency care provided by public hospitals. This may affect comparability of results for regional and remote areas"
Table4,2022-23,Vic,SA3,21701,Glenelg - Southern Grampians,Outer regional,All persons,In-hours,TC4+5,"In-hours lower urgency ED, per 1,000 population, age-standardised",85.2,#,"Interpret with caution - Results only include data for formal public EDs, so does not include all emergency care provided by public hospitals. This may affect comparability of results for regional and remote areas"
Table4,2022-23,Vic,SA3,21701,Glenelg - Southern Grampians,Outer regional,All persons,After-hours,TC4+5,"After-hours lower urgency ED, per 1,000 population, age-standardised",63.6,#,"Interpret with caution - Results only include data for formal public EDs, so does not include all emergency care provided by public hospitals. This may affect comparability of results for regional and remote areas"
Table4,2022-23,Vic,SA3,21701,Glenelg - Southern Grampians,Outer regional,All persons,All-hours,TC4+5,Number all-hours lower urgency ED,4832,#,"Interpret with caution - Results only include data for formal public EDs, so does not include all emergency care provided by public hospitals. This may affect comparability of results for regional and remote areas"
Table4,2022-23,Vic,SA3,21701,Glenelg - Southern Grampians,Outer regional,All persons,All-hours,All,Number total ED,11571,#,"Interpret with caution - Results only include data for formal public EDs, so does not include all emergency care provided by public hospitals. This may affect comparability of results for regional and remote areas"
Table4,2022-23,Vic,SA3,21701,Glenelg - Southern Grampians,Outer regional,All persons,,TC4+5,Estimated resident population,36504,,
Table4,2022-23,Vic,SA3,21703,Colac - Corangamite,Inner regional,All persons,All-hours,TC4+5,"All-hours lower urgency ED, per 1,000 population, age-standardised",32.1,#,"Interpret with caution - Results only include data for formal public EDs, so does not include all emergency care provided by public hospitals. This may affect comparability of results for regional and remote areas"
Table4,2022-23,Vic,SA3,21703,Colac - Corangamite,Inner regional,All persons,In-hours,TC4+5,"In-hours lower urgency ED, per 1,000 population, age-standardised",16,#,"Interpret with caution - Results only include data for formal public EDs, so does not include all emergency care provided by public hospitals. This may affect comparability of results for regional and remote areas"
Table4,2022-23,Vic,SA3,21703,Colac - Corangamite,Inner regional,All persons,After-hours,TC4+5,"After-hours lower urgency ED, per 1,000 population, age-standardised",16.2,#,"Interpret with caution - Results only include data for formal public EDs, so does not include all emergency care provided by public hospitals. This may affect comparability of results for regional and remote areas"
Table4,2022-23,Vic,SA3,21703,Colac - Corangamite,Inner regional,All persons,All-hours,TC4+5,Number all-hours lower urgency ED,1084,#,"Interpret with caution - Results only include data for formal public EDs, so does not include all emergency care provided by public hospitals. This may affect comparability of results for regional and remote areas"
Table4,2022-23,Vic,SA3,21703,Colac - Corangamite,Inner regional,All persons,All-hours,All,Number total ED,5002,#,"Interpret with caution - Results only include data for formal public EDs, so does not include all emergency care provided by public hospitals. This may affect comparability of results for regional and remote areas"
Table4,2022-23,Vic,SA3,21703,Colac - Corangamite,Inner regional,All persons,,TC4+5,Estimated resident population,38159,,
Table4,2022-23,Vic,SA3,21704,Warrnambool,Inner regional,All persons,All-hours,TC4+5,"All-hours lower urgency ED, per 1,000 population, age-standardised",163.8,#,"Interpret with caution - Results only include data for formal public EDs, so does not include all emergency care provided by public hospitals. This may affect comparability of results for regional and remote areas"
Table4,2022-23,Vic,SA3,21704,Warrnambool,Inner regional,All persons,In-hours,TC4+5,"In-hours lower urgency ED, per 1,000 population, age-standardised",86.1,#,"Interpret with caution - Results only include data for formal public EDs, so does not include all emergency care provided by public hospitals. This may affect comparability of results for regional and remote areas"
Table4,2022-23,Vic,SA3,21704,Warrnambool,Inner regional,All persons,After-hours,TC4+5,"After-hours lower urgency ED, per 1,000 population, age-standardised",77.7,#,"Interpret with caution - Results only include data for formal public EDs, so does not include all emergency care provided by public hospitals. This may affect comparability of results for regional and remote areas"
Table4,2022-23,Vic,SA3,21704,Warrnambool,Inner regional,All persons,All-hours,TC4+5,Number all-hours lower urgency ED,7998,#,"Interpret with caution - Results only include data for formal public EDs, so does not include all emergency care provided by public hospitals. This may affect comparability of results for regional and remote areas"
Table4,2022-23,Vic,SA3,21704,Warrnambool,Inner regional,All persons,All-hours,All,Number total ED,21305,#,"Interpret with caution - Results only include data for formal public EDs, so does not include all emergency care provided by public hospitals. This may affect comparability of results for regional and remote areas"
Table4,2022-23,Vic,SA3,21704,Warrnambool,Inner regional,All persons,,TC4+5,Estimated resident population,53053,,
Table4,2023-24,,NAT,001NAT,National,National,All persons,All-hours,TC4+5,"All-hours lower urgency ED, per 1,000 population, age-standardised",110.1,,
Table4,2023-24,,NAT,001NAT,National,National,All persons,In-hours,TC4+5,"In-hours lower urgency ED, per 1,000 population, age-standardised",60.1,,
Table4,2023-24,,NAT,001NAT,National,National,All persons,After-hours,TC4+5,"After-hours lower urgency ED, per 1,000 population, age-standardised",50,,
Table4,2023-24,,NAT,001NAT,National,National,All persons,All-hours,TC4+5,Number all-hours lower urgency ED,2846713,,
Table4,2023-24,,NAT,001NAT,National,National,All persons,All-hours,All,Number total ED,9018401,,
Table4,2023-24,,NAT,001NAT,National,National,All persons,,TC4+5,Estimated resident population,26652777,,
Table4,2023-24,Vic,SA3,20101,Ballarat,Inner regional,All persons,All-hours,TC4+5,"All-hours lower urgency ED, per 1,000 population, age-standardised",100.4,#,"Interpret with caution - Results only include data for formal public EDs, so does not include all emergency care provided by public hospitals. This may affect comparability of results for regional and remote areas"
Table4,2023-24,Vic,SA3,20101,Ballarat,Inner regional,All persons,In-hours,TC4+5,"In-hours lower urgency ED, per 1,000 population, age-standardised",52.5,#,"Interpret with caution - Results only include data for formal public EDs, so does not include all emergency care provided by public hospitals. This may affect comparability of results for regional and remote areas"
Table4,2023-24,Vic,SA3,20101,Ballarat,Inner regional,All persons,After-hours,TC4+5,"After-hours lower urgency ED, per 1,000 population, age-standardised",47.9,#,"Interpret with caution - Results only include data for formal public EDs, so does not include all emergency care provided by public hospitals. This may affect comparability of results for regional and remote areas"
Table4,2023-24,Vic,SA3,20101,Ballarat,Inner regional,All persons,All-hours,TC4+5,Number all-hours lower urgency ED,11594,#,"Interpret with caution - Results only include data for formal public EDs, so does not include all emergency care provided by public hospitals. This may affect comparability of results for regional and remote areas"
Table4,2023-24,Vic,SA3,20101,Ballarat,Inner regional,All persons,All-hours,All,Number total ED,39583,#,"Interpret with caution - Results only include data for formal public EDs, so does not include all emergency care provided by public hospitals. This may affect comparability of results for regional and remote areas"
Table4,2023-24,Vic,SA3,20101,Ballarat,Inner regional,All persons,,TC4+5,Estimated resident population,120649,,
Table4,2023-24,Vic,SA3,20102,Creswick - Daylesford - Ballan,Inner regional,All persons,All-hours,TC4+5,"All-hours lower urgency ED, per 1,000 population, age-standardised",70,#,"Interpret with caution - Results only include data for formal public EDs, so does not include all emergency care provided by public hospitals. This may affect comparability of results for regional and remote areas"
Table4,2023-24,Vic,SA3,20102,Creswick - Daylesford - Ballan,Inner regional,All persons,In-hours,TC4+5,"In-hours lower urgency ED, per 1,000 population, age-standardised",38.1,#,"Interpret with caution - Results only include data for formal public EDs, so does not include all emergency care provided by public hospitals. This may affect comparability of results for regional and remote areas"
Table4,2023-24,Vic,SA3,20102,Creswick - Daylesford - Ballan,Inner regional,All persons,After-hours,TC4+5,"After-hours lower urgency ED, per 1,000 population, age-standardised",31.9,#,"Interpret with caution - Results only include data for formal public EDs, so does not include all emergency care provided by public hospitals. This may affect comparability of results for regional and remote areas"
Table4,2023-24,Vic,SA3,20102,Creswick - Daylesford - Ballan,Inner regional,All persons,All-hours,TC4+5,Number all-hours lower urgency ED,1860,#,"Interpret with caution - Results only include data for formal public EDs, so does not include all emergency care provided by public hospitals. This may affect comparability of results for regional and remote areas"
Table4,2023-24,Vic,SA3,20102,Creswick - Daylesford - Ballan,Inner regional,All persons,All-hours,All,Number total ED,6856,#,"Interpret with caution - Results only include data for formal public EDs, so does not include all emergency care provided by public hospitals. This may affect comparability of results for regional and remote areas"
Table4,2023-24,Vic,SA3,20102,Creswick - Daylesford - Ballan,Inner regional,All persons,,TC4+5,Estimated resident population,31115,,
Table4,2023-24,Vic,SA3,20103,Maryborough - Pyrenees,Inner regional,All persons,All-hours,TC4+5,"All-hours lower urgency ED, per 1,000 population, age-standardised",56.9,#,"Interpret with caution - Results only include data for formal public EDs, so does not include all emergency care provided by public hospitals. This may affect comparability of results for regional and remote areas"
Table4,2023-24,Vic,SA3,20103,Maryborough - Pyrenees,Inner regional,All persons,In-hours,TC4+5,"In-hours lower urgency ED, per 1,000 population, age-standardised",29.4,#,"Interpret with caution - Results only include data for formal public EDs, so does not include all emergency care provided by public hospitals. This may affect comparability of results for regional and remote areas"
Table4,2023-24,Vic,SA3,20103,Maryborough - Pyrenees,Inner regional,All persons,After-hours,TC4+5,"After-hours lower urgency ED, per 1,000 population, age-standardised",27.6,#,"Interpret with caution - Results only include data for formal public EDs, so does not include all emergency care provided by public hospitals. This may affect comparability of results for regional and remote areas"
Table4,2023-24,Vic,SA3,20103,Maryborough - Pyrenees,Inner regional,All persons,All-hours,TC4+5,Number all-hours lower urgency ED,1302,#,"Interpret with caution - Results only include data for formal public EDs, so does not include all emergency care provided by public hospitals. This may affect comparability of results for regional and remote areas"
Table4,2023-24,Vic,SA3,20103,Maryborough - Pyrenees,Inner regional,All persons,All-hours,All,Number total ED,5892,#,"Interpret with caution - Results only include data for formal public EDs, so does not include all emergency care provided by public hospitals. This may affect comparability of results for regional and remote areas"
Table4,2023-24,Vic,SA3,20103,Maryborough - Pyrenees,Inner regional,All persons,,TC4+5,Estimated resident population,27038,,
Table4,2023-24,Vic,SA3,20301,Barwon - West,Inner regional,All persons,All-hours,TC4+5,"All-hours lower urgency ED, per 1,000 population, age-standardised",47.9,#,"Interpret with caution - Results only include data for formal public EDs, so does not include all emergency care provided by public hospitals. This may affect comparability of results for regional and remote areas"
Table4,2023-24,Vic,SA3,20301,Barwon - West,Inner regional,All persons,In-hours,TC4+5,"In-hours lower urgency ED, per 1,000 population, age-standardised",23.5,#,"Interpret with caution - Results only include data for formal public EDs, so does not include all emergency care provided by public hospitals. This may affect comparability of results for regional and remote areas"
Table4,2023-24,Vic,SA3,20301,Barwon - West,Inner regional,All persons,After-hours,TC4+5,"After-hours lower urgency ED, per 1,000 population, age-standardised",24.5,#,"Interpret with caution - Results only include data for formal public EDs, so does not include all emergency care provided by public hospitals. This may affect comparability of results for regional and remote areas"
Table4,2023-24,Vic,SA3,20301,Barwon - West,Inner regional,All persons,All-hours,TC4+5,Number all-hours lower urgency ED,1067,#,"Interpret with caution - Results only include data for formal public EDs, so does not include all emergency care provided by public hospitals. This may affect comparability of results for regional and remote areas"
Table4,2023-24,Vic,SA3,20301,Barwon - West,Inner regional,All persons,All-hours,All,Number total ED,4448,#,"Interpret with caution - Results only include data for formal public EDs, so does not include all emergency care provided by public hospitals. This may affect comparability of results for regional and remote areas"
Table4,2023-24,Vic,SA3,20301,Barwon - West,Inner regional,All persons,,TC4+5,Estimated resident population,23386,,
Table4,2023-24,Vic,SA3,20302,Geelong,Major cities - medium socioeconomic areas,All persons,All-hours,TC4+5,"All-hours lower urgency ED, per 1,000 population, age-standardised",59.1,,
Table4,2023-24,Vic,SA3,20302,Geelong,Major cities - medium socioeconomic areas,All persons,In-hours,TC4+5,"In-hours lower urgency ED, per 1,000 population, age-standardised",28.9,,
Table4,2023-24,Vic,SA3,20302,Geelong,Major cities - medium socioeconomic areas,All persons,After-hours,TC4+5,"After-hours lower urgency ED, per 1,000 population, age-standardised",30.2,,
Table4,2023-24,Vic,SA3,20302,Geelong,Major cities - medium socioeconomic areas,All persons,All-hours,TC4+5,Number all-hours lower urgency ED,12533,,
Table4,2023-24,Vic,SA3,20302,Geelong,Major cities - medium socioeconomic areas,All persons,All-hours,All,Number total ED,54224,,
Table4,2023-24,Vic,SA3,20302,Geelong,Major cities - medium socioeconomic areas,All persons,,TC4+5,Estimated resident population,219243,,
Table4,2023-24,Vic,SA3,20303,Surf Coast - Bellarine Peninsula,Inner regional,All persons,All-hours,TC4+5,"All-hours lower urgency ED, per 1,000 population, age-standardised",51.1,#,"Interpret with caution - Results only include data for formal public EDs, so does not include all emergency care provided by public hospitals. This may affect comparability of results for regional and remote areas"
Table4,2023-24,Vic,SA3,20303,Surf Coast - Bellarine Peninsula,Inner regional,All persons,In-hours,TC4+5,"In-hours lower urgency ED, per 1,000 population, age-standardised",26.8,#,"Interpret with caution - Results only include data for formal public EDs, so does not include all emergency care provided by public hospitals. This may affect comparability of results for regional and remote areas"
Table4,2023-24,Vic,SA3,20303,Surf Coast - Bellarine Peninsula,Inner regional,All persons,After-hours,TC4+5,"After-hours lower urgency ED, per 1,000 population, age-standardised",24.3,#,"Interpret with caution - Results only include data for formal public EDs, so does not include all emergency care provided by public hospitals. This may affect comparability of results for regional and remote areas"
Table4,2023-24,Vic,SA3,20303,Surf Coast - Bellarine Peninsula,Inner regional,All persons,All-hours,TC4+5,Number all-hours lower urgency ED,4470,#,"Interpret with caution - Results only include data for formal public EDs, so does not include all emergency care provided by public hospitals. This may affect comparability of results for regional and remote areas"
Table4,2023-24,Vic,SA3,20303,Surf Coast - Bellarine Peninsula,Inner regional,All persons,All-hours,All,Number total ED,18413,#,"Interpret with caution - Results only include data for formal public EDs, so does not include all emergency care provided by public hospitals. This may affect comparability of results for regional and remote areas"
Table4,2023-24,Vic,SA3,20303,Surf Coast - Bellarine Peninsula,Inner regional,All persons,,TC4+5,Estimated resident population,99279,,
Table4,2023-24,Vic,SA3,21501,Grampians,Outer regional,All persons,All-hours,TC4+5,"All-hours lower urgency ED, per 1,000 population, age-standardised",133.7,#,"Interpret with caution - Results only include data for formal public EDs, so does not include all emergency care provided by public hospitals. This may affect comparability of results for regional and remote areas"
Table4,2023-24,Vic,SA3,21501,Grampians,Outer regional,All persons,In-hours,TC4+5,"In-hours lower urgency ED, per 1,000 population, age-standardised",77,#,"Interpret with caution - Results only include data for formal public EDs, so does not include all emergency care provided by public hospitals. This may affect comparability of results for regional and remote areas"
Table4,2023-24,Vic,SA3,21501,Grampians,Outer regional,All persons,After-hours,TC4+5,"After-hours lower urgency ED, per 1,000 population, age-standardised",56.7,#,"Interpret with caution - Results only include data for formal public EDs, so does not include all emergency care provided by public hospitals. This may affect comparability of results for regional and remote areas"
Table4,2023-24,Vic,SA3,21501,Grampians,Outer regional,All persons,All-hours,TC4+5,Number all-hours lower urgency ED,7354,#,"Interpret with caution - Results only include data for formal public EDs, so does not include all emergency care provided by public hospitals. This may affect comparability of results for regional and remote areas"
Table4,2023-24,Vic,SA3,21501,Grampians,Outer regional,All persons,All-hours,All,Number total ED,19562,#,"Interpret with caution - Results only include data for formal public EDs, so does not include all emergency care provided by public hospitals. This may affect comparability of results for regional and remote areas"
Table4,2023-24,Vic,SA3,21501,Grampians,Outer regional,All persons,,TC4+5,Estimated resident population,59569,,
Table4,2023-24,Vic,SA3,21701,Glenelg - Southern Grampians,Outer regional,All persons,All-hours,TC4+5,"All-hours lower urgency ED, per 1,000 population, age-standardised",177.7,#,"Interpret with caution - Results only include data for formal public EDs, so does not include all emergency care provided by public hospitals. This may affect comparability of results for regional and remote areas"
Table4,2023-24,Vic,SA3,21701,Glenelg - Southern Grampians,Outer regional,All persons,In-hours,TC4+5,"In-hours lower urgency ED, per 1,000 population, age-standardised",105.9,#,"Interpret with caution - Results only include data for formal public EDs, so does not include all emergency care provided by public hospitals. This may affect comparability of results for regional and remote areas"
Table4,2023-24,Vic,SA3,21701,Glenelg - Southern Grampians,Outer regional,All persons,After-hours,TC4+5,"After-hours lower urgency ED, per 1,000 population, age-standardised",71.8,#,"Interpret with caution - Results only include data for formal public EDs, so does not include all emergency care provided by public hospitals. This may affect comparability of results for regional and remote areas"
Table4,2023-24,Vic,SA3,21701,Glenelg - Southern Grampians,Outer regional,All persons,All-hours,TC4+5,Number all-hours lower urgency ED,5915,#,"Interpret with caution - Results only include data for formal public EDs, so does not include all emergency care provided by public hospitals. This may affect comparability of results for regional and remote areas"
Table4,2023-24,Vic,SA3,21701,Glenelg - Southern Grampians,Outer regional,All persons,All-hours,All,Number total ED,12936,#,"Interpret with caution - Results only include data for formal public EDs, so does not include all emergency care provided by public hospitals. This may affect comparability of results for regional and remote areas"
Table4,2023-24,Vic,SA3,21701,Glenelg - Southern Grampians,Outer regional,All persons,,TC4+5,Estimated resident population,36539,,
Table4,2023-24,Vic,SA3,21703,Colac - Corangamite,Inner regional,All persons,All-hours,TC4+5,"All-hours lower urgency ED, per 1,000 population, age-standardised",31.4,#,"Interpret with caution - Results only include data for formal public EDs, so does not include all emergency care provided by public hospitals. This may affect comparability of results for regional and remote areas"
Table4,2023-24,Vic,SA3,21703,Colac - Corangamite,Inner regional,All persons,In-hours,TC4+5,"In-hours lower urgency ED, per 1,000 population, age-standardised",16.8,#,"Interpret with caution - Results only include data for formal public EDs, so does not include all emergency care provided by public hospitals. This may affect comparability of results for regional and remote areas"
Table4,2023-24,Vic,SA3,21703,Colac - Corangamite,Inner regional,All persons,After-hours,TC4+5,"After-hours lower urgency ED, per 1,000 population, age-standardised",14.6,#,"Interpret with caution - Results only include data for formal public EDs, so does not include all emergency care provided by public hospitals. This may affect comparability of results for regional and remote areas"
Table4,2023-24,Vic,SA3,21703,Colac - Corangamite,Inner regional,All persons,All-hours,TC4+5,Number all-hours lower urgency ED,1061,#,"Interpret with caution - Results only include data for formal public EDs, so does not include all emergency care provided by public hospitals. This may affect comparability of results for regional and remote areas"
Table4,2023-24,Vic,SA3,21703,Colac - Corangamite,Inner regional,All persons,All-hours,All,Number total ED,4981,#,"Interpret with caution - Results only include data for formal public EDs, so does not include all emergency care provided by public hospitals. This may affect comparability of results for regional and remote areas"
Table4,2023-24,Vic,SA3,21703,Colac - Corangamite,Inner regional,All persons,,TC4+5,Estimated resident population,38180,,
Table4,2023-24,Vic,SA3,21704,Warrnambool,Inner regional,All persons,All-hours,TC4+5,"All-hours lower urgency ED, per 1,000 population, age-standardised",150.7,#,"Interpret with caution - Results only include data for formal public EDs, so does not include all emergency care provided by public hospitals. This may affect comparability of results for regional and remote areas"
Table4,2023-24,Vic,SA3,21704,Warrnambool,Inner regional,All persons,In-hours,TC4+5,"In-hours lower urgency ED, per 1,000 population, age-standardised",81.5,#,"Interpret with caution - Results only include data for formal public EDs, so does not include all emergency care provided by public hospitals. This may affect comparability of results for regional and remote areas"
Table4,2023-24,Vic,SA3,21704,Warrnambool,Inner regional,All persons,After-hours,TC4+5,"After-hours lower urgency ED, per 1,000 population, age-standardised",69.2,#,"Interpret with caution - Results only include data for formal public EDs, so does not include all emergency care provided by public hospitals. This may affect comparability of results for regional and remote areas"
Table4,2023-24,Vic,SA3,21704,Warrnambool,Inner regional,All persons,All-hours,TC4+5,Number all-hours lower urgency ED,7522,#,"Interpret with caution - Results only include data for formal public EDs, so does not include all emergency care provided by public hospitals. This may affect comparability of results for regional and remote areas"
Table4,2023-24,Vic,SA3,21704,Warrnambool,Inner regional,All persons,All-hours,All,Number total ED,21713,#,"Interpret with caution - Results only include data for formal public EDs, so does not include all emergency care provided by public hospitals. This may affect comparability of results for regional and remote areas"
Table4,2023-24,Vic,SA3,21704,Warrnambool,Inner regional,All persons,,TC4+5,Estimated resident population,53516,,
Table4,2024-25,,NAT,001NAT,National,National,All persons,All-hours,TC4+5,"All-hours lower urgency ED, per 1,000 population, age-standardised",104.7,,
Table4,2024-25,,NAT,001NAT,National,National,All persons,In-hours,TC4+5,"In-hours lower urgency ED, per 1,000 population, age-standardised",57.3,,
Table4,2024-25,,NAT,001NAT,National,National,All persons,After-hours,TC4+5,"After-hours lower urgency ED, per 1,000 population, age-standardised",47.4,,
Table4,2024-25,,NAT,001NAT,National,National,All persons,All-hours,TC4+5,Number all-hours lower urgency ED,2765074,,
Table4,2024-25,,NAT,001NAT,National,National,All persons,All-hours,All,Number total ED,9094312,,
Table4,2024-25,,NAT,001NAT,National,National,All persons,,TC4+5,Estimated resident population,27194369,,
Table4,2024-25,Vic,SA3,20101,Ballarat,Inner regional,All persons,All-hours,TC4+5,"All-hours lower urgency ED, per 1,000 population, age-standardised",105,#,"Interpret with caution - Results only include data for formal public EDs, so does not include all emergency care provided by public hospitals. This may affect comparability of results for regional and remote areas"
Table4,2024-25,Vic,SA3,20101,Ballarat,Inner regional,All persons,In-hours,TC4+5,"In-hours lower urgency ED, per 1,000 population, age-standardised",56.4,#,"Interpret with caution - Results only include data for formal public EDs, so does not include all emergency care provided by public hospitals. This may affect comparability of results for regional and remote areas"
Table4,2024-25,Vic,SA3,20101,Ballarat,Inner regional,All persons,After-hours,TC4+5,"After-hours lower urgency ED, per 1,000 population, age-standardised",48.6,#,"Interpret with caution - Results only include data for formal public EDs, so does not include all emergency care provided by public hospitals. This may affect comparability of results for regional and remote areas"
Table4,2024-25,Vic,SA3,20101,Ballarat,Inner regional,All persons,All-hours,TC4+5,Number all-hours lower urgency ED,12473,#,"Interpret with caution - Results only include data for formal public EDs, so does not include all emergency care provided by public hospitals. This may affect comparability of results for regional and remote areas"
Table4,2024-25,Vic,SA3,20101,Ballarat,Inner regional,All persons,All-hours,All,Number total ED,41846,#,"Interpret with caution - Results only include data for formal public EDs, so does not include all emergency care provided by public hospitals. This may affect comparability of results for regional and remote areas"
Table4,2024-25,Vic,SA3,20101,Ballarat,Inner regional,All persons,,TC4+5,Estimated resident population,123562,,
Table4,2024-25,Vic,SA3,20102,Creswick - Daylesford - Ballan,Inner regional,All persons,All-hours,TC4+5,"All-hours lower urgency ED, per 1,000 population, age-standardised",66.2,#,"Interpret with caution - Results only include data for formal public EDs, so does not include all emergency care provided by public hospitals. This may affect comparability of results for regional and remote areas"
Table4,2024-25,Vic,SA3,20102,Creswick - Daylesford - Ballan,Inner regional,All persons,In-hours,TC4+5,"In-hours lower urgency ED, per 1,000 population, age-standardised",36.3,#,"Interpret with caution - Results only include data for formal public EDs, so does not include all emergency care provided by public hospitals. This may affect comparability of results for regional and remote areas"
Table4,2024-25,Vic,SA3,20102,Creswick - Daylesford - Ballan,Inner regional,All persons,After-hours,TC4+5,"After-hours lower urgency ED, per 1,000 population, age-standardised",29.9,#,"Interpret with caution - Results only include data for formal public EDs, so does not include all emergency care provided by public hospitals. This may affect comparability of results for regional and remote areas"
Table4,2024-25,Vic,SA3,20102,Creswick - Daylesford - Ballan,Inner regional,All persons,All-hours,TC4+5,Number all-hours lower urgency ED,1802,#,"Interpret with caution - Results only include data for formal public EDs, so does not include all emergency care provided by public hospitals. This may affect comparability of results for regional and remote areas"
Table4,2024-25,Vic,SA3,20102,Creswick - Daylesford - Ballan,Inner regional,All persons,All-hours,All,Number total ED,7038,#,"Interpret with caution - Results only include data for formal public EDs, so does not include all emergency care provided by public hospitals. This may affect comparability of results for regional and remote areas"
Table4,2024-25,Vic,SA3,20102,Creswick - Daylesford - Ballan,Inner regional,All persons,,TC4+5,Estimated resident population,31498,,
Table4,2024-25,Vic,SA3,20103,Maryborough - Pyrenees,Inner regional,All persons,All-hours,TC4+5,"All-hours lower urgency ED, per 1,000 population, age-standardised",60.5,#,"Interpret with caution - Results only include data for formal public EDs, so does not include all emergency care provided by public hospitals. This may affect comparability of results for regional and remote areas"
Table4,2024-25,Vic,SA3,20103,Maryborough - Pyrenees,Inner regional,All persons,In-hours,TC4+5,"In-hours lower urgency ED, per 1,000 population, age-standardised",32.2,#,"Interpret with caution - Results only include data for formal public EDs, so does not include all emergency care provided by public hospitals. This may affect comparability of results for regional and remote areas"
Table4,2024-25,Vic,SA3,20103,Maryborough - Pyrenees,Inner regional,All persons,After-hours,TC4+5,"After-hours lower urgency ED, per 1,000 population, age-standardised",28.3,#,"Interpret with caution - Results only include data for formal public EDs, so does not include all emergency care provided by public hospitals. This may affect comparability of results for regional and remote areas"
Table4,2024-25,Vic,SA3,20103,Maryborough - Pyrenees,Inner regional,All persons,All-hours,TC4+5,Number all-hours lower urgency ED,1394,#,"Interpret with caution - Results only include data for formal public EDs, so does not include all emergency care provided by public hospitals. This may affect comparability of results for regional and remote areas"
Table4,2024-25,Vic,SA3,20103,Maryborough - Pyrenees,Inner regional,All persons,All-hours,All,Number total ED,6022,#,"Interpret with caution - Results only include data for formal public EDs, so does not include all emergency care provided by public hospitals. This may affect comparability of results for regional and remote areas"
Table4,2024-25,Vic,SA3,20103,Maryborough - Pyrenees,Inner regional,All persons,,TC4+5,Estimated resident population,27400,,
Table4,2024-25,Vic,SA3,20301,Barwon - West,Inner regional,All persons,All-hours,TC4+5,"All-hours lower urgency ED, per 1,000 population, age-standardised",44.6,#,"Interpret with caution - Results only include data for formal public EDs, so does not include all emergency care provided by public hospitals. This may affect comparability of results for regional and remote areas"
Table4,2024-25,Vic,SA3,20301,Barwon - West,Inner regional,All persons,In-hours,TC4+5,"In-hours lower urgency ED, per 1,000 population, age-standardised",24,#,"Interpret with caution - Results only include data for formal public EDs, so does not include all emergency care provided by public hospitals. This may affect comparability of results for regional and remote areas"
Table4,2024-25,Vic,SA3,20301,Barwon - West,Inner regional,All persons,After-hours,TC4+5,"After-hours lower urgency ED, per 1,000 population, age-standardised",20.7,#,"Interpret with caution - Results only include data for formal public EDs, so does not include all emergency care provided by public hospitals. This may affect comparability of results for regional and remote areas"
Table4,2024-25,Vic,SA3,20301,Barwon - West,Inner regional,All persons,All-hours,TC4+5,Number all-hours lower urgency ED,1047,#,"Interpret with caution - Results only include data for formal public EDs, so does not include all emergency care provided by public hospitals. This may affect comparability of results for regional and remote areas"
Table4,2024-25,Vic,SA3,20301,Barwon - West,Inner regional,All persons,All-hours,All,Number total ED,4583,#,"Interpret with caution - Results only include data for formal public EDs, so does not include all emergency care provided by public hospitals. This may affect comparability of results for regional and remote areas"
Table4,2024-25,Vic,SA3,20301,Barwon - West,Inner regional,All persons,,TC4+5,Estimated resident population,24016,,
Table4,2024-25,Vic,SA3,20302,Geelong,Major cities - medium socioeconomic areas,All persons,All-hours,TC4+5,"All-hours lower urgency ED, per 1,000 population, age-standardised",58.3,,
Table4,2024-25,Vic,SA3,20302,Geelong,Major cities - medium socioeconomic areas,All persons,In-hours,TC4+5,"In-hours lower urgency ED, per 1,000 population, age-standardised",29.4,,
Table4,2024-25,Vic,SA3,20302,Geelong,Major cities - medium socioeconomic areas,All persons,After-hours,TC4+5,"After-hours lower urgency ED, per 1,000 population, age-standardised",29,,
Table4,2024-25,Vic,SA3,20302,Geelong,Major cities - medium socioeconomic areas,All persons,All-hours,TC4+5,Number all-hours lower urgency ED,12527,,
Table4,2024-25,Vic,SA3,20302,Geelong,Major cities - medium socioeconomic areas,All persons,All-hours,All,Number total ED,57297,,
Table4,2024-25,Vic,SA3,20302,Geelong,Major cities - medium socioeconomic areas,All persons,,TC4+5,Estimated resident population,223939,,
Table4,2024-25,Vic,SA3,20303,Surf Coast - Bellarine Peninsula,Inner regional,All persons,All-hours,TC4+5,"All-hours lower urgency ED, per 1,000 population, age-standardised",49.3,#,"Interpret with caution - Results only include data for formal public EDs, so does not include all emergency care provided by public hospitals. This may affect comparability of results for regional and remote areas"
Table4,2024-25,Vic,SA3,20303,Surf Coast - Bellarine Peninsula,Inner regional,All persons,In-hours,TC4+5,"In-hours lower urgency ED, per 1,000 population, age-standardised",25.9,#,"Interpret with caution - Results only include data for formal public EDs, so does not include all emergency care provided by public hospitals. This may affect comparability of results for regional and remote areas"
Table4,2024-25,Vic,SA3,20303,Surf Coast - Bellarine Peninsula,Inner regional,All persons,After-hours,TC4+5,"After-hours lower urgency ED, per 1,000 population, age-standardised",23.3,#,"Interpret with caution - Results only include data for formal public EDs, so does not include all emergency care provided by public hospitals. This may affect comparability of results for regional and remote areas"
Table4,2024-25,Vic,SA3,20303,Surf Coast - Bellarine Peninsula,Inner regional,All persons,All-hours,TC4+5,Number all-hours lower urgency ED,4416,#,"Interpret with caution - Results only include data for formal public EDs, so does not include all emergency care provided by public hospitals. This may affect comparability of results for regional and remote areas"
Table4,2024-25,Vic,SA3,20303,Surf Coast - Bellarine Peninsula,Inner regional,All persons,All-hours,All,Number total ED,19456,#,"Interpret with caution - Results only include data for formal public EDs, so does not include all emergency care provided by public hospitals. This may affect comparability of results for regional and remote areas"
Table4,2024-25,Vic,SA3,20303,Surf Coast - Bellarine Peninsula,Inner regional,All persons,,TC4+5,Estimated resident population,101887,,
Table4,2024-25,Vic,SA3,21501,Grampians,Outer regional,All persons,All-hours,TC4+5,"All-hours lower urgency ED, per 1,000 population, age-standardised",138.9,#,"Interpret with caution - Results only include data for formal public EDs, so does not include all emergency care provided by public hospitals. This may affect comparability of results for regional and remote areas"
Table4,2024-25,Vic,SA3,21501,Grampians,Outer regional,All persons,In-hours,TC4+5,"In-hours lower urgency ED, per 1,000 population, age-standardised",79.9,#,"Interpret with caution - Results only include data for formal public EDs, so does not include all emergency care provided by public hospitals. This may affect comparability of results for regional and remote areas"
Table4,2024-25,Vic,SA3,21501,Grampians,Outer regional,All persons,After-hours,TC4+5,"After-hours lower urgency ED, per 1,000 population, age-standardised",59,#,"Interpret with caution - Results only include data for formal public EDs, so does not include all emergency care provided by public hospitals. This may affect comparability of results for regional and remote areas"
Table4,2024-25,Vic,SA3,21501,Grampians,Outer regional,All persons,All-hours,TC4+5,Number all-hours lower urgency ED,7619,#,"Interpret with caution - Results only include data for formal public EDs, so does not include all emergency care provided by public hospitals. This may affect comparability of results for regional and remote areas"
Table4,2024-25,Vic,SA3,21501,Grampians,Outer regional,All persons,All-hours,All,Number total ED,20371,#,"Interpret with caution - Results only include data for formal public EDs, so does not include all emergency care provided by public hospitals. This may affect comparability of results for regional and remote areas"
Table4,2024-25,Vic,SA3,21501,Grampians,Outer regional,All persons,,TC4+5,Estimated resident population,59413,,
Table4,2024-25,Vic,SA3,21701,Glenelg - Southern Grampians,Outer regional,All persons,All-hours,TC4+5,"All-hours lower urgency ED, per 1,000 population, age-standardised",189.9,#,"Interpret with caution - Results only include data for formal public EDs, so does not include all emergency care provided by public hospitals. This may affect comparability of results for regional and remote areas"
Table4,2024-25,Vic,SA3,21701,Glenelg - Southern Grampians,Outer regional,All persons,In-hours,TC4+5,"In-hours lower urgency ED, per 1,000 population, age-standardised",114.5,#,"Interpret with caution - Results only include data for formal public EDs, so does not include all emergency care provided by public hospitals. This may affect comparability of results for regional and remote areas"
Table4,2024-25,Vic,SA3,21701,Glenelg - Southern Grampians,Outer regional,All persons,After-hours,TC4+5,"After-hours lower urgency ED, per 1,000 population, age-standardised",75.4,#,"Interpret with caution - Results only include data for formal public EDs, so does not include all emergency care provided by public hospitals. This may affect comparability of results for regional and remote areas"
Table4,2024-25,Vic,SA3,21701,Glenelg - Southern Grampians,Outer regional,All persons,All-hours,TC4+5,Number all-hours lower urgency ED,6355,#,"Interpret with caution - Results only include data for formal public EDs, so does not include all emergency care provided by public hospitals. This may affect comparability of results for regional and remote areas"
Table4,2024-25,Vic,SA3,21701,Glenelg - Southern Grampians,Outer regional,All persons,All-hours,All,Number total ED,13505,#,"Interpret with caution - Results only include data for formal public EDs, so does not include all emergency care provided by public hospitals. This may affect comparability of results for regional and remote areas"
Table4,2024-25,Vic,SA3,21701,Glenelg - Southern Grampians,Outer regional,All persons,,TC4+5,Estimated resident population,36591,,
Table4,2024-25,Vic,SA3,21703,Colac - Corangamite,Inner regional,All persons,All-hours,TC4+5,"All-hours lower urgency ED, per 1,000 population, age-standardised",34.7,#,"Interpret with caution - Results only include data for formal public EDs, so does not include all emergency care provided by public hospitals. This may affect comparability of results for regional and remote areas"
Table4,2024-25,Vic,SA3,21703,Colac - Corangamite,Inner regional,All persons,In-hours,TC4+5,"In-hours lower urgency ED, per 1,000 population, age-standardised",18.5,#,"Interpret with caution - Results only include data for formal public EDs, so does not include all emergency care provided by public hospitals. This may affect comparability of results for regional and remote areas"
Table4,2024-25,Vic,SA3,21703,Colac - Corangamite,Inner regional,All persons,After-hours,TC4+5,"After-hours lower urgency ED, per 1,000 population, age-standardised",16.2,#,"Interpret with caution - Results only include data for formal public EDs, so does not include all emergency care provided by public hospitals. This may affect comparability of results for regional and remote areas"
Table4,2024-25,Vic,SA3,21703,Colac - Corangamite,Inner regional,All persons,All-hours,TC4+5,Number all-hours lower urgency ED,1154,#,"Interpret with caution - Results only include data for formal public EDs, so does not include all emergency care provided by public hospitals. This may affect comparability of results for regional and remote areas"
Table4,2024-25,Vic,SA3,21703,Colac - Corangamite,Inner regional,All persons,All-hours,All,Number total ED,5235,#,"Interpret with caution - Results only include data for formal public EDs, so does not include all emergency care provided by public hospitals. This may affect comparability of results for regional and remote areas"
Table4,2024-25,Vic,SA3,21703,Colac - Corangamite,Inner regional,All persons,,TC4+5,Estimated resident population,38110,,
Table4,2024-25,Vic,SA3,21704,Warrnambool,Inner regional,All persons,All-hours,TC4+5,"All-hours lower urgency ED, per 1,000 population, age-standardised",155.7,#,"Interpret with caution - Results only include data for formal public EDs, so does not include all emergency care provided by public hospitals. This may affect comparability of results for regional and remote areas"
Table4,2024-25,Vic,SA3,21704,Warrnambool,Inner regional,All persons,In-hours,TC4+5,"In-hours lower urgency ED, per 1,000 population, age-standardised",84.4,#,"Interpret with caution - Results only include data for formal public EDs, so does not include all emergency care provided by public hospitals. This may affect comparability of results for regional and remote areas"
Table4,2024-25,Vic,SA3,21704,Warrnambool,Inner regional,All persons,After-hours,TC4+5,"After-hours lower urgency ED, per 1,000 population, age-standardised",71.3,#,"Interpret with caution - Results only include data for formal public EDs, so does not include all emergency care provided by public hospitals. This may affect comparability of results for regional and remote areas"
Table4,2024-25,Vic,SA3,21704,Warrnambool,Inner regional,All persons,All-hours,TC4+5,Number all-hours lower urgency ED,7865,#,"Interpret with caution - Results only include data for formal public EDs, so does not include all emergency care provided by public hospitals. This may affect comparability of results for regional and remote areas"
Table4,2024-25,Vic,SA3,21704,Warrnambool,Inner regional,All persons,All-hours,All,Number total ED,21946,#,"Interpret with caution - Results only include data for formal public EDs, so does not include all emergency care provided by public hospitals. This may affect comparability of results for regional and remote areas"
Table4,2024-25,Vic,SA3,21704,Warrnambool,Inner regional,All persons,,TC4+5,Estimated resident population,53856,,
