measure_id,episode_id,measure,collection_occasion,collection_date,score
M0000001,E000002,K10+,Episode start,2025-01-05,21
M0000002,E000002,K10+,Episode end,2025-04-21,20
M0000003,E000003,K10+,Episode end,2025-05-04,29
M0000004,E000005,K10+,Episode start,2025-01-11,38
M0000005,E000006,K10+,Episode start,2025-01-15,41
M0000006,E000006,K10+,Episode end,2025-04-27,40
M0000007,E000007,K10+,Episode start,2025-01-04,37
M0000008,E000007,K10+,Episode end,2025-06-09,26
M0000009,E000009,K10+,Episode start,2025-01-10,24
M0000010,E000009,K10+,Episode end,2025-03-01,21
M0000011,E000011,K10+,Episode start,2025-01-16,29
M0000012,E000012,K10+,Episode start,2025-01-09,22
M0000013,E000012,K10+,Episode end,2025-06-25,29
M0000014,E000013,K10+,Episode start,2025-02-23,19
M0000015,E000013,K10+,Episode end,2025-08-19,10
M0000016,E000014,K10+,Episode start,2025-01-15,20
M0000017,E000014,K10+,Episode end,2025-03-27,24
M0000018,E000015,K10+,Episode start,2025-01-11,24
M0000019,E000015,K10+,Episode end,2025-03-05,17
M0000020,E000016,K10+,Episode end,2025-04-27,20
M0000021,E000017,K10+,Episode start,2025-01-17,34
M0000022,E000017,K10+,Episode end,2025-10-25,29
M0000023,E000018,K10+,Episode start,2025-01-06,37
M0000024,E000018,K10+,Episode end,2025-03-13,25
M0000025,E000019,K10+,Episode start,2025-01-08,39
M0000026,E000019,K10+,Episode end,2025-02-23,25
M0000027,E000020,K10+,Episode start,2025-02-02,34
M0000028,E000020,K10+,Episode end,2025-04-10,26
M0000029,E000021,K10+,Episode start,2025-01-06,37
M0000030,E000021,K10+,Episode end,2025-03-15,30
M0000031,E000022,K10+,Episode start,2025-01-10,24
M0000032,E000022,K10+,Episode end,2025-05-26,19
M0000033,E000023,K10+,Episode start,2025-01-30,35
M0000034,E000023,K10+,Episode end,2025-07-26,18
M0000035,E000024,K10+,Episode start,2025-01-20,30
M0000036,E000024,K10+,Episode end,2025-09-16,26
M0000037,E000025,K10+,Episode start,2025-01-19,41
M0000038,E000025,K10+,Episode end,2025-04-06,38
M0000039,E000026,K10+,Episode start,2025-02-03,22
M0000040,E000026,K10+,Episode end,2025-08-02,17
M0000041,E000027,K10+,Episode start,2025-01-17,37
M0000042,E000027,K10+,Episode end,2025-07-08,33
M0000043,E000028,K10+,Episode start,2025-01-10,31
M0000044,E000028,K10+,Episode end,2025-03-26,26
M0000045,E000029,K10+,Episode start,2025-01-11,33
M0000046,E000029,K10+,Episode end,2025-04-02,28
M0000047,E000030,K10+,Episode start,2025-02-06,29
M0000048,E000030,K10+,Episode end,2025-04-19,18
M0000049,E000031,K10+,Episode start,2025-01-14,23
M0000050,E000031,K10+,Episode end,2025-09-30,22
M0000051,E000032,SDQ,Episode start,2025-01-23,17
M0000052,E000032,SDQ,Episode end,2025-03-24,16
M0000053,E000033,K10+,Episode start,2025-02-12,29
M0000054,E000033,K10+,Episode end,2025-06-06,14
M0000055,E000034,K10+,Episode start,2025-01-20,37
M0000056,E000034,K10+,Episode end,2025-05-07,27
M0000057,E000035,K10+,Episode start,2025-01-16,41
M0000058,E000036,K10+,Episode start,2025-01-18,30
M0000059,E000036,K10+,Episode end,2025-04-27,27
M0000060,E000037,K10+,Episode start,2025-01-17,36
M0000061,E000038,K10+,Episode start,2025-01-13,25
M0000062,E000038,K10+,Episode end,2025-05-17,19
M0000063,E000040,K10+,Episode start,2025-01-17,28
M0000064,E000040,K10+,Episode end,2025-02-25,33
M0000065,E000042,K10+,Episode end,2025-06-28,14
M0000066,E000043,K10+,Episode start,2025-01-31,26
M0000067,E000043,K10+,Episode end,2025-05-04,28
M0000068,E000045,K10+,Episode start,2025-02-06,31
M0000069,E000046,K10+,Episode start,2025-01-24,30
M0000070,E000046,K10+,Episode end,2025-04-17,19
M0000071,E000047,K10+,Episode start,2025-01-21,26
M0000072,E000048,K10+,Episode start,2025-01-19,40
M0000073,E000048,K10+,Episode end,2025-02-15,37
M0000074,E000049,K10+,Episode end,2025-04-18,26
M0000075,E000050,K10+,Episode start,2025-01-20,26
M0000076,E000051,K10+,Episode start,2025-01-30,31
M0000077,E000051,K10+,Episode end,2025-04-07,23
M0000078,E000052,SDQ,Episode start,2025-02-03,14
M0000079,E000052,SDQ,Episode end,2025-04-28,16
M0000080,E000053,K10+,Episode start,2025-01-16,17
M0000081,E000053,K10+,Episode end,2025-03-26,25
M0000082,E000054,K10+,Episode start,2025-01-30,29
M0000083,E000054,K10+,Episode end,2025-04-07,14
M0000084,E000055,K10+,Episode start,2025-01-22,29
M0000085,E000055,K10+,Episode end,2025-07-06,21
M0000086,E000056,K10+,Episode start,2025-02-11,25
M0000087,E000056,K10+,Episode end,2025-06-02,23
M0000088,E000057,K10+,Episode start,2025-01-27,33
M0000089,E000057,K10+,Episode end,2025-05-08,24
M0000090,E000058,K10+,Episode start,2025-01-19,31
M0000091,E000059,K10+,Episode start,2025-01-22,34
M0000092,E000059,K10+,Episode end,2025-07-21,32
M0000093,E000060,K10+,Episode start,2025-01-17,24
M0000094,E000060,K10+,Episode end,2025-07-25,16
M0000095,E000061,K10+,Episode end,2025-05-21,26
M0000096,E000062,K10+,Episode start,2025-01-29,47
M0000097,E000062,K10+,Episode end,2025-04-06,44
M0000098,E000064,SDQ,Episode start,2025-02-17,17
M0000099,E000064,SDQ,Episode end,2025-05-18,12
M0000100,E000065,K10+,Episode start,2025-01-25,34
M0000101,E000065,K10+,Episode end,2025-07-10,29
M0000102,E000066,K10+,Episode start,2025-02-01,37
M0000103,E000066,K10+,Episode end,2025-06-15,36
M0000104,E000068,K10+,Episode start,2025-01-24,41
M0000105,E000068,K10+,Episode end,2025-03-21,36
M0000106,E000069,K10+,Episode start,2025-01-20,27
M0000107,E000069,K10+,Episode end,2025-04-15,26
M0000108,E000070,K10+,Episode end,2025-05-06,39
M0000109,E000071,K10+,Episode start,2025-01-27,25
M0000110,E000071,K10+,Episode end,2025-06-04,10
M0000111,E000072,K10+,Episode start,2025-02-01,26
M0000112,E000072,K10+,Episode end,2025-03-27,14
M0000113,E000073,K10+,Episode start,2025-01-26,33
M0000114,E000073,K10+,Episode end,2025-04-01,29
M0000115,E000074,K10+,Episode start,2025-01-28,40
M0000116,E000074,K10+,Episode end,2025-06-15,28
M0000117,E000075,K10+,Episode start,2025-01-24,26
M0000118,E000075,K10+,Episode end,2025-05-18,27
M0000119,E000076,K10+,Episode start,2025-01-27,43
M0000120,E000076,K10+,Episode end,2025-07-13,38
M0000121,E000077,K10+,Episode start,2025-01-24,29
M0000122,E000077,K10+,Episode end,2025-05-16,27
M0000123,E000078,K10+,Episode start,2025-01-30,28
M0000124,E000080,K10+,Episode end,2025-08-02,19
M0000125,E000081,K10+,Episode start,2025-01-29,34
M0000126,E000081,K10+,Episode end,2025-03-25,33
M0000127,E000082,K10+,Episode start,2025-01-24,23
M0000128,E000082,K10+,Episode end,2025-04-15,21
M0000129,E000083,K10+,Episode end,2025-03-05,12
M0000130,E000084,K10+,Episode start,2025-02-07,33
M0000131,E000084,K10+,Episode end,2025-03-06,21
M0000132,E000086,K10+,Episode start,2025-01-28,42
M0000133,E000086,K10+,Episode end,2025-05-24,37
M0000134,E000087,K10+,Episode start,2025-01-31,28
M0000135,E000087,K10+,Episode end,2025-04-20,33
M0000136,E000088,K10+,Episode start,2025-01-29,32
M0000137,E000089,K10+,Episode start,2025-02-10,35
M0000138,E000089,K10+,Episode end,2025-08-21,32
M0000139,E000090,K10+,Episode start,2025-01-29,24
M0000140,E000090,K10+,Episode end,2025-05-26,11
M0000141,E000091,K10+,Episode start,2025-02-12,21
M0000142,E000092,K10+,Episode start,2025-01-28,35
M0000143,E000092,K10+,Episode end,2025-04-11,27
M0000144,E000094,K10+,Episode start,2025-02-07,29
M0000145,E000094,K10+,Episode end,2025-07-25,21
M0000146,E000095,K10+,Episode start,2025-02-01,33
M0000147,E000095,K10+,Episode end,2025-09-17,22
M0000148,E000096,K10+,Episode start,2025-02-11,25
M0000149,E000096,K10+,Episode end,2025-06-14,19
M0000150,E000097,K10+,Episode start,2025-02-04,26
M0000151,E000097,K10+,Episode end,2025-06-01,16
M0000152,E000098,K10+,Episode start,2025-01-29,31
M0000153,E000098,K10+,Episode end,2025-06-30,20
M0000154,E000099,K10+,Episode start,2025-02-03,43
M0000155,E000100,K10+,Episode start,2025-02-05,26
M0000156,E000101,SDQ,Episode start,2025-02-19,18
M0000157,E000101,SDQ,Episode end,2025-07-20,11
M0000158,E000102,K10+,Episode start,2025-01-31,32
M0000159,E000103,K10+,Episode start,2025-01-31,32
M0000160,E000103,K10+,Episode end,2025-04-28,23
M0000161,E000104,K10+,Episode start,2025-02-11,33
M0000162,E000104,K10+,Episode end,2025-09-20,30
M0000163,E000106,K10+,Episode start,2025-01-30,44
M0000164,E000107,K10+,Episode start,2025-02-01,34
M0000165,E000107,K10+,Episode end,2025-07-04,21
M0000166,E000108,K10+,Episode start,2025-02-08,37
M0000167,E000109,K10+,Episode start,2025-02-07,36
M0000168,E000109,K10+,Episode end,2025-06-19,26
M0000169,E000110,K10+,Episode start,2025-02-03,37
M0000170,E000110,K10+,Episode end,2025-05-18,17
M0000171,E000111,K10+,Episode start,2025-02-04,27
M0000172,E000111,K10+,Episode end,2025-05-16,25
M0000173,E000112,K10+,Episode start,2025-02-09,44
M0000174,E000113,K10+,Episode start,2025-01-31,26
M0000175,E000113,K10+,Episode end,2025-04-08,16
M0000176,E000114,K10+,Episode start,2025-02-03,33
M0000177,E000114,K10+,Episode end,2025-08-05,31
M0000178,E000115,K10+,Episode start,2025-03-03,37
M0000179,E000115,K10+,Episode end,2025-07-20,20
M0000180,E000116,K10+,Episode start,2025-02-04,28
M0000181,E000116,K10+,Episode end,2025-03-27,29
M0000182,E000117,K10+,Episode start,2025-02-10,31
M0000183,E000117,K10+,Episode end,2025-08-19,27
M0000184,E000118,K10+,Episode start,2025-02-12,31
M0000185,E000118,K10+,Episode end,2025-04-24,27
M0000186,E000119,K10+,Episode end,2025-04-19,21
M0000187,E000121,K10+,Episode start,2025-02-02,36
M0000188,E000123,K10+,Episode start,2025-02-20,30
M0000189,E000123,K10+,Episode end,2025-06-23,27
M0000190,E000124,K10+,Episode start,2025-02-13,37
M0000191,E000124,K10+,Episode end,2025-04-08,32
M0000192,E000125,K10+,Episode start,2025-02-04,31
M0000193,E000125,K10+,Episode end,2025-04-10,18
M0000194,E000126,K10+,Episode start,2025-02-24,29
M0000195,E000126,K10+,Episode end,2025-06-07,29
M0000196,E000127,K10+,Episode start,2025-02-11,34
M0000197,E000127,K10+,Episode end,2025-06-14,26
M0000198,E000128,K10+,Episode start,2025-02-19,35
M0000199,E000128,K10+,Episode end,2025-05-21,28
M0000200,E000129,K10+,Episode start,2025-02-04,23
M0000201,E000129,K10+,Episode end,2025-07-04,25
M0000202,E000130,K10+,Episode start,2025-02-09,30
M0000203,E000131,K10+,Episode end,2025-06-26,16
M0000204,E000132,K10+,Episode start,2025-02-16,35
M0000205,E000132,K10+,Episode end,2025-06-08,26
M0000206,E000133,K10+,Episode start,2025-02-11,21
M0000207,E000133,K10+,Episode end,2025-03-25,12
M0000208,E000134,K10+,Episode start,2025-02-10,38
M0000209,E000134,K10+,Episode end,2025-05-06,35
M0000210,E000135,K10+,Episode start,2025-02-09,21
M0000211,E000136,K10+,Episode start,2025-02-17,33
M0000212,E000136,K10+,Episode end,2025-07-07,28
M0000213,E000137,SDQ,Episode start,2025-02-18,25
M0000214,E000137,SDQ,Episode end,2025-04-13,22
M0000215,E000138,K10+,Episode start,2025-02-05,34
M0000216,E000138,K10+,Episode end,2025-04-20,26
M0000217,E000139,K10+,Episode start,2025-02-10,31
M0000218,E000140,K10+,Episode start,2025-02-12,33
M0000219,E000140,K10+,Episode end,2025-06-06,34
M0000220,E000141,K10+,Episode start,2025-02-20,32
M0000221,E000141,K10+,Episode end,2025-07-05,38
M0000222,E000142,K10+,Episode start,2025-02-09,35
M0000223,E000142,K10+,Episode end,2025-04-29,32
M0000224,E000143,K10+,Episode start,2025-02-12,28
M0000225,E000143,K10+,Episode end,2025-09-13,19
M0000226,E000144,K10+,Episode start,2025-02-18,29
M0000227,E000144,K10+,Episode end,2025-04-16,37
M0000228,E000145,K10+,Episode start,2025-02-11,40
M0000229,E000145,K10+,Episode end,2025-07-03,34
M0000230,E000146,K10+,Episode start,2025-02-23,26
M0000231,E000146,K10+,Episode end,2025-05-15,30
M0000232,E000147,K10+,Episode start,2025-02-15,36
M0000233,E000147,K10+,Episode end,2025-05-30,35
M0000234,E000148,SDQ,Episode start,2025-02-09,26
M0000235,E000148,SDQ,Episode end,2025-06-22,26
M0000236,E000149,K10+,Episode start,2025-02-08,37
M0000237,E000150,K10+,Episode start,2025-02-10,36
M0000238,E000150,K10+,Episode end,2025-05-25,28
M0000239,E000151,K10+,Episode start,2025-03-02,30
M0000240,E000151,K10+,Episode end,2025-04-27,27
M0000241,E000152,K10+,Episode start,2025-02-13,33
M0000242,E000152,K10+,Episode end,2025-05-28,21
M0000243,E000154,K10+,Episode start,2025-02-24,42
M0000244,E000154,K10+,Episode end,2025-06-06,30
M0000245,E000156,K10+,Episode start,2025-02-14,36
M0000246,E000157,K10+,Episode start,2025-02-11,26
M0000247,E000157,K10+,Episode end,2025-04-03,25
M0000248,E000158,K10+,Episode start,2025-03-16,31
M0000249,E000159,K10+,Episode start,2025-02-12,38
M0000250,E000159,K10+,Episode end,2025-04-30,37
M0000251,E000160,K10+,Episode end,2025-06-11,34
M0000252,E000161,K10+,Episode start,2025-03-08,28
M0000253,E000162,K10+,Episode start,2025-02-23,31
M0000254,E000162,K10+,Episode end,2025-06-22,20
M0000255,E000163,K10+,Episode start,2025-02-24,33
M0000256,E000163,K10+,Episode end,2025-06-17,29
M0000257,E000164,K10+,Episode start,2025-02-14,37
M0000258,E000164,K10+,Episode end,2025-04-22,37
M0000259,E000165,K10+,Episode start,2025-02-23,20
M0000260,E000165,K10+,Episode end,2025-10-03,13
M0000261,E000166,K10+,Episode start,2025-03-14,37
M0000262,E000167,K10+,Episode start,2025-02-16,30
M0000263,E000167,K10+,Episode end,2025-04-16,20
M0000264,E000168,K10+,Episode start,2025-02-18,26
M0000265,E000168,K10+,Episode end,2025-05-26,23
M0000266,E000169,K10+,Episode start,2025-02-14,27
M0000267,E000169,K10+,Episode end,2025-04-06,21
M0000268,E000170,K10+,Episode start,2025-02-25,25
M0000269,E000170,K10+,Episode end,2025-07-10,26
M0000270,E000171,K10+,Episode end,2025-05-01,37
M0000271,E000173,K10+,Episode start,2025-02-12,18
M0000272,E000173,K10+,Episode end,2025-06-10,10
M0000273,E000174,K10+,Episode start,2025-02-20,33
M0000274,E000174,K10+,Episode end,2025-05-25,32
M0000275,E000175,K10+,Episode start,2025-02-12,30
M0000276,E000175,K10+,Episode end,2025-08-29,21
M0000277,E000177,K10+,Episode start,2025-02-16,29
M0000278,E000177,K10+,Episode end,2025-04-25,24
M0000279,E000180,K10+,Episode start,2025-02-16,39
M0000280,E000180,K10+,Episode end,2025-05-07,35
M0000281,E000181,K10+,Episode start,2025-02-14,33
M0000282,E000181,K10+,Episode end,2025-03-23,30
M0000283,E000182,K10+,Episode start,2025-02-26,23
M0000284,E000182,K10+,Episode end,2025-04-21,14
M0000285,E000183,K10+,Episode start,2025-02-25,39
M0000286,E000183,K10+,Episode end,2025-06-12,35
M0000287,E000184,K10+,Episode start,2025-02-22,39
M0000288,E000184,K10+,Episode end,2025-05-16,34
M0000289,E000186,K10+,Episode start,2025-02-20,26
M0000290,E000186,K10+,Episode end,2025-06-26,26
M0000291,E000187,K10+,Episode start,2025-02-23,25
M0000292,E000187,K10+,Episode end,2025-04-06,12
M0000293,E000188,K10+,Episode start,2025-03-01,36
M0000294,E000188,K10+,Episode end,2025-09-16,29
M0000295,E000189,K10+,Episode start,2025-02-21,32
M0000296,E000189,K10+,Episode end,2025-04-11,29
M0000297,E000190,K10+,Episode end,2025-06-15,21
M0000298,E000191,K10+,Episode start,2025-04-01,26
M0000299,E000191,K10+,Episode end,2025-07-23,16
M0000300,E000192,K10+,Episode start,2025-02-21,34
M0000301,E000192,K10+,Episode end,2025-04-25,23
M0000302,E000193,K10+,Episode start,2025-02-19,34
M0000303,E000193,K10+,Episode end,2025-05-22,34
M0000304,E000194,K10+,Episode start,2025-02-22,32
M0000305,E000194,K10+,Episode end,2025-04-03,29
M0000306,E000195,K10+,Episode start,2025-03-01,36
M0000307,E000195,K10+,Episode end,2025-04-16,28
M0000308,E000196,K10+,Episode start,2025-02-20,34
M0000309,E000197,K10+,Episode start,2025-02-18,23
M0000310,E000197,K10+,Episode end,2025-02-24,22
M0000311,E000198,K10+,Episode start,2025-02-19,27
M0000312,E000199,K10+,Episode start,2025-02-28,32
M0000313,E000199,K10+,Episode end,2025-07-04,23
M0000314,E000200,K10+,Episode start,2025-02-28,29
M0000315,E000200,K10+,Episode end,2025-08-21,26
M0000316,E000201,K10+,Episode start,2025-02-23,36
M0000317,E000201,K10+,Episode end,2025-05-19,44
M0000318,E000202,K10+,Episode start,2025-02-24,28
M0000319,E000202,K10+,Episode end,2025-04-15,22
M0000320,E000203,K10+,Episode start,2025-03-10,31
M0000321,E000203,K10+,Episode end,2025-05-05,27
M0000322,E000204,K10+,Episode start,2025-02-21,30
M0000323,E000204,K10+,Episode end,2025-08-05,26
M0000324,E000205,K10+,Episode start,2025-02-22,33
M0000325,E000206,K10+,Episode start,2025-03-03,36
M0000326,E000206,K10+,Episode end,2025-05-27,34
M0000327,E000207,K10+,Episode start,2025-02-20,34
M0000328,E000208,K10+,Episode end,2025-06-16,11
M0000329,E000209,K10+,Episode start,2025-02-19,34
M0000330,E000209,K10+,Episode end,2025-10-22,34
M0000331,E000211,K10+,Episode start,2025-02-23,25
M0000332,E000211,K10+,Episode end,2025-05-15,21
M0000333,E000212,K10+,Episode start,2025-02-25,34
M0000334,E000212,K10+,Episode end,2025-05-15,29
M0000335,E000213,K10+,Episode start,2025-02-22,36
M0000336,E000213,K10+,Episode end,2025-08-04,29
M0000337,E000214,K10+,Episode start,2025-03-03,28
M0000338,E000215,K10+,Episode start,2025-02-28,36
M0000339,E000216,K10+,Episode start,2025-02-22,28
M0000340,E000216,K10+,Episode end,2025-05-27,19
M0000341,E000217,K10+,Episode start,2025-03-19,30
M0000342,E000217,K10+,Episode end,2025-07-21,10
M0000343,E000218,K10+,Episode start,2025-02-26,24
M0000344,E000218,K10+,Episode end,2025-07-31,10
M0000345,E000219,K10+,Episode end,2025-04-30,10
M0000346,E000220,SDQ,Episode start,2025-02-23,19
M0000347,E000222,SDQ,Episode start,2025-02-28,24
M0000348,E000223,K10+,Episode start,2025-03-06,33
M0000349,E000224,K10+,Episode start,2025-03-09,32
M0000350,E000224,K10+,Episode end,2025-04-13,32
M0000351,E000225,K10+,Episode start,2025-03-21,30
M0000352,E000226,K10+,Episode start,2025-03-17,18
M0000353,E000226,K10+,Episode end,2025-08-24,15
M0000354,E000227,K10+,Episode end,2025-08-11,31
M0000355,E000228,K10+,Episode start,2025-02-27,31
M0000356,E000228,K10+,Episode end,2025-08-13,32
M0000357,E000229,SDQ,Episode start,2025-03-05,12
M0000358,E000229,SDQ,Episode end,2025-04-15,13
M0000359,E000231,K10+,Episode start,2025-03-08,23
M0000360,E000232,K10+,Episode start,2025-03-07,32
M0000361,E000233,K10+,Episode start,2025-03-09,26
M0000362,E000233,K10+,Episode end,2025-06-04,25
M0000363,E000234,K10+,Episode start,2025-03-02,24
M0000364,E000235,K10+,Episode start,2025-03-08,33
M0000365,E000235,K10+,Episode end,2025-06-01,32
M0000366,E000236,K10+,Episode start,2025-03-20,30
M0000367,E000236,K10+,Episode end,2025-06-28,17
M0000368,E000237,K10+,Episode start,2025-03-02,36
M0000369,E000237,K10+,Episode end,2025-06-08,34
M0000370,E000238,K10+,Episode start,2025-03-02,36
M0000371,E000238,K10+,Episode end,2025-04-23,28
M0000372,E000240,K10+,Episode end,2025-06-07,30
M0000373,E000241,K10+,Episode start,2025-03-18,29
M0000374,E000241,K10+,Episode end,2025-05-17,24
M0000375,E000242,K10+,Episode start,2025-03-18,40
M0000376,E000242,K10+,Episode end,2025-04-08,37
M0000377,E000244,K10+,Episode start,2025-03-01,30
M0000378,E000244,K10+,Episode end,2025-09-01,38
M0000379,E000245,K10+,Episode end,2025-04-30,20
M0000380,E000246,K10+,Episode start,2025-03-19,27
M0000381,E000246,K10+,Episode end,2025-07-27,16
M0000382,E000247,K10+,Episode start,2025-05-11,13
M0000383,E000247,K10+,Episode end,2025-08-06,10
M0000384,E000248,K10+,Episode start,2025-03-20,30
M0000385,E000248,K10+,Episode end,2025-06-16,23
M0000386,E000249,K10+,Episode start,2025-03-14,43
M0000387,E000249,K10+,Episode end,2025-05-05,30
M0000388,E000250,K10+,Episode start,2025-03-07,22
M0000389,E000250,K10+,Episode end,2025-05-13,15
M0000390,E000252,K10+,Episode start,2025-03-12,40
M0000391,E000252,K10+,Episode end,2025-06-05,28
M0000392,E000253,K10+,Episode start,2025-04-01,34
M0000393,E000253,K10+,Episode end,2025-07-24,23
M0000394,E000254,K10+,Episode start,2025-03-06,31
M0000395,E000254,K10+,Episode end,2025-08-04,24
M0000396,E000255,K10+,Episode start,2025-03-13,38
M0000397,E000255,K10+,Episode end,2025-05-09,36
M0000398,E000257,K10+,Episode start,2025-03-07,37
M0000399,E000257,K10+,Episode end,2025-07-05,35
M0000400,E000258,K10+,Episode start,2025-03-29,41
M0000401,E000258,K10+,Episode end,2025-05-19,31
M0000402,E000259,K10+,Episode start,2025-03-25,38
M0000403,E000259,K10+,Episode end,2025-05-09,26
M0000404,E000260,K10+,Episode start,2025-03-05,30
M0000405,E000260,K10+,Episode end,2025-05-03,34
M0000406,E000261,K10+,Episode start,2025-03-06,29
M0000407,E000261,K10+,Episode end,2025-06-17,28
M0000408,E000262,K10+,Episode start,2025-03-07,33
M0000409,E000262,K10+,Episode end,2025-09-09,19
M0000410,E000264,K10+,Episode start,2025-03-07,24
M0000411,E000264,K10+,Episode end,2025-04-29,26
M0000412,E000265,K10+,Episode start,2025-03-05,27
M0000413,E000265,K10+,Episode end,2025-04-23,24
M0000414,E000266,K10+,Episode start,2025-03-05,43
M0000415,E000266,K10+,Episode end,2025-09-12,36
M0000416,E000267,K10+,Episode end,2025-06-18,19
M0000417,E000268,K10+,Episode start,2025-03-09,24
M0000418,E000268,K10+,Episode end,2025-06-16,13
M0000419,E000269,K10+,Episode start,2025-03-11,29
M0000420,E000269,K10+,Episode end,2025-06-12,15
M0000421,E000270,K10+,Episode start,2025-03-08,39
M0000422,E000271,K10+,Episode start,2025-03-08,34
M0000423,E000271,K10+,Episode end,2025-05-28,17
M0000424,E000272,K10+,Episode start,2025-03-11,30
M0000425,E000272,K10+,Episode end,2025-06-25,30
M0000426,E000273,K10+,Episode start,2025-05-10,34
M0000427,E000273,K10+,Episode end,2025-06-23,19
M0000428,E000274,K10+,Episode start,2025-03-14,29
M0000429,E000274,K10+,Episode end,2025-05-27,23
M0000430,E000275,SDQ,Episode start,2025-03-17,21
M0000431,E000275,SDQ,Episode end,2025-06-08,19
M0000432,E000276,K10+,Episode start,2025-03-13,33
M0000433,E000276,K10+,Episode end,2025-07-22,25
M0000434,E000277,K10+,Episode start,2025-03-14,26
M0000435,E000277,K10+,Episode end,2025-06-23,19
M0000436,E000278,K10+,Episode start,2025-03-28,40
M0000437,E000279,K10+,Episode start,2025-03-09,32
M0000438,E000279,K10+,Episode end,2025-06-01,25
M0000439,E000280,K10+,Episode start,2025-03-15,44
M0000440,E000280,K10+,Episode end,2025-10-19,40
M0000441,E000281,K10+,Episode end,2025-07-22,30
M0000442,E000282,K10+,Episode start,2025-03-15,25
M0000443,E000282,K10+,Episode end,2025-07-27,11
M0000444,E000284,K10+,Episode end,2025-06-28,16
M0000445,E000286,K10+,Episode start,2025-03-10,33
M0000446,E000286,K10+,Episode end,2025-06-02,22
M0000447,E000288,K10+,Episode end,2025-07-30,35
M0000448,E000289,K10+,Episode start,2025-03-12,31
M0000449,E000289,K10+,Episode end,2025-06-24,18
M0000450,E000290,K10+,Episode start,2025-03-19,31
M0000451,E000291,K10+,Episode start,2025-03-09,44
M0000452,E000291,K10+,Episode end,2025-03-29,37
M0000453,E000292,K10+,Episode start,2025-03-15,36
M0000454,E000292,K10+,Episode end,2025-06-10,37
M0000455,E000293,K10+,Episode start,2025-03-20,26
M0000456,E000293,K10+,Episode end,2025-05-26,16
M0000457,E000294,K10+,Episode start,2025-03-18,34
M0000458,E000294,K10+,Episode end,2025-04-15,26
M0000459,E000295,K10+,Episode start,2025-03-14,25
M0000460,E000295,K10+,Episode end,2025-06-26,10
M0000461,E000296,K10+,Episode start,2025-03-17,16
M0000462,E000296,K10+,Episode end,2025-06-11,11
M0000463,E000297,K10+,Episode start,2025-03-20,24
M0000464,E000297,K10+,Episode end,2025-08-06,25
M0000465,E000298,K10+,Episode start,2025-03-17,31
M0000466,E000299,K10+,Episode start,2025-03-15,29
M0000467,E000299,K10+,Episode end,2025-06-22,24
M0000468,E000300,K10+,Episode start,2025-03-19,24
M0000469,E000300,K10+,Episode end,2025-08-31,12
M0000470,E000301,K10+,Episode start,2025-03-16,40
M0000471,E000301,K10+,Episode end,2025-08-16,35
M0000472,E000302,SDQ,Episode start,2025-03-17,18
M0000473,E000302,SDQ,Episode end,2025-05-07,14
M0000474,E000303,K10+,Episode start,2025-04-02,42
M0000475,E000303,K10+,Episode end,2025-08-31,34
M0000476,E000304,SDQ,Episode start,2025-03-18,31
M0000477,E000304,SDQ,Episode end,2025-04-06,27
M0000478,E000305,SDQ,Episode start,2025-03-15,14
M0000479,E000306,K10+,Episode start,2025-03-18,29
M0000480,E000306,K10+,Episode end,2025-08-19,17
M0000481,E000307,K10+,Episode start,2025-04-18,32
M0000482,E000307,K10+,Episode end,2025-08-20,17
M0000483,E000308,K10+,Episode start,2025-03-21,34
M0000484,E000308,K10+,Episode end,2025-05-23,38
M0000485,E000309,K10+,Episode start,2025-03-19,26
M0000486,E000309,K10+,Episode end,2025-08-12,23
M0000487,E000310,SDQ,Episode end,2025-09-17,5
M0000488,E000311,K10+,Episode start,2025-03-20,35
M0000489,E000311,K10+,Episode end,2025-10-02,29
M0000490,E000312,K10+,Episode start,2025-03-14,19
M0000491,E000312,K10+,Episode end,2025-06-29,15
M0000492,E000313,K10+,Episode start,2025-03-22,23
M0000493,E000313,K10+,Episode end,2025-06-02,15
M0000494,E000314,K10+,Episode start,2025-03-29,28
M0000495,E000314,K10+,Episode end,2025-11-12,26
M0000496,E000315,K10+,Episode end,2025-07-09,29
M0000497,E000316,K10+,Episode start,2025-03-18,14
M0000498,E000316,K10+,Episode end,2025-05-21,10
M0000499,E000317,K10+,Episode start,2025-03-20,30
M0000500,E000317,K10+,Episode end,2025-04-25,24
M0000501,E000318,K10+,Episode end,2025-04-26,31
M0000502,E000319,K10+,Episode start,2025-03-25,28
M0000503,E000319,K10+,Episode end,2025-08-16,19
M0000504,E000320,K10+,Episode start,2025-03-19,23
M0000505,E000320,K10+,Episode end,2025-05-03,20
M0000506,E000321,K10+,Episode start,2025-03-17,38
M0000507,E000321,K10+,Episode end,2025-09-08,38
M0000508,E000322,K10+,Episode start,2025-04-17,32
M0000509,E000323,K10+,Episode start,2025-04-04,25
M0000510,E000324,K10+,Episode start,2025-03-16,34
M0000511,E000324,K10+,Episode end,2025-06-03,13
M0000512,E000325,K10+,Episode start,2025-03-19,25
M0000513,E000325,K10+,Episode end,2025-11-10,24
M0000514,E000326,K10+,Episode start,2025-04-04,27
M0000515,E000326,K10+,Episode end,2025-06-05,10
M0000516,E000327,K10+,Episode start,2025-03-30,27
M0000517,E000327,K10+,Episode end,2025-07-25,13
M0000518,E000328,K10+,Episode start,2025-03-19,26
M0000519,E000328,K10+,Episode end,2025-09-08,13
M0000520,E000331,K10+,Episode start,2025-03-26,38
M0000521,E000331,K10+,Episode end,2025-06-07,30
M0000522,E000332,K10+,Episode start,2025-03-27,40
M0000523,E000333,K10+,Episode start,2025-04-05,41
M0000524,E000334,K10+,Episode start,2025-03-16,31
M0000525,E000334,K10+,Episode end,2025-04-14,22
M0000526,E000335,K10+,Episode start,2025-03-19,40
M0000527,E000335,K10+,Episode end,2025-08-26,33
M0000528,E000336,K10+,Episode start,2025-03-20,37
M0000529,E000336,K10+,Episode end,2025-08-03,20
M0000530,E000337,K10+,Episode start,2025-03-21,36
M0000531,E000337,K10+,Episode end,2025-06-09,31
M0000532,E000339,K10+,Episode start,2025-04-07,40
M0000533,E000340,K10+,Episode start,2025-03-26,34
M0000534,E000340,K10+,Episode end,2025-06-02,31
M0000535,E000341,K10+,Episode start,2025-03-20,46
M0000536,E000341,K10+,Episode end,2025-08-05,33
M0000537,E000342,K10+,Episode start,2025-03-17,34
M0000538,E000342,K10+,Episode end,2025-07-05,31
M0000539,E000343,K10+,Episode start,2025-03-17,30
M0000540,E000343,K10+,Episode end,2025-05-06,13
M0000541,E000344,K10+,Episode start,2025-03-22,39
M0000542,E000344,K10+,Episode end,2025-06-17,32
M0000543,E000345,K10+,Episode start,2025-03-23,41
M0000544,E000345,K10+,Episode end,2025-09-19,43
M0000545,E000346,K10+,Episode start,2025-04-08,35
M0000546,E000346,K10+,Episode end,2025-10-07,27
M0000547,E000347,K10+,Episode start,2025-03-24,37
M0000548,E000347,K10+,Episode end,2025-07-20,28
M0000549,E000348,SDQ,Episode start,2025-04-03,21
M0000550,E000348,SDQ,Episode end,2025-06-14,22
M0000551,E000349,K10+,Episode start,2025-03-30,32
M0000552,E000349,K10+,Episode end,2025-06-02,37
M0000553,E000350,K10+,Episode start,2025-04-23,30
M0000554,E000350,K10+,Episode end,2025-10-26,22
M0000555,E000351,K10+,Episode start,2025-03-20,33
M0000556,E000352,K10+,Episode start,2025-03-26,33
M0000557,E000352,K10+,Episode end,2025-10-01,33
M0000558,E000353,K10+,Episode start,2025-04-10,31
M0000559,E000353,K10+,Episode end,2025-10-13,27
M0000560,E000354,K10+,Episode start,2025-03-23,39
M0000561,E000354,K10+,Episode end,2025-08-29,39
M0000562,E000355,K10+,Episode end,2025-08-31,24
M0000563,E000356,K10+,Episode start,2025-05-17,28
M0000564,E000357,K10+,Episode start,2025-04-08,41
M0000565,E000358,K10+,Episode start,2025-03-23,21
M0000566,E000359,K10+,Episode start,2025-03-21,25
M0000567,E000359,K10+,Episode end,2025-06-15,19
M0000568,E000360,K10+,Episode start,2025-03-26,33
M0000569,E000362,K10+,Episode start,2025-03-25,34
M0000570,E000362,K10+,Episode end,2025-08-31,17
M0000571,E000363,K10+,Episode start,2025-04-10,30
M0000572,E000363,K10+,Episode end,2025-09-15,24
M0000573,E000364,K10+,Episode start,2025-04-07,35
M0000574,E000366,K10+,Episode start,2025-03-29,37
M0000575,E000366,K10+,Episode end,2025-05-16,31
M0000576,E000367,K10+,Episode start,2025-03-30,41
M0000577,E000368,K10+,Episode start,2025-03-23,23
M0000578,E000368,K10+,Episode end,2025-07-01,20
M0000579,E000369,K10+,Episode start,2025-04-13,30
M0000580,E000369,K10+,Episode end,2025-06-18,28
M0000581,E000370,K10+,Episode start,2025-04-01,29
M0000582,E000370,K10+,Episode end,2025-06-17,21
M0000583,E000371,K10+,Episode start,2025-04-21,29
M0000584,E000371,K10+,Episode end,2025-07-18,23
M0000585,E000372,K10+,Episode start,2025-04-07,29
M0000586,E000372,K10+,Episode end,2025-08-20,12
M0000587,E000373,K10+,Episode start,2025-03-29,27
M0000588,E000373,K10+,Episode end,2025-07-08,10
M0000589,E000374,K10+,Episode start,2025-03-25,39
M0000590,E000374,K10+,Episode end,2025-07-07,39
M0000591,E000375,K10+,Episode start,2025-03-24,46
M0000592,E000375,K10+,Episode end,2025-07-30,38
M0000593,E000376,K10+,Episode start,2025-03-24,26
M0000594,E000376,K10+,Episode end,2025-06-05,21
M0000595,E000377,K10+,Episode start,2025-03-28,30
M0000596,E000377,K10+,Episode end,2025-05-20,24
M0000597,E000378,K10+,Episode start,2025-03-24,33
M0000598,E000378,K10+,Episode end,2025-08-10,22
M0000599,E000379,K10+,Episode start,2025-04-06,35
M0000600,E000379,K10+,Episode end,2025-05-13,21
M0000601,E000380,K10+,Episode start,2025-04-02,27
M0000602,E000380,K10+,Episode end,2025-05-10,17
M0000603,E000381,K10+,Episode start,2025-04-04,41
M0000604,E000381,K10+,Episode end,2025-07-03,39
M0000605,E000382,K10+,Episode start,2025-04-07,36
M0000606,E000382,K10+,Episode end,2025-10-09,27
M0000607,E000383,K10+,Episode start,2025-04-17,32
M0000608,E000384,K10+,Episode start,2025-04-12,26
M0000609,E000385,K10+,Episode start,2025-04-02,36
M0000610,E000385,K10+,Episode end,2025-12-26,22
M0000611,E000386,SDQ,Episode start,2025-03-29,22
M0000612,E000387,K10+,Episode start,2025-03-28,31
M0000613,E000388,K10+,Episode end,2025-05-15,19
M0000614,E000389,K10+,Episode start,2025-04-23,21
M0000615,E000389,K10+,Episode end,2025-10-03,10
M0000616,E000390,K10+,Episode start,2025-04-14,37
M0000617,E000390,K10+,Episode end,2025-06-20,33
M0000618,E000392,K10+,Episode start,2025-04-14,21
M0000619,E000392,K10+,Episode end,2025-07-10,19
M0000620,E000393,K10+,Episode start,2025-04-24,31
M0000621,E000393,K10+,Episode end,2025-07-28,32
M0000622,E000394,K10+,Episode end,2025-07-09,17
M0000623,E000395,K10+,Episode start,2025-04-12,30
M0000624,E000395,K10+,Episode end,2025-05-28,28
M0000625,E000396,K10+,Episode start,2025-05-08,24
M0000626,E000396,K10+,Episode end,2025-07-06,20
M0000627,E000397,K10+,Episode start,2025-03-30,35
M0000628,E000397,K10+,Episode end,2025-05-07,20
M0000629,E000398,K10+,Episode start,2025-04-14,27
M0000630,E000399,K10+,Episode start,2025-04-04,38
M0000631,E000399,K10+,Episode end,2025-08-05,40
M0000632,E000400,K10+,Episode start,2025-03-29,38
M0000633,E000400,K10+,Episode end,2025-08-09,38
M0000634,E000401,K10+,Episode start,2025-04-13,29
M0000635,E000401,K10+,Episode end,2025-09-15,21
M0000636,E000402,K10+,Episode start,2025-03-31,31
M0000637,E000402,K10+,Episode end,2025-09-10,29
M0000638,E000403,K10+,Episode start,2025-04-10,22
M0000639,E000403,K10+,Episode end,2025-08-06,25
M0000640,E000404,K10+,Episode start,2025-04-05,40
M0000641,E000404,K10+,Episode end,2025-09-05,39
M0000642,E000405,K10+,Episode start,2025-04-03,35
M0000643,E000406,K10+,Episode start,2025-04-02,26
M0000644,E000406,K10+,Episode end,2025-07-23,19
M0000645,E000407,K10+,Episode start,2025-04-06,49
M0000646,E000407,K10+,Episode end,2025-06-07,45
M0000647,E000408,K10+,Episode start,2025-04-01,24
M0000648,E000408,K10+,Episode end,2025-08-20,10
M0000649,E000409,K10+,Episode start,2025-03-31,26
M0000650,E000409,K10+,Episode end,2025-06-12,18
M0000651,E000410,K10+,Episode start,2025-04-05,33
M0000652,E000410,K10+,Episode end,2025-06-11,20
M0000653,E000411,K10+,Episode start,2025-04-09,32
M0000654,E000412,K10+,Episode start,2025-03-30,26
M0000655,E000412,K10+,Episode end,2025-08-21,15
M0000656,E000413,K10+,Episode start,2025-04-06,32
M0000657,E000413,K10+,Episode end,2025-05-13,28
M0000658,E000415,K10+,Episode start,2025-04-08,25
M0000659,E000416,K10+,Episode end,2025-07-28,24
M0000660,E000417,K10+,Episode start,2025-04-13,25
M0000661,E000417,K10+,Episode end,2025-09-07,11
M0000662,E000418,K10+,Episode start,2025-04-16,40
M0000663,E000419,K10+,Episode start,2025-04-02,31
M0000664,E000419,K10+,Episode end,2025-06-13,26
M0000665,E000420,K10+,Episode start,2025-04-03,20
M0000666,E000420,K10+,Episode end,2025-07-22,10
M0000667,E000421,K10+,Episode start,2025-03-30,29
M0000668,E000421,K10+,Episode end,2025-11-08,26
M0000669,E000422,K10+,Episode start,2025-04-18,35
M0000670,E000422,K10+,Episode end,2025-05-31,37
M0000671,E000423,K10+,Episode start,2025-03-30,32
M0000672,E000423,K10+,Episode end,2025-10-28,27
M0000673,E000424,K10+,Episode end,2025-08-13,36
M0000674,E000425,K10+,Episode start,2025-04-07,40
M0000675,E000425,K10+,Episode end,2025-08-03,34
M0000676,E000426,K10+,Episode start,2025-04-09,37
M0000677,E000426,K10+,Episode end,2025-07-15,31
M0000678,E000427,K10+,Episode start,2025-04-01,17
M0000679,E000427,K10+,Episode end,2025-08-22,14
M0000680,E000428,K10+,Episode start,2025-04-05,29
M0000681,E000428,K10+,Episode end,2025-08-26,16
M0000682,E000429,K10+,Episode start,2025-04-12,27
M0000683,E000430,K10+,Episode start,2025-04-04,24
M0000684,E000430,K10+,Episode end,2025-07-31,19
M0000685,E000431,K10+,Episode start,2025-04-17,40
M0000686,E000431,K10+,Episode end,2025-06-05,39
M0000687,E000432,K10+,Episode start,2025-04-04,29
M0000688,E000432,K10+,Episode end,2025-08-10,20
M0000689,E000433,K10+,Episode start,2025-04-09,30
M0000690,E000434,K10+,Episode start,2025-04-16,19
M0000691,E000434,K10+,Episode end,2025-08-13,10
M0000692,E000435,K10+,Episode start,2025-05-07,31
M0000693,E000435,K10+,Episode end,2025-07-14,15
M0000694,E000436,K10+,Episode start,2025-04-05,31
M0000695,E000436,K10+,Episode end,2025-07-23,35
M0000696,E000437,K10+,Episode start,2025-04-17,28
M0000697,E000437,K10+,Episode end,2025-11-26,25
M0000698,E000438,K10+,Episode start,2025-04-09,29
M0000699,E000438,K10+,Episode end,2025-06-13,33
M0000700,E000439,SDQ,Episode start,2025-04-13,16
M0000701,E000439,SDQ,Episode end,2025-07-10,13
M0000702,E000440,K10+,Episode end,2025-08-05,16
M0000703,E000441,K10+,Episode start,2025-04-09,36
M0000704,E000441,K10+,Episode end,2025-06-29,31
M0000705,E000442,K10+,Episode start,2025-05-09,31
M0000706,E000442,K10+,Episode end,2025-08-30,30
M0000707,E000445,K10+,Episode start,2025-04-06,24
M0000708,E000445,K10+,Episode end,2025-06-13,25
M0000709,E000446,K10+,Episode start,2025-05-23,24
M0000710,E000446,K10+,Episode end,2025-10-02,18
M0000711,E000447,K10+,Episode start,2025-04-08,38
M0000712,E000448,K10+,Episode start,2025-04-11,24
M0000713,E000448,K10+,Episode end,2025-07-01,10
M0000714,E000449,K10+,Episode start,2025-04-07,32
M0000715,E000449,K10+,Episode end,2025-05-21,30
M0000716,E000450,K10+,Episode end,2025-08-03,29
M0000717,E000451,K10+,Episode start,2025-04-19,32
M0000718,E000451,K10+,Episode end,2025-07-11,21
M0000719,E000453,K10+,Episode end,2025-07-01,40
M0000720,E000454,K10+,Episode start,2025-04-07,26
M0000721,E000454,K10+,Episode end,2025-08-10,17
M0000722,E000455,K10+,Episode start,2025-04-11,33
M0000723,E000455,K10+,Episode end,2025-04-28,21
M0000724,E000456,K10+,Episode start,2025-04-14,28
M0000725,E000456,K10+,Episode end,2025-07-12,27
M0000726,E000457,K10+,Episode start,2025-04-12,33
M0000727,E000457,K10+,Episode end,2025-06-20,24
M0000728,E000458,K10+,Episode start,2025-04-16,33
M0000729,E000458,K10+,Episode end,2025-08-09,27
M0000730,E000459,K10+,Episode start,2025-04-08,38
M0000731,E000459,K10+,Episode end,2025-09-04,29
M0000732,E000460,K10+,Episode start,2025-04-10,34
M0000733,E000461,K10+,Episode start,2025-04-12,40
M0000734,E000461,K10+,Episode end,2025-10-24,38
M0000735,E000462,K10+,Episode start,2025-04-15,48
M0000736,E000462,K10+,Episode end,2025-06-09,42
M0000737,E000463,K10+,Episode start,2025-04-11,34
M0000738,E000463,K10+,Episode end,2025-09-10,29
M0000739,E000464,K10+,Episode start,2025-04-06,36
M0000740,E000464,K10+,Episode end,2025-06-10,31
M0000741,E000465,K10+,Episode start,2025-04-10,32
M0000742,E000465,K10+,Episode end,2025-08-14,27
M0000743,E000466,K10+,Episode start,2025-04-16,27
M0000744,E000466,K10+,Episode end,2025-09-12,14
M0000745,E000467,K10+,Episode start,2025-04-15,29
M0000746,E000467,K10+,Episode end,2025-07-01,18
M0000747,E000468,K10+,Episode start,2025-04-17,23
M0000748,E000468,K10+,Episode end,2025-07-16,19
M0000749,E000469,K10+,Episode start,2025-04-10,40
M0000750,E000469,K10+,Episode end,2025-05-24,28
M0000751,E000470,K10+,Episode start,2025-04-13,32
M0000752,E000470,K10+,Episode end,2025-08-11,24
M0000753,E000471,K10+,Episode start,2025-04-13,15
M0000754,E000471,K10+,Episode end,2025-09-30,14
M0000755,E000472,K10+,Episode start,2025-04-18,39
M0000756,E000472,K10+,Episode end,2025-06-02,40
M0000757,E000473,K10+,Episode start,2025-04-28,29
M0000758,E000475,SDQ,Episode start,2025-04-19,17
M0000759,E000475,SDQ,Episode end,2025-08-01,13
M0000760,E000476,K10+,Episode start,2025-04-14,33
M0000761,E000476,K10+,Episode end,2025-07-30,14
M0000762,E000477,K10+,Episode start,2025-04-13,23
M0000763,E000477,K10+,Episode end,2025-09-13,13
M0000764,E000478,K10+,Episode start,2025-04-19,31
M0000765,E000478,K10+,Episode end,2025-10-11,12
M0000766,E000479,K10+,Episode start,2025-04-15,23
M0000767,E000479,K10+,Episode end,2025-07-26,12
M0000768,E000480,K10+,Episode start,2025-04-20,32
M0000769,E000481,K10+,Episode start,2025-05-25,33
M0000770,E000481,K10+,Episode end,2025-10-28,22
M0000771,E000482,K10+,Episode start,2025-04-11,31
M0000772,E000482,K10+,Episode end,2025-08-11,17
M0000773,E000483,K10+,Episode start,2025-04-15,33
M0000774,E000483,K10+,Episode end,2025-09-03,24
M0000775,E000484,K10+,Episode start,2025-04-23,35
M0000776,E000484,K10+,Episode end,2025-10-19,34
M0000777,E000485,K10+,Episode start,2025-04-15,35
M0000778,E000485,K10+,Episode end,2025-05-09,15
M0000779,E000486,K10+,Episode start,2025-04-22,28
M0000780,E000486,K10+,Episode end,2025-05-20,27
M0000781,E000487,K10+,Episode start,2025-04-15,35
M0000782,E000487,K10+,Episode end,2025-06-05,22
M0000783,E000488,K10+,Episode start,2025-05-08,26
M0000784,E000488,K10+,Episode end,2025-08-22,22
M0000785,E000489,K10+,Episode start,2025-04-16,33
M0000786,E000489,K10+,Episode end,2025-07-04,28
M0000787,E000490,K10+,Episode start,2025-04-25,35
M0000788,E000490,K10+,Episode end,2025-08-18,30
M0000789,E000491,K10+,Episode end,2025-08-07,20
M0000790,E000492,K10+,Episode start,2025-04-21,25
M0000791,E000492,K10+,Episode end,2025-06-04,26
M0000792,E000493,K10+,Episode start,2025-04-16,23
M0000793,E000493,K10+,Episode end,2025-07-30,16
M0000794,E000494,K10+,Episode start,2025-04-18,29
M0000795,E000494,K10+,Episode end,2025-06-29,28
M0000796,E000496,K10+,Episode start,2025-04-17,24
M0000797,E000496,K10+,Episode end,2025-06-19,22
M0000798,E000497,K10+,Episode start,2025-06-03,28
M0000799,E000497,K10+,Episode end,2025-09-23,23
M0000800,E000498,K10+,Episode start,2025-04-17,29
M0000801,E000498,K10+,Episode end,2025-10-16,18
M0000802,E000499,K10+,Episode start,2025-04-15,36
M0000803,E000500,K10+,Episode start,2025-04-14,34
M0000804,E000501,K10+,Episode start,2025-04-17,22
M0000805,E000501,K10+,Episode end,2025-05-17,20
M0000806,E000502,K10+,Episode start,2025-04-19,36
M0000807,E000502,K10+,Episode end,2025-06-23,26
M0000808,E000503,K10+,Episode start,2025-04-18,35
M0000809,E000503,K10+,Episode end,2025-09-12,19
M0000810,E000504,K10+,Episode start,2025-05-15,25
M0000811,E000504,K10+,Episode end,2025-09-19,28
M0000812,E000505,K10+,Episode start,2025-04-21,32
M0000813,E000505,K10+,Episode end,2025-09-14,31
M0000814,E000506,K10+,Episode start,2025-04-21,34
M0000815,E000507,K10+,Episode start,2025-04-20,44
M0000816,E000507,K10+,Episode end,2025-09-07,31
M0000817,E000508,K10+,Episode start,2025-04-28,23
M0000818,E000509,K10+,Episode start,2025-04-28,33
M0000819,E000509,K10+,Episode end,2025-07-03,18
M0000820,E000510,K10+,Episode start,2025-05-10,50
M0000821,E000510,K10+,Episode end,2025-07-31,41
M0000822,E000511,K10+,Episode start,2025-04-20,29
M0000823,E000511,K10+,Episode end,2025-09-18,24
M0000824,E000512,K10+,Episode start,2025-04-25,31
M0000825,E000514,K10+,Episode start,2025-04-17,37
M0000826,E000515,K10+,Episode start,2025-04-20,36
M0000827,E000516,K10+,Episode start,2025-05-05,28
M0000828,E000516,K10+,Episode end,2025-10-22,30
M0000829,E000517,K10+,Episode start,2025-04-16,36
M0000830,E000517,K10+,Episode end,2025-07-07,31
M0000831,E000518,K10+,Episode start,2025-04-24,31
M0000832,E000518,K10+,Episode end,2025-05-17,16
M0000833,E000519,K10+,Episode start,2025-04-21,29
M0000834,E000519,K10+,Episode end,2025-09-01,23
M0000835,E000520,K10+,Episode start,2025-04-18,20
M0000836,E000520,K10+,Episode end,2025-06-17,15
M0000837,E000522,K10+,Episode start,2025-04-22,23
M0000838,E000522,K10+,Episode end,2025-06-13,18
M0000839,E000523,K10+,Episode start,2025-04-18,36
M0000840,E000523,K10+,Episode end,2025-08-09,24
M0000841,E000524,K10+,Episode start,2025-04-18,29
M0000842,E000524,K10+,Episode end,2025-06-12,18
M0000843,E000525,K10+,Episode start,2025-04-23,26
M0000844,E000525,K10+,Episode end,2025-06-18,23
M0000845,E000526,K10+,Episode start,2025-04-24,41
M0000846,E000526,K10+,Episode end,2025-10-20,37
M0000847,E000527,K10+,Episode start,2025-04-21,16
M0000848,E000527,K10+,Episode end,2025-11-03,13
M0000849,E000529,K10+,Episode start,2025-04-29,40
M0000850,E000529,K10+,Episode end,2025-07-17,34
M0000851,E000530,K10+,Episode start,2025-04-18,28
M0000852,E000530,K10+,Episode end,2025-07-13,20
M0000853,E000531,K10+,Episode start,2025-05-05,28
M0000854,E000531,K10+,Episode end,2025-09-02,23
M0000855,E000532,K10+,Episode start,2025-04-18,27
M0000856,E000532,K10+,Episode end,2025-08-03,26
M0000857,E000533,K10+,Episode start,2025-05-01,28
M0000858,E000533,K10+,Episode end,2025-10-02,26
M0000859,E000534,K10+,Episode start,2025-05-01,23
M0000860,E000534,K10+,Episode end,2025-07-19,18
M0000861,E000535,K10+,Episode start,2025-04-24,23
M0000862,E000536,K10+,Episode start,2025-04-21,32
M0000863,E000536,K10+,Episode end,2025-07-11,31
M0000864,E000538,K10+,Episode start,2025-04-22,15
M0000865,E000538,K10+,Episode end,2025-08-10,10
M0000866,E000539,K10+,Episode start,2025-04-23,41
M0000867,E000539,K10+,Episode end,2025-07-04,43
M0000868,E000540,K10+,Episode start,2025-04-20,40
M0000869,E000540,K10+,Episode end,2025-09-04,36
M0000870,E000541,K10+,Episode start,2025-05-07,24
M0000871,E000541,K10+,Episode end,2025-07-13,17
M0000872,E000542,K10+,Episode start,2025-05-30,42
M0000873,E000542,K10+,Episode end,2025-09-15,42
M0000874,E000543,K10+,Episode start,2025-05-11,37
M0000875,E000543,K10+,Episode end,2025-08-08,33
M0000876,E000544,K10+,Episode end,2025-09-12,26
M0000877,E000545,K10+,Episode start,2025-04-22,33
M0000878,E000545,K10+,Episode end,2025-06-27,39
M0000879,E000546,K10+,Episode start,2025-04-26,32
M0000880,E000546,K10+,Episode end,2025-11-01,26
M0000881,E000548,SDQ,Episode start,2025-04-27,20
M0000882,E000548,SDQ,Episode end,2025-06-30,18
M0000883,E000550,K10+,Episode start,2025-04-29,33
M0000884,E000550,K10+,Episode end,2025-07-06,24
M0000885,E000551,K10+,Episode start,2025-05-12,18
M0000886,E000551,K10+,Episode end,2025-08-29,10
M0000887,E000552,K10+,Episode start,2025-04-22,38
M0000888,E000552,K10+,Episode end,2025-06-02,31
M0000889,E000553,K10+,Episode start,2025-05-05,26
M0000890,E000553,K10+,Episode end,2025-08-12,10
M0000891,E000554,K10+,Episode start,2025-05-06,31
M0000892,E000554,K10+,Episode end,2025-07-18,31
M0000893,E000555,K10+,Episode start,2025-05-27,37
M0000894,E000555,K10+,Episode end,2025-08-17,35
M0000895,E000557,K10+,Episode start,2025-04-29,25
M0000896,E000558,K10+,Episode start,2025-05-04,33
M0000897,E000558,K10+,Episode end,2025-07-24,17
M0000898,E000559,K10+,Episode start,2025-04-22,41
M0000899,E000560,K10+,Episode start,2025-04-30,30
M0000900,E000561,SDQ,Episode start,2025-04-28,13
M0000901,E000561,SDQ,Episode end,2025-07-21,11
M0000902,E000562,K10+,Episode start,2025-04-26,31
M0000903,E000562,K10+,Episode end,2025-06-01,38
M0000904,E000563,K10+,Episode start,2025-05-03,29
M0000905,E000563,K10+,Episode end,2025-10-12,27
M0000906,E000564,K10+,Episode start,2025-04-30,34
M0000907,E000564,K10+,Episode end,2025-08-09,19
M0000908,E000565,K10+,Episode start,2025-05-01,26
M0000909,E000566,K10+,Episode start,2025-04-28,33
M0000910,E000566,K10+,Episode end,2025-07-28,28
M0000911,E000567,K10+,Episode start,2025-04-26,29
M0000912,E000567,K10+,Episode end,2025-06-05,25
M0000913,E000568,K10+,Episode start,2025-05-09,20
M0000914,E000568,K10+,Episode end,2025-12-15,15
M0000915,E000569,K10+,Episode start,2025-04-27,39
M0000916,E000569,K10+,Episode end,2025-09-10,33
M0000917,E000570,K10+,Episode start,2025-04-26,29
M0000918,E000570,K10+,Episode end,2025-06-15,23
M0000919,E000571,K10+,Episode start,2025-05-21,27
M0000920,E000571,K10+,Episode end,2025-07-06,16
M0000921,E000572,K10+,Episode start,2025-05-12,39
M0000922,E000572,K10+,Episode end,2025-08-12,35
M0000923,E000573,K10+,Episode start,2025-05-17,31
M0000924,E000573,K10+,Episode end,2026-01-13,29
M0000925,E000574,K10+,Episode start,2025-05-08,34
M0000926,E000574,K10+,Episode end,2025-12-29,25
M0000927,E000575,K10+,Episode start,2025-05-14,39
M0000928,E000575,K10+,Episode end,2025-09-20,27
M0000929,E000576,K10+,Episode start,2025-04-30,31
M0000930,E000578,K10+,Episode start,2025-04-29,26
M0000931,E000578,K10+,Episode end,2025-09-29,19
M0000932,E000579,K10+,Episode start,2025-05-02,45
M0000933,E000580,K10+,Episode start,2025-05-31,28
M0000934,E000581,K10+,Episode start,2025-05-01,30
M0000935,E000581,K10+,Episode end,2025-10-11,24
M0000936,E000582,K10+,Episode start,2025-05-04,32
M0000937,E000583,K10+,Episode start,2025-05-19,34
M0000938,E000583,K10+,Episode end,2025-08-23,23
M0000939,E000584,K10+,Episode start,2025-05-08,36
M0000940,E000585,K10+,Episode start,2025-05-02,30
M0000941,E000585,K10+,Episode end,2025-07-29,25
M0000942,E000586,K10+,Episode start,2025-05-01,27
M0000943,E000586,K10+,Episode end,2025-09-08,26
M0000944,E000588,K10+,Episode start,2025-04-30,39
M0000945,E000589,K10+,Episode start,2025-04-30,20
M0000946,E000589,K10+,Episode end,2025-07-03,10
M0000947,E000590,K10+,Episode start,2025-05-09,33
M0000948,E000590,K10+,Episode end,2025-10-23,38
M0000949,E000591,K10+,Episode start,2025-05-10,35
M0000950,E000592,K10+,Episode start,2025-05-01,31
M0000951,E000592,K10+,Episode end,2025-06-13,21
M0000952,E000593,K10+,Episode start,2025-05-09,26
M0000953,E000593,K10+,Episode end,2026-03-19,10
M0000954,E000594,K10+,Episode start,2025-05-05,37
M0000955,E000594,K10+,Episode end,2025-06-22,30
M0000956,E000595,K10+,Episode start,2025-04-29,31
M0000957,E000595,K10+,Episode end,2025-08-24,29
M0000958,E000597,K10+,Episode start,2025-05-16,23
M0000959,E000597,K10+,Episode end,2025-09-07,15
M0000960,E000598,K10+,Episode start,2025-05-02,36
M0000961,E000598,K10+,Episode end,2025-09-20,20
M0000962,E000599,K10+,Episode start,2025-05-06,38
M0000963,E000599,K10+,Episode end,2025-11-07,30
M0000964,E000600,K10+,Episode start,2025-05-05,25
M0000965,E000600,K10+,Episode end,2025-09-11,17
M0000966,E000601,K10+,Episode start,2025-05-16,33
M0000967,E000601,K10+,Episode end,2026-02-05,33
M0000968,E000602,K10+,Episode start,2025-05-19,37
M0000969,E000602,K10+,Episode end,2025-07-25,22
M0000970,E000603,K10+,Episode start,2025-05-02,33
M0000971,E000603,K10+,Episode end,2025-07-29,28
M0000972,E000604,K10+,Episode start,2025-05-06,40
M0000973,E000604,K10+,Episode end,2025-08-30,41
M0000974,E000605,K10+,Episode start,2025-06-05,31
M0000975,E000605,K10+,Episode end,2025-10-19,22
M0000976,E000606,K10+,Episode start,2025-05-05,41
M0000977,E000607,SDQ,Episode start,2025-05-07,21
M0000978,E000608,K10+,Episode start,2025-05-07,11
M0000979,E000608,K10+,Episode end,2025-06-04,10
M0000980,E000609,K10+,Episode start,2025-05-08,34
M0000981,E000609,K10+,Episode end,2025-08-11,36
M0000982,E000610,K10+,Episode start,2025-05-12,34
M0000983,E000612,K10+,Episode start,2025-05-16,31
M0000984,E000613,K10+,Episode start,2025-05-14,38
M0000985,E000613,K10+,Episode end,2025-09-25,21
M0000986,E000614,K10+,Episode start,2025-06-06,36
M0000987,E000614,K10+,Episode end,2025-08-26,33
M0000988,E000615,K10+,Episode start,2025-05-13,18
M0000989,E000615,K10+,Episode end,2025-09-20,17
M0000990,E000617,K10+,Episode start,2025-05-06,35
M0000991,E000617,K10+,Episode end,2025-08-03,29
M0000992,E000618,K10+,Episode start,2025-05-08,37
M0000993,E000619,K10+,Episode start,2025-05-08,26
M0000994,E000619,K10+,Episode end,2025-10-07,20
M0000995,E000620,K10+,Episode start,2025-05-14,38
M0000996,E000621,K10+,Episode start,2025-05-22,22
M0000997,E000621,K10+,Episode end,2025-08-13,13
M0000998,E000622,K10+,Episode start,2025-05-14,25
M0000999,E000622,K10+,Episode end,2025-07-17,26
M0001000,E000624,K10+,Episode start,2025-05-17,33
M0001001,E000624,K10+,Episode end,2025-07-14,25
M0001002,E000625,K10+,Episode start,2025-05-11,34
M0001003,E000626,K10+,Episode start,2025-05-13,30
M0001004,E000627,K10+,Episode start,2025-05-12,32
M0001005,E000627,K10+,Episode end,2025-09-01,28
M0001006,E000628,SDQ,Episode start,2025-05-09,24
M0001007,E000628,SDQ,Episode end,2025-06-21,21
M0001008,E000629,K10+,Episode start,2025-05-13,29
M0001009,E000629,K10+,Episode end,2025-08-06,25
M0001010,E000630,K10+,Episode start,2025-06-14,23
M0001011,E000630,K10+,Episode end,2025-09-30,14
M0001012,E000631,SDQ,Episode start,2025-05-08,21
M0001013,E000631,SDQ,Episode end,2025-07-31,19
M0001014,E000632,K10+,Episode start,2025-05-14,26
M0001015,E000632,K10+,Episode end,2025-08-12,20
M0001016,E000633,K10+,Episode start,2025-05-12,24
M0001017,E000633,K10+,Episode end,2025-10-08,20
M0001018,E000634,K10+,Episode end,2025-07-28,18
M0001019,E000635,K10+,Episode start,2025-05-08,34
M0001020,E000635,K10+,Episode end,2025-07-20,20
M0001021,E000636,K10+,Episode start,2025-05-13,21
M0001022,E000636,K10+,Episode end,2025-08-19,10
M0001023,E000637,K10+,Episode start,2025-05-18,26
M0001024,E000638,K10+,Episode start,2025-05-19,32
M0001025,E000639,K10+,Episode start,2025-05-26,29
M0001026,E000639,K10+,Episode end,2025-07-29,29
M0001027,E000640,K10+,Episode start,2025-05-20,34
M0001028,E000640,K10+,Episode end,2025-06-29,29
M0001029,E000641,K10+,Episode start,2025-05-11,31
M0001030,E000641,K10+,Episode end,2025-07-21,26
M0001031,E000642,K10+,Episode start,2025-05-15,24
M0001032,E000642,K10+,Episode end,2025-07-29,19
M0001033,E000643,SDQ,Episode start,2025-05-18,11
M0001034,E000643,SDQ,Episode end,2025-09-10,7
M0001035,E000644,K10+,Episode start,2025-05-13,39
M0001036,E000644,K10+,Episode end,2025-09-13,27
M0001037,E000645,K10+,Episode start,2025-05-17,23
M0001038,E000645,K10+,Episode end,2025-08-08,10
M0001039,E000646,K10+,Episode start,2025-05-09,27
M0001040,E000647,K10+,Episode start,2025-05-16,31
M0001041,E000647,K10+,Episode end,2025-10-18,29
M0001042,E000648,K10+,Episode start,2025-05-13,23
M0001043,E000648,K10+,Episode end,2025-09-30,17
M0001044,E000650,K10+,Episode start,2025-05-15,37
M0001045,E000650,K10+,Episode end,2025-07-28,27
M0001046,E000651,K10+,Episode start,2025-05-13,39
M0001047,E000651,K10+,Episode end,2025-08-04,40
M0001048,E000652,K10+,Episode start,2025-05-26,36
M0001049,E000652,K10+,Episode end,2025-10-26,35
M0001050,E000654,K10+,Episode start,2025-05-18,29
M0001051,E000654,K10+,Episode end,2025-11-17,21
M0001052,E000655,K10+,Episode start,2025-05-14,28
M0001053,E000656,SDQ,Episode start,2025-05-24,10
M0001054,E000656,SDQ,Episode end,2025-07-24,6
M0001055,E000657,K10+,Episode start,2025-05-20,44
M0001056,E000657,K10+,Episode end,2025-09-19,31
M0001057,E000658,K10+,Episode start,2025-05-27,28
M0001058,E000658,K10+,Episode end,2025-08-07,17
M0001059,E000659,K10+,Episode start,2025-05-15,33
M0001060,E000660,K10+,Episode start,2025-05-11,40
M0001061,E000660,K10+,Episode end,2026-01-03,32
M0001062,E000661,SDQ,Episode start,2025-05-16,9
M0001063,E000661,SDQ,Episode end,2025-10-26,7
M0001064,E000662,K10+,Episode end,2025-08-27,31
M0001065,E000663,K10+,Episode start,2025-05-16,33
M0001066,E000665,SDQ,Episode start,2025-05-22,31
M0001067,E000665,SDQ,Episode end,2025-07-24,28
M0001068,E000666,K10+,Episode start,2025-05-17,34
M0001069,E000666,K10+,Episode end,2025-09-30,30
M0001070,E000667,K10+,Episode start,2025-06-20,36
M0001071,E000667,K10+,Episode end,2025-11-10,17
M0001072,E000668,K10+,Episode start,2025-05-22,30
M0001073,E000668,K10+,Episode end,2026-01-18,29
M0001074,E000669,K10+,Episode start,2025-05-16,16
M0001075,E000670,K10+,Episode start,2025-05-16,30
M0001076,E000670,K10+,Episode end,2025-08-08,20
M0001077,E000671,K10+,Episode start,2025-05-24,28
M0001078,E000671,K10+,Episode end,2025-07-27,22
M0001079,E000672,K10+,Episode start,2025-05-23,31
M0001080,E000673,K10+,Episode start,2025-05-17,39
M0001081,E000674,K10+,Episode start,2025-05-23,22
M0001082,E000674,K10+,Episode end,2025-10-13,23
M0001083,E000675,K10+,Episode start,2025-05-22,24
M0001084,E000675,K10+,Episode end,2025-10-15,11
M0001085,E000676,K10+,Episode start,2025-05-29,41
M0001086,E000677,K10+,Episode start,2025-06-21,43
M0001087,E000677,K10+,Episode end,2025-08-17,42
M0001088,E000678,K10+,Episode start,2025-05-17,21
M0001089,E000678,K10+,Episode end,2025-09-21,10
M0001090,E000679,K10+,Episode start,2025-05-27,19
M0001091,E000679,K10+,Episode end,2025-09-01,14
M0001092,E000680,K10+,Episode start,2025-05-23,30
M0001093,E000680,K10+,Episode end,2025-10-05,20
M0001094,E000681,K10+,Episode start,2025-05-24,23
M0001095,E000682,K10+,Episode start,2025-05-18,20
M0001096,E000683,K10+,Episode start,2025-05-20,25
M0001097,E000683,K10+,Episode end,2025-12-31,24
M0001098,E000684,K10+,Episode start,2025-05-22,29
M0001099,E000684,K10+,Episode end,2025-10-05,18
M0001100,E000685,K10+,Episode end,2025-08-17,25
M0001101,E000686,K10+,Episode start,2025-06-05,27
M0001102,E000686,K10+,Episode end,2025-10-07,20
M0001103,E000687,K10+,Episode start,2025-05-21,37
M0001104,E000687,K10+,Episode end,2025-10-09,27
M0001105,E000688,K10+,Episode start,2025-05-20,29
M0001106,E000689,K10+,Episode start,2025-05-25,39
M0001107,E000689,K10+,Episode end,2025-07-31,33
M0001108,E000690,K10+,Episode start,2025-05-25,26
M0001109,E000690,K10+,Episode end,2025-09-09,11
M0001110,E000691,K10+,Episode start,2025-05-22,33
M0001111,E000691,K10+,Episode end,2025-09-06,30
M0001112,E000692,K10+,Episode start,2025-05-21,32
M0001113,E000692,K10+,Episode end,2025-07-17,28
M0001114,E000695,K10+,Episode start,2025-06-04,40
M0001115,E000695,K10+,Episode end,2025-07-21,28
M0001116,E000696,K10+,Episode start,2025-05-24,32
M0001117,E000696,K10+,Episode end,2025-08-05,15
M0001118,E000697,K10+,Episode start,2025-05-26,38
M0001119,E000697,K10+,Episode end,2025-08-26,24
M0001120,E000698,K10+,Episode start,2025-05-28,34
M0001121,E000699,K10+,Episode start,2025-05-21,26
M0001122,E000699,K10+,Episode end,2025-11-22,25
M0001123,E000700,K10+,Episode start,2025-05-23,24
M0001124,E000701,K10+,Episode start,2025-06-04,27
M0001125,E000702,K10+,Episode start,2025-05-22,38
M0001126,E000702,K10+,Episode end,2025-08-17,34
M0001127,E000704,K10+,Episode start,2025-05-23,38
M0001128,E000704,K10+,Episode end,2025-08-10,24
M0001129,E000705,K10+,Episode start,2025-05-23,21
M0001130,E000705,K10+,Episode end,2025-11-13,10
M0001131,E000706,K10+,Episode start,2025-05-26,32
M0001132,E000706,K10+,Episode end,2026-03-05,21
M0001133,E000707,K10+,Episode start,2025-06-18,37
M0001134,E000707,K10+,Episode end,2025-09-10,37
M0001135,E000708,K10+,Episode start,2025-05-24,23
M0001136,E000708,K10+,Episode end,2025-09-30,18
M0001137,E000709,K10+,Episode start,2025-06-11,25
M0001138,E000709,K10+,Episode end,2025-10-14,16
M0001139,E000710,K10+,Episode start,2025-05-25,30
M0001140,E000710,K10+,Episode end,2025-08-04,24
M0001141,E000712,K10+,Episode start,2025-06-03,44
M0001142,E000712,K10+,Episode end,2025-08-05,31
M0001143,E000713,K10+,Episode start,2025-05-25,26
M0001144,E000714,K10+,Episode start,2025-05-25,33
M0001145,E000715,K10+,Episode start,2025-06-01,37
M0001146,E000716,K10+,Episode start,2025-05-24,26
M0001147,E000716,K10+,Episode end,2025-08-24,26
M0001148,E000717,K10+,Episode start,2025-05-24,43
M0001149,E000717,K10+,Episode end,2025-08-10,39
M0001150,E000718,K10+,Episode start,2025-06-09,31
M0001151,E000718,K10+,Episode end,2025-09-01,21
M0001152,E000719,K10+,Episode start,2025-05-26,32
M0001153,E000720,K10+,Episode start,2025-06-28,26
M0001154,E000720,K10+,Episode end,2025-09-22,27
M0001155,E000721,K10+,Episode start,2025-06-10,40
M0001156,E000721,K10+,Episode end,2025-09-24,32
M0001157,E000722,K10+,Episode start,2025-05-22,30
M0001158,E000722,K10+,Episode end,2025-08-21,25
M0001159,E000723,K10+,Episode start,2025-05-24,26
M0001160,E000723,K10+,Episode end,2025-10-22,27
M0001161,E000724,K10+,Episode start,2025-05-29,32
M0001162,E000724,K10+,Episode end,2025-09-10,18
M0001163,E000725,K10+,Episode start,2025-05-28,20
M0001164,E000725,K10+,Episode end,2025-08-24,24
M0001165,E000726,SDQ,Episode start,2025-06-01,26
M0001166,E000726,SDQ,Episode end,2025-09-28,24
M0001167,E000727,K10+,Episode start,2025-06-11,18
M0001168,E000727,K10+,Episode end,2025-08-08,15
M0001169,E000728,K10+,Episode start,2025-06-09,34
M0001170,E000728,K10+,Episode end,2025-08-01,28
M0001171,E000729,K10+,Episode start,2025-06-01,19
M0001172,E000729,K10+,Episode end,2025-10-05,16
M0001173,E000730,K10+,Episode start,2025-05-28,29
M0001174,E000730,K10+,Episode end,2025-08-30,27
M0001175,E000731,K10+,Episode start,2025-05-24,26
M0001176,E000733,K10+,Episode start,2025-05-26,33
M0001177,E000733,K10+,Episode end,2025-08-21,24
M0001178,E000734,SDQ,Episode start,2025-05-25,24
M0001179,E000734,SDQ,Episode end,2025-12-16,22
M0001180,E000735,K10+,Episode start,2025-07-07,30
M0001181,E000736,K10+,Episode start,2025-06-10,25
M0001182,E000736,K10+,Episode end,2025-12-04,10
M0001183,E000737,K10+,Episode start,2025-06-03,27
M0001184,E000737,K10+,Episode end,2025-12-09,23
M0001185,E000738,K10+,Episode start,2025-06-01,30
M0001186,E000739,K10+,Episode end,2025-10-07,26
M0001187,E000740,K10+,Episode start,2025-06-08,24
M0001188,E000740,K10+,Episode end,2025-07-10,11
M0001189,E000741,K10+,Episode start,2025-05-31,24
M0001190,E000741,K10+,Episode end,2025-06-22,23
M0001191,E000742,K10+,Episode start,2025-06-29,33
M0001192,E000743,K10+,Episode start,2025-05-31,35
M0001193,E000743,K10+,Episode end,2025-08-02,28
M0001194,E000744,K10+,Episode start,2025-06-01,31
M0001195,E000744,K10+,Episode end,2025-07-13,17
M0001196,E000745,K10+,Episode start,2025-06-05,31
M0001197,E000745,K10+,Episode end,2026-02-09,22
M0001198,E000746,K10+,Episode start,2025-06-05,30
M0001199,E000746,K10+,Episode end,2025-07-11,33
M0001200,E000747,K10+,Episode start,2025-06-06,29
M0001201,E000747,K10+,Episode end,2025-08-02,24
M0001202,E000748,K10+,Episode start,2025-06-09,29
M0001203,E000749,K10+,Episode start,2025-06-02,44
M0001204,E000750,K10+,Episode start,2025-05-31,33
M0001205,E000750,K10+,Episode end,2025-11-04,28
M0001206,E000751,K10+,Episode start,2025-05-30,33
M0001207,E000751,K10+,Episode end,2025-09-28,25
M0001208,E000752,K10+,Episode start,2025-06-03,32
M0001209,E000752,K10+,Episode end,2025-10-07,29
M0001210,E000753,K10+,Episode start,2025-06-11,40
M0001211,E000753,K10+,Episode end,2025-12-24,40
M0001212,E000754,K10+,Episode start,2025-06-09,26
M0001213,E000755,K10+,Episode start,2025-06-01,27
M0001214,E000755,K10+,Episode end,2025-08-13,23
M0001215,E000756,K10+,Episode start,2025-06-13,24
M0001216,E000757,K10+,Episode start,2025-06-03,21
M0001217,E000757,K10+,Episode end,2025-09-23,17
M0001218,E000758,K10+,Episode start,2025-06-07,27
M0001219,E000759,K10+,Episode start,2025-06-04,33
M0001220,E000759,K10+,Episode end,2025-11-03,32
M0001221,E000760,K10+,Episode start,2025-06-03,30
M0001222,E000760,K10+,Episode end,2025-07-23,25
M0001223,E000762,K10+,Episode start,2025-06-15,23
M0001224,E000762,K10+,Episode end,2025-12-04,19
M0001225,E000763,K10+,Episode start,2025-06-05,31
M0001226,E000763,K10+,Episode end,2025-09-11,28
M0001227,E000764,K10+,Episode start,2025-11-07,37
M0001228,E000765,K10+,Episode start,2025-06-09,34
M0001229,E000765,K10+,Episode end,2025-08-08,33
M0001230,E000766,SDQ,Episode start,2025-06-01,24
M0001231,E000766,SDQ,Episode end,2025-07-18,20
M0001232,E000767,K10+,Episode start,2025-06-07,36
M0001233,E000767,K10+,Episode end,2025-10-14,33
M0001234,E000768,K10+,Episode start,2025-06-04,40
M0001235,E000768,K10+,Episode end,2025-08-15,30
M0001236,E000769,K10+,Episode start,2025-06-16,24
M0001237,E000769,K10+,Episode end,2025-09-01,29
M0001238,E000771,K10+,Episode start,2025-06-21,24
M0001239,E000771,K10+,Episode end,2025-08-30,13
M0001240,E000772,K10+,Episode start,2025-06-08,32
M0001241,E000772,K10+,Episode end,2025-12-13,30
M0001242,E000773,K10+,Episode start,2025-06-16,33
M0001243,E000773,K10+,Episode end,2025-11-16,29
M0001244,E000774,K10+,Episode start,2025-06-13,31
M0001245,E000775,K10+,Episode start,2025-06-05,36
M0001246,E000775,K10+,Episode end,2026-02-27,26
M0001247,E000776,K10+,Episode start,2025-06-13,41
M0001248,E000776,K10+,Episode end,2025-12-27,38
M0001249,E000777,K10+,Episode start,2025-06-05,26
M0001250,E000777,K10+,Episode end,2025-09-22,21
M0001251,E000778,K10+,Episode end,2025-08-15,13
M0001252,E000779,K10+,Episode start,2025-06-09,34
M0001253,E000779,K10+,Episode end,2026-02-07,27
M0001254,E000780,K10+,Episode start,2025-06-15,34
M0001255,E000782,K10+,Episode start,2025-06-07,22
M0001256,E000782,K10+,Episode end,2025-12-30,12
M0001257,E000784,K10+,Episode start,2025-06-08,27
M0001258,E000784,K10+,Episode end,2025-08-04,15
M0001259,E000785,SDQ,Episode start,2025-06-10,16
M0001260,E000785,SDQ,Episode end,2025-11-10,4
M0001261,E000786,K10+,Episode start,2025-06-08,25
M0001262,E000786,K10+,Episode end,2025-08-31,22
M0001263,E000787,K10+,Episode start,2025-06-11,26
M0001264,E000788,K10+,Episode start,2025-06-27,35
M0001265,E000788,K10+,Episode end,2026-03-15,24
M0001266,E000789,K10+,Episode start,2025-06-09,37
M0001267,E000789,K10+,Episode end,2025-08-30,27
M0001268,E000790,K10+,Episode start,2025-06-19,35
M0001269,E000790,K10+,Episode end,2025-07-02,34
M0001270,E000791,K10+,Episode start,2025-07-02,23
M0001271,E000791,K10+,Episode end,2025-10-04,13
M0001272,E000794,K10+,Episode start,2025-06-27,30
M0001273,E000795,K10+,Episode start,2025-06-07,27
M0001274,E000795,K10+,Episode end,2025-12-11,30
M0001275,E000796,K10+,Episode start,2025-06-12,32
M0001276,E000796,K10+,Episode end,2025-08-03,27
M0001277,E000797,K10+,Episode start,2025-06-09,30
M0001278,E000797,K10+,Episode end,2025-09-20,20
M0001279,E000798,K10+,Episode start,2025-06-14,24
M0001280,E000798,K10+,Episode end,2025-09-01,15
M0001281,E000799,K10+,Episode start,2025-06-13,30
M0001282,E000799,K10+,Episode end,2025-09-14,26
M0001283,E000801,K10+,Episode start,2025-06-17,36
M0001284,E000801,K10+,Episode end,2025-08-25,30
M0001285,E000802,K10+,Episode start,2025-06-18,29
M0001286,E000803,K10+,Episode start,2025-07-16,39
M0001287,E000803,K10+,Episode end,2025-10-01,36
M0001288,E000804,K10+,Episode start,2025-06-26,33
M0001289,E000805,K10+,Episode start,2025-06-19,29
M0001290,E000805,K10+,Episode end,2025-07-09,26
M0001291,E000806,K10+,Episode start,2025-06-14,35
M0001292,E000806,K10+,Episode end,2025-09-12,28
M0001293,E000807,K10+,Episode start,2025-06-09,29
M0001294,E000807,K10+,Episode end,2025-09-07,25
M0001295,E000808,K10+,Episode start,2025-06-10,34
M0001296,E000808,K10+,Episode end,2025-08-23,30
M0001297,E000809,K10+,Episode start,2025-07-06,33
M0001298,E000809,K10+,Episode end,2025-10-21,19
M0001299,E000810,K10+,Episode start,2025-07-09,37
M0001300,E000811,K10+,Episode start,2025-06-21,28
M0001301,E000811,K10+,Episode end,2026-01-08,17
M0001302,E000813,K10+,Episode start,2025-06-18,20
M0001303,E000813,K10+,Episode end,2025-10-28,16
M0001304,E000814,K10+,Episode start,2025-06-14,31
M0001305,E000814,K10+,Episode end,2025-11-24,17
M0001306,E000815,K10+,Episode start,2025-07-02,33
M0001307,E000815,K10+,Episode end,2025-09-25,21
M0001308,E000816,K10+,Episode start,2025-07-16,25
M0001309,E000816,K10+,Episode end,2025-09-20,19
M0001310,E000817,K10+,Episode start,2025-06-20,32
M0001311,E000817,K10+,Episode end,2025-09-19,21
M0001312,E000818,K10+,Episode start,2025-06-10,39
M0001313,E000818,K10+,Episode end,2025-11-01,38
M0001314,E000819,K10+,Episode start,2025-06-14,20
M0001315,E000819,K10+,Episode end,2025-11-07,11
M0001316,E000820,K10+,Episode start,2025-06-20,36
M0001317,E000820,K10+,Episode end,2025-10-17,35
M0001318,E000821,K10+,Episode start,2025-06-28,33
M0001319,E000822,K10+,Episode end,2025-10-25,35
M0001320,E000823,K10+,Episode start,2025-07-04,35
M0001321,E000824,K10+,Episode start,2025-06-17,29
M0001322,E000824,K10+,Episode end,2025-09-15,13
M0001323,E000825,K10+,Episode start,2025-06-17,28
M0001324,E000826,K10+,Episode start,2025-06-15,23
M0001325,E000826,K10+,Episode end,2025-08-09,23
M0001326,E000827,K10+,Episode start,2025-06-19,35
M0001327,E000827,K10+,Episode end,2025-08-02,31
M0001328,E000828,SDQ,Episode start,2025-06-24,16
M0001329,E000828,SDQ,Episode end,2025-07-20,18
M0001330,E000829,K10+,Episode start,2025-07-04,38
M0001331,E000829,K10+,Episode end,2025-10-18,36
M0001332,E000831,K10+,Episode end,2025-12-28,32
M0001333,E000832,K10+,Episode start,2025-06-23,28
M0001334,E000833,K10+,Episode start,2025-06-21,33
M0001335,E000833,K10+,Episode end,2025-07-26,23
M0001336,E000834,K10+,Episode start,2025-06-16,35
M0001337,E000834,K10+,Episode end,2025-10-30,36
M0001338,E000835,K10+,Episode start,2025-06-16,26
M0001339,E000835,K10+,Episode end,2025-10-26,25
M0001340,E000836,K10+,Episode start,2025-06-17,30
M0001341,E000836,K10+,Episode end,2025-12-02,29
M0001342,E000837,K10+,Episode start,2025-07-19,39
M0001343,E000838,K10+,Episode start,2025-06-28,20
M0001344,E000838,K10+,Episode end,2026-05-12,17
M0001345,E000839,SDQ,Episode start,2025-06-29,17
M0001346,E000839,SDQ,Episode end,2025-08-20,17
M0001347,E000840,K10+,Episode start,2025-07-07,24
M0001348,E000840,K10+,Episode end,2025-08-31,10
M0001349,E000841,K10+,Episode start,2025-07-04,35
M0001350,E000841,K10+,Episode end,2025-09-28,30
M0001351,E000842,K10+,Episode start,2025-06-20,16
M0001352,E000842,K10+,Episode end,2025-08-11,10
M0001353,E000843,K10+,Episode start,2025-06-27,24
M0001354,E000843,K10+,Episode end,2025-08-25,19
M0001355,E000844,K10+,Episode start,2025-06-20,39
M0001356,E000844,K10+,Episode end,2025-07-19,37
M0001357,E000845,K10+,Episode start,2025-06-29,25
M0001358,E000845,K10+,Episode end,2025-09-26,12
M0001359,E000846,K10+,Episode start,2025-07-07,29
M0001360,E000847,K10+,Episode start,2025-07-11,34
M0001361,E000847,K10+,Episode end,2025-08-16,31
M0001362,E000848,K10+,Episode start,2025-07-09,33
M0001363,E000848,K10+,Episode end,2025-12-06,30
M0001364,E000849,K10+,Episode end,2025-10-25,15
M0001365,E000850,K10+,Episode start,2025-06-16,24
M0001366,E000851,K10+,Episode start,2025-07-09,36
M0001367,E000851,K10+,Episode end,2025-12-01,35
M0001368,E000852,K10+,Episode start,2025-06-23,29
M0001369,E000852,K10+,Episode end,2025-09-25,26
M0001370,E000853,K10+,Episode start,2025-06-19,29
M0001371,E000853,K10+,Episode end,2025-08-26,30
M0001372,E000854,K10+,Episode start,2025-06-23,32
M0001373,E000855,K10+,Episode start,2025-06-19,30
M0001374,E000855,K10+,Episode end,2025-10-24,21
M0001375,E000856,K10+,Episode start,2025-06-30,26
M0001376,E000857,K10+,Episode start,2025-06-22,28
M0001377,E000857,K10+,Episode end,2025-09-16,13
M0001378,E000858,K10+,Episode start,2025-07-09,24
M0001379,E000858,K10+,Episode end,2025-12-04,12
M0001380,E000859,K10+,Episode start,2025-06-30,20
M0001381,E000859,K10+,Episode end,2025-09-04,10
M0001382,E000860,K10+,Episode start,2025-06-20,24
M0001383,E000860,K10+,Episode end,2025-08-22,14
M0001384,E000861,K10+,Episode start,2025-08-01,28
M0001385,E000861,K10+,Episode end,2025-12-05,32
M0001386,E000863,K10+,Episode start,2025-06-26,28
M0001387,E000863,K10+,Episode end,2025-08-17,15
M0001388,E000864,K10+,Episode start,2025-06-20,35
M0001389,E000864,K10+,Episode end,2025-08-29,24
M0001390,E000865,K10+,Episode start,2025-06-30,23
M0001391,E000865,K10+,Episode end,2025-09-04,17
M0001392,E000866,K10+,Episode start,2025-06-29,32
M0001393,E000866,K10+,Episode end,2025-12-03,25
M0001394,E000867,K10+,Episode start,2025-06-26,41
M0001395,E000868,K10+,Episode start,2025-06-24,17
M0001396,E000868,K10+,Episode end,2026-02-06,16
M0001397,E000869,K10+,Episode start,2025-06-28,20
M0001398,E000870,K10+,Episode start,2025-07-10,36
M0001399,E000870,K10+,Episode end,2025-09-29,34
M0001400,E000871,K10+,Episode start,2025-06-26,38
M0001401,E000871,K10+,Episode end,2025-08-14,38
M0001402,E000872,K10+,Episode start,2025-06-27,32
M0001403,E000872,K10+,Episode end,2025-12-12,41
M0001404,E000873,K10+,Episode start,2025-07-06,27
M0001405,E000873,K10+,Episode end,2025-10-31,25
M0001406,E000874,K10+,Episode start,2025-06-30,24
M0001407,E000874,K10+,Episode end,2025-10-13,15
M0001408,E000875,K10+,Episode start,2025-06-26,28
M0001409,E000875,K10+,Episode end,2025-10-10,28
M0001410,E000876,K10+,Episode start,2025-06-25,30
M0001411,E000876,K10+,Episode end,2025-09-23,29
M0001412,E000877,K10+,Episode start,2025-07-07,30
M0001413,E000877,K10+,Episode end,2025-12-02,23
M0001414,E000878,K10+,Episode start,2025-06-24,37
M0001415,E000879,K10+,Episode start,2025-06-25,25
M0001416,E000879,K10+,Episode end,2025-09-29,29
M0001417,E000880,K10+,Episode start,2025-06-28,34
M0001418,E000880,K10+,Episode end,2025-07-17,32
M0001419,E000881,K10+,Episode start,2025-06-25,33
M0001420,E000881,K10+,Episode end,2025-09-20,30
M0001421,E000882,K10+,Episode start,2025-07-03,35
M0001422,E000883,K10+,Episode start,2025-07-22,44
M0001423,E000883,K10+,Episode end,2025-11-12,45
M0001424,E000884,K10+,Episode start,2025-06-26,38
M0001425,E000884,K10+,Episode end,2025-11-01,32
M0001426,E000886,K10+,Episode start,2025-06-28,39
M0001427,E000886,K10+,Episode end,2025-11-25,29
M0001428,E000887,K10+,Episode start,2025-07-30,27
M0001429,E000887,K10+,Episode end,2025-08-30,10
M0001430,E000888,K10+,Episode start,2025-06-30,39
M0001431,E000888,K10+,Episode end,2025-08-27,37
M0001432,E000890,K10+,Episode start,2025-06-28,34
M0001433,E000890,K10+,Episode end,2025-11-28,27
M0001434,E000891,K10+,Episode start,2025-07-04,32
M0001435,E000891,K10+,Episode end,2026-01-08,30
M0001436,E000892,K10+,Episode start,2025-06-28,34
M0001437,E000892,K10+,Episode end,2025-09-22,27
M0001438,E000893,K10+,Episode start,2025-06-28,30
M0001439,E000893,K10+,Episode end,2025-09-25,20
M0001440,E000894,K10+,Episode start,2025-07-09,22
M0001441,E000894,K10+,Episode end,2026-03-01,16
M0001442,E000895,K10+,Episode end,2025-10-24,25
M0001443,E000896,K10+,Episode start,2025-06-25,24
M0001444,E000896,K10+,Episode end,2025-10-03,17
M0001445,E000897,K10+,Episode start,2025-07-09,32
M0001446,E000897,K10+,Episode end,2025-10-08,23
M0001447,E000898,K10+,Episode start,2025-07-02,38
M0001448,E000898,K10+,Episode end,2026-02-05,34
M0001449,E000899,K10+,Episode start,2025-07-12,37
M0001450,E000899,K10+,Episode end,2025-08-25,32
M0001451,E000901,K10+,Episode start,2025-07-02,36
M0001452,E000901,K10+,Episode end,2025-11-29,31
M0001453,E000902,K10+,Episode start,2025-07-14,30
M0001454,E000902,K10+,Episode end,2025-08-20,28
M0001455,E000903,K10+,Episode start,2025-07-04,31
M0001456,E000903,K10+,Episode end,2025-10-29,28
M0001457,E000904,K10+,Episode start,2025-07-02,31
M0001458,E000904,K10+,Episode end,2025-11-20,21
M0001459,E000905,K10+,Episode start,2025-07-03,44
M0001460,E000905,K10+,Episode end,2025-11-12,43
M0001461,E000906,K10+,Episode start,2025-06-30,25
M0001462,E000906,K10+,Episode end,2025-09-05,16
M0001463,E000907,K10+,Episode start,2025-07-07,34
M0001464,E000907,K10+,Episode end,2025-10-10,35
M0001465,E000908,K10+,Episode start,2025-07-05,30
M0001466,E000908,K10+,Episode end,2025-08-28,27
M0001467,E000909,K10+,Episode start,2025-07-04,24
M0001468,E000910,K10+,Episode start,2025-07-19,25
M0001469,E000910,K10+,Episode end,2025-10-16,18
M0001470,E000912,K10+,Episode start,2025-08-03,36
M0001471,E000912,K10+,Episode end,2025-11-17,33
M0001472,E000913,K10+,Episode start,2025-06-28,28
M0001473,E000913,K10+,Episode end,2025-08-16,24
M0001474,E000914,K10+,Episode start,2025-07-17,33
M0001475,E000914,K10+,Episode end,2025-08-20,32
M0001476,E000915,K10+,Episode start,2025-07-06,27
M0001477,E000915,K10+,Episode end,2025-11-11,24
M0001478,E000916,K10+,Episode start,2025-07-11,41
M0001479,E000917,SDQ,Episode start,2025-07-11,22
M0001480,E000917,SDQ,Episode end,2025-10-25,21
M0001481,E000918,K10+,Episode start,2025-07-05,33
M0001482,E000918,K10+,Episode end,2025-09-18,22
M0001483,E000919,K10+,Episode start,2025-07-10,28
M0001484,E000920,K10+,Episode start,2025-09-08,30
M0001485,E000920,K10+,Episode end,2025-10-31,29
M0001486,E000922,K10+,Episode start,2025-07-05,22
M0001487,E000922,K10+,Episode end,2025-09-14,10
M0001488,E000923,K10+,Episode start,2025-07-20,36
M0001489,E000923,K10+,Episode end,2025-10-28,39
M0001490,E000924,K10+,Episode start,2025-07-15,36
M0001491,E000924,K10+,Episode end,2025-09-07,30
M0001492,E000925,K10+,Episode start,2025-07-06,27
M0001493,E000925,K10+,Episode end,2025-12-24,27
M0001494,E000926,K10+,Episode start,2025-07-14,35
M0001495,E000926,K10+,Episode end,2025-12-05,21
M0001496,E000927,K10+,Episode start,2025-07-08,21
M0001497,E000928,K10+,Episode start,2025-07-14,36
M0001498,E000928,K10+,Episode end,2025-09-23,29
M0001499,E000929,K10+,Episode start,2025-07-08,37
M0001500,E000929,K10+,Episode end,2025-10-06,29
M0001501,E000930,K10+,Episode start,2025-07-30,26
M0001502,E000930,K10+,Episode end,2026-01-10,19
M0001503,E000931,K10+,Episode start,2025-07-17,29
M0001504,E000931,K10+,Episode end,2025-08-26,32
M0001505,E000932,K10+,Episode start,2025-07-10,33
M0001506,E000933,K10+,Episode start,2025-07-09,35
M0001507,E000933,K10+,Episode end,2025-10-07,29
M0001508,E000934,K10+,Episode start,2025-07-18,28
M0001509,E000934,K10+,Episode end,2025-09-10,22
M0001510,E000935,K10+,Episode start,2025-07-14,24
M0001511,E000935,K10+,Episode end,2025-10-12,11
M0001512,E000936,K10+,Episode start,2025-07-10,25
M0001513,E000936,K10+,Episode end,2025-10-31,21
M0001514,E000937,K10+,Episode start,2025-07-18,41
M0001515,E000937,K10+,Episode end,2025-10-19,34
M0001516,E000938,K10+,Episode start,2025-07-21,34
M0001517,E000940,K10+,Episode start,2025-07-08,33
M0001518,E000940,K10+,Episode end,2025-10-23,34
M0001519,E000941,K10+,Episode start,2025-07-17,33
M0001520,E000942,K10+,Episode start,2025-07-19,35
M0001521,E000942,K10+,Episode end,2025-10-28,22
M0001522,E000943,K10+,Episode start,2025-07-30,28
M0001523,E000943,K10+,Episode end,2025-12-28,19
M0001524,E000944,K10+,Episode start,2025-07-17,33
M0001525,E000944,K10+,Episode end,2025-09-08,27
M0001526,E000945,K10+,Episode start,2025-07-12,26
M0001527,E000945,K10+,Episode end,2025-10-27,31
M0001528,E000946,K10+,Episode start,2025-07-27,22
M0001529,E000946,K10+,Episode end,2025-09-11,19
M0001530,E000947,K10+,Episode start,2025-07-27,28
M0001531,E000947,K10+,Episode end,2025-09-05,24
M0001532,E000948,K10+,Episode start,2025-07-23,29
M0001533,E000948,K10+,Episode end,2025-09-30,23
M0001534,E000949,K10+,Episode start,2025-07-07,40
M0001535,E000950,K10+,Episode start,2025-07-13,31
M0001536,E000951,K10+,Episode start,2025-07-12,39
M0001537,E000951,K10+,Episode end,2025-11-09,34
M0001538,E000952,K10+,Episode start,2025-07-13,31
M0001539,E000952,K10+,Episode end,2025-11-19,30
M0001540,E000953,K10+,Episode start,2025-07-19,34
M0001541,E000954,K10+,Episode start,2025-07-10,25
M0001542,E000954,K10+,Episode end,2025-12-10,12
M0001543,E000955,K10+,Episode start,2025-07-20,32
M0001544,E000956,K10+,Episode start,2025-08-06,36
M0001545,E000956,K10+,Episode end,2025-09-21,22
M0001546,E000958,K10+,Episode start,2025-07-21,33
M0001547,E000958,K10+,Episode end,2025-10-04,32
M0001548,E000959,K10+,Episode start,2025-07-24,19
M0001549,E000959,K10+,Episode end,2025-08-25,13
M0001550,E000960,K10+,Episode start,2025-07-12,47
M0001551,E000960,K10+,Episode end,2025-09-18,47
M0001552,E000962,K10+,Episode start,2025-07-22,38
M0001553,E000962,K10+,Episode end,2025-09-20,30
M0001554,E000963,K10+,Episode start,2025-07-30,28
M0001555,E000963,K10+,Episode end,2025-10-15,25
M0001556,E000964,K10+,Episode start,2025-07-16,32
M0001557,E000964,K10+,Episode end,2025-12-01,36
M0001558,E000965,K10+,Episode start,2025-07-17,31
M0001559,E000966,K10+,Episode start,2025-07-28,28
M0001560,E000966,K10+,Episode end,2025-10-15,25
M0001561,E000967,K10+,Episode start,2025-07-15,45
M0001562,E000967,K10+,Episode end,2026-01-02,30
M0001563,E000968,K10+,Episode start,2025-07-14,30
M0001564,E000968,K10+,Episode end,2025-09-21,29
M0001565,E000969,K10+,Episode start,2025-07-16,29
M0001566,E000969,K10+,Episode end,2025-12-01,29
M0001567,E000970,K10+,Episode start,2025-07-28,32
M0001568,E000970,K10+,Episode end,2025-10-17,33
M0001569,E000971,K10+,Episode start,2025-07-25,26
M0001570,E000971,K10+,Episode end,2025-10-28,23
M0001571,E000972,K10+,Episode start,2025-07-20,29
M0001572,E000972,K10+,Episode end,2025-10-30,23
M0001573,E000973,K10+,Episode start,2025-07-17,26
M0001574,E000974,K10+,Episode start,2025-07-16,37
M0001575,E000974,K10+,Episode end,2025-10-16,22
M0001576,E000975,K10+,Episode start,2025-07-22,34
M0001577,E000975,K10+,Episode end,2026-01-10,32
M0001578,E000976,K10+,Episode start,2025-07-25,28
M0001579,E000976,K10+,Episode end,2026-03-26,26
M0001580,E000978,K10+,Episode start,2025-08-01,32
M0001581,E000978,K10+,Episode end,2025-12-26,24
M0001582,E000980,K10+,Episode start,2025-07-28,23
M0001583,E000980,K10+,Episode end,2025-12-09,15
M0001584,E000981,K10+,Episode start,2025-07-30,26
M0001585,E000981,K10+,Episode end,2025-09-23,21
M0001586,E000982,K10+,Episode start,2025-08-02,27
M0001587,E000982,K10+,Episode end,2025-10-22,15
M0001588,E000984,K10+,Episode start,2025-07-20,39
M0001589,E000984,K10+,Episode end,2025-11-20,27
M0001590,E000985,K10+,Episode start,2025-08-02,35
M0001591,E000985,K10+,Episode end,2025-10-18,28
M0001592,E000986,K10+,Episode start,2025-07-25,40
M0001593,E000986,K10+,Episode end,2025-10-28,19
M0001594,E000987,K10+,Episode start,2025-07-22,34
M0001595,E000987,K10+,Episode end,2025-10-11,32
M0001596,E000988,K10+,Episode start,2025-07-29,35
M0001597,E000988,K10+,Episode end,2025-11-20,20
M0001598,E000989,K10+,Episode start,2025-07-23,27
M0001599,E000989,K10+,Episode end,2025-10-02,27
M0001600,E000990,K10+,Episode start,2025-07-24,28
M0001601,E000990,K10+,Episode end,2025-10-10,23
M0001602,E000991,K10+,Episode start,2025-08-20,21
M0001603,E000991,K10+,Episode end,2025-11-08,19
M0001604,E000992,K10+,Episode start,2025-08-07,27
M0001605,E000992,K10+,Episode end,2025-10-05,23
M0001606,E000993,K10+,Episode start,2025-07-29,25
M0001607,E000993,K10+,Episode end,2025-10-05,19
M0001608,E000994,K10+,Episode start,2025-07-26,40
M0001609,E000995,K10+,Episode start,2025-08-11,29
M0001610,E000995,K10+,Episode end,2025-11-28,10
M0001611,E000996,K10+,Episode start,2025-08-02,31
M0001612,E000997,K10+,Episode start,2025-07-26,38
M0001613,E000997,K10+,Episode end,2025-11-11,38
M0001614,E000998,K10+,Episode start,2025-08-06,24
M0001615,E000998,K10+,Episode end,2026-01-29,13
M0001616,E000999,K10+,Episode start,2025-07-28,30
M0001617,E000999,K10+,Episode end,2025-09-24,30
M0001618,E001000,K10+,Episode start,2025-08-10,27
M0001619,E001000,K10+,Episode end,2025-12-06,26
M0001620,E001001,K10+,Episode start,2025-08-15,41
M0001621,E001001,K10+,Episode end,2025-12-13,37
M0001622,E001002,K10+,Episode start,2025-07-23,38
M0001623,E001002,K10+,Episode end,2026-03-16,35
M0001624,E001003,K10+,Episode start,2025-07-28,37
M0001625,E001003,K10+,Episode end,2025-10-14,38
M0001626,E001004,K10+,Episode start,2025-07-25,25
M0001627,E001004,K10+,Episode end,2025-12-09,26
M0001628,E001005,K10+,Episode start,2025-08-01,32
M0001629,E001005,K10+,Episode end,2025-10-14,21
M0001630,E001006,K10+,Episode start,2025-07-23,29
M0001631,E001007,K10+,Episode start,2025-08-04,28
M0001632,E001007,K10+,Episode end,2025-10-02,28
M0001633,E001008,K10+,Episode start,2025-07-29,32
M0001634,E001008,K10+,Episode end,2025-11-21,26
M0001635,E001009,K10+,Episode start,2025-08-05,26
M0001636,E001010,K10+,Episode start,2025-08-03,34
M0001637,E001011,K10+,Episode start,2025-07-26,33
M0001638,E001011,K10+,Episode end,2025-11-10,29
M0001639,E001012,K10+,Episode start,2025-07-27,45
M0001640,E001012,K10+,Episode end,2025-08-19,39
M0001641,E001013,K10+,Episode start,2025-07-28,19
M0001642,E001013,K10+,Episode end,2025-12-23,10
M0001643,E001014,K10+,Episode start,2025-07-31,31
M0001644,E001014,K10+,Episode end,2026-02-17,29
M0001645,E001015,K10+,Episode end,2026-01-17,25
M0001646,E001016,K10+,Episode start,2025-08-29,35
M0001647,E001016,K10+,Episode end,2025-10-13,29
M0001648,E001017,K10+,Episode start,2025-08-04,28
M0001649,E001017,K10+,Episode end,2026-01-25,21
M0001650,E001018,K10+,Episode start,2025-07-31,28
M0001651,E001018,K10+,Episode end,2025-08-20,14
M0001652,E001019,K10+,Episode start,2025-07-28,32
M0001653,E001019,K10+,Episode end,2026-01-17,15
M0001654,E001020,K10+,Episode start,2025-08-11,32
M0001655,E001021,K10+,Episode start,2025-07-26,40
M0001656,E001021,K10+,Episode end,2025-11-05,41
M0001657,E001022,K10+,Episode start,2025-07-29,27
M0001658,E001022,K10+,Episode end,2025-11-23,19
M0001659,E001023,K10+,Episode start,2025-08-04,31
M0001660,E001024,K10+,Episode start,2025-08-02,32
M0001661,E001024,K10+,Episode end,2026-02-16,17
M0001662,E001025,K10+,Episode start,2025-08-06,40
M0001663,E001025,K10+,Episode end,2025-10-12,40
M0001664,E001026,K10+,Episode start,2025-08-10,35
M0001665,E001026,K10+,Episode end,2025-12-31,24
M0001666,E001027,K10+,Episode start,2025-08-14,37
M0001667,E001027,K10+,Episode end,2025-12-16,29
M0001668,E001028,K10+,Episode start,2025-08-03,41
M0001669,E001028,K10+,Episode end,2025-09-21,29
M0001670,E001029,K10+,Episode start,2025-07-30,28
M0001671,E001029,K10+,Episode end,2025-10-16,26
M0001672,E001030,K10+,Episode start,2025-08-11,28
M0001673,E001030,K10+,Episode end,2025-10-04,17
M0001674,E001031,K10+,Episode start,2025-08-16,28
M0001675,E001031,K10+,Episode end,2025-10-22,19
M0001676,E001032,K10+,Episode start,2025-08-04,34
M0001677,E001032,K10+,Episode end,2025-12-22,26
M0001678,E001033,K10+,Episode start,2025-08-03,31
M0001679,E001034,K10+,Episode start,2025-08-28,23
M0001680,E001034,K10+,Episode end,2025-09-29,10
M0001681,E001035,K10+,Episode start,2025-08-06,25
M0001682,E001035,K10+,Episode end,2025-12-17,13
M0001683,E001036,K10+,Episode start,2025-08-04,33
M0001684,E001036,K10+,Episode end,2026-01-17,32
M0001685,E001037,K10+,Episode start,2025-08-03,29
M0001686,E001037,K10+,Episode end,2025-09-22,27
M0001687,E001038,K10+,Episode start,2025-09-04,30
M0001688,E001038,K10+,Episode end,2026-03-02,27
M0001689,E001039,K10+,Episode start,2025-08-04,29
M0001690,E001039,K10+,Episode end,2025-12-14,16
M0001691,E001041,K10+,Episode start,2025-08-03,14
M0001692,E001041,K10+,Episode end,2025-12-21,10
M0001693,E001042,K10+,Episode start,2025-08-21,23
M0001694,E001042,K10+,Episode end,2025-10-04,24
M0001695,E001043,K10+,Episode start,2025-08-06,29
M0001696,E001044,K10+,Episode start,2025-08-14,36
M0001697,E001044,K10+,Episode end,2025-12-24,19
M0001698,E001045,K10+,Episode start,2025-08-05,33
M0001699,E001045,K10+,Episode end,2026-03-13,30
M0001700,E001046,K10+,Episode start,2025-08-06,26
M0001701,E001046,K10+,Episode end,2025-11-09,15
M0001702,E001047,K10+,Episode start,2025-08-11,33
M0001703,E001048,K10+,Episode start,2025-08-11,32
M0001704,E001049,K10+,Episode start,2025-08-23,31
M0001705,E001049,K10+,Episode end,2025-11-18,21
M0001706,E001050,K10+,Episode start,2025-08-25,37
M0001707,E001050,K10+,Episode end,2025-10-12,32
M0001708,E001051,K10+,Episode start,2025-08-06,37
M0001709,E001051,K10+,Episode end,2025-09-16,38
M0001710,E001052,K10+,Episode start,2025-08-16,35
M0001711,E001052,K10+,Episode end,2025-10-14,25
M0001712,E001053,K10+,Episode start,2025-08-30,23
M0001713,E001053,K10+,Episode end,2026-03-18,11
M0001714,E001054,K10+,Episode start,2025-08-08,32
M0001715,E001054,K10+,Episode end,2025-10-13,21
M0001716,E001055,K10+,Episode end,2025-11-22,29
M0001717,E001056,K10+,Episode start,2025-08-25,32
M0001718,E001056,K10+,Episode end,2025-12-27,30
M0001719,E001057,K10+,Episode start,2025-08-22,24
M0001720,E001057,K10+,Episode end,2025-12-24,20
M0001721,E001058,K10+,Episode start,2025-08-05,35
M0001722,E001058,K10+,Episode end,2025-12-07,24
M0001723,E001059,K10+,Episode end,2025-11-19,31
M0001724,E001060,K10+,Episode start,2025-08-08,32
M0001725,E001060,K10+,Episode end,2025-11-21,30
M0001726,E001061,K10+,Episode start,2025-08-11,30
M0001727,E001061,K10+,Episode end,2025-12-18,25
M0001728,E001062,K10+,Episode start,2025-08-12,29
M0001729,E001063,K10+,Episode end,2025-11-29,28
M0001730,E001064,K10+,Episode start,2025-08-24,41
M0001731,E001064,K10+,Episode end,2025-12-14,36
M0001732,E001065,K10+,Episode start,2025-08-26,33
M0001733,E001065,K10+,Episode end,2025-11-06,14
M0001734,E001066,K10+,Episode start,2025-08-11,33
M0001735,E001067,K10+,Episode start,2025-08-10,43
M0001736,E001067,K10+,Episode end,2026-02-13,41
M0001737,E001068,K10+,Episode start,2025-10-26,30
M0001738,E001068,K10+,Episode end,2026-01-13,23
M0001739,E001069,K10+,Episode start,2025-08-11,24
M0001740,E001069,K10+,Episode end,2026-03-09,20
M0001741,E001070,K10+,Episode start,2025-08-11,45
M0001742,E001070,K10+,Episode end,2025-10-23,39
M0001743,E001071,K10+,Episode start,2025-08-09,28
M0001744,E001071,K10+,Episode end,2025-10-11,30
M0001745,E001072,K10+,Episode start,2025-08-09,41
M0001746,E001072,K10+,Episode end,2025-12-30,43
M0001747,E001073,K10+,Episode start,2025-08-23,27
M0001748,E001073,K10+,Episode end,2025-09-15,23
M0001749,E001074,K10+,Episode start,2025-08-14,27
M0001750,E001074,K10+,Episode end,2025-10-23,20
M0001751,E001075,K10+,Episode start,2025-09-01,37
M0001752,E001077,K10+,Episode start,2025-08-20,32
M0001753,E001078,K10+,Episode start,2025-08-21,30
M0001754,E001079,K10+,Episode start,2025-08-30,34
M0001755,E001079,K10+,Episode end,2026-02-12,22
M0001756,E001080,K10+,Episode start,2025-08-11,28
M0001757,E001080,K10+,Episode end,2025-10-27,17
M0001758,E001081,SDQ,Episode start,2025-08-15,27
M0001759,E001081,SDQ,Episode end,2025-09-21,21
M0001760,E001082,K10+,Episode start,2025-08-14,44
M0001761,E001084,K10+,Episode start,2025-08-21,31
M0001762,E001084,K10+,Episode end,2025-10-09,34
M0001763,E001085,K10+,Episode start,2025-08-14,23
M0001764,E001085,K10+,Episode end,2026-03-15,23
M0001765,E001086,SDQ,Episode start,2025-08-29,15
M0001766,E001086,SDQ,Episode end,2025-11-23,13
M0001767,E001087,SDQ,Episode start,2025-08-16,28
M0001768,E001087,SDQ,Episode end,2025-12-06,29
M0001769,E001088,K10+,Episode start,2025-08-26,23
M0001770,E001088,K10+,Episode end,2025-11-23,24
M0001771,E001089,K10+,Episode start,2025-08-24,24
M0001772,E001089,K10+,Episode end,2026-02-25,26
M0001773,E001090,K10+,Episode start,2025-09-06,40
M0001774,E001090,K10+,Episode end,2026-02-08,36
M0001775,E001091,K10+,Episode start,2025-08-16,34
M0001776,E001091,K10+,Episode end,2025-12-26,37
M0001777,E001092,K10+,Episode start,2025-08-23,41
M0001778,E001092,K10+,Episode end,2025-10-29,36
M0001779,E001093,K10+,Episode start,2025-08-21,36
M0001780,E001094,K10+,Episode start,2025-08-15,31
M0001781,E001094,K10+,Episode end,2026-03-02,20
M0001782,E001095,K10+,Episode start,2025-08-13,22
M0001783,E001095,K10+,Episode end,2025-10-31,20
M0001784,E001096,K10+,Episode end,2025-12-02,24
M0001785,E001097,K10+,Episode start,2025-08-16,28
M0001786,E001097,K10+,Episode end,2026-03-25,13
M0001787,E001098,K10+,Episode start,2025-08-15,35
M0001788,E001100,K10+,Episode start,2025-08-25,32
M0001789,E001100,K10+,Episode end,2025-10-08,21
M0001790,E001101,K10+,Episode start,2025-08-24,41
M0001791,E001102,K10+,Episode start,2025-08-26,37
M0001792,E001103,K10+,Episode start,2025-08-20,30
M0001793,E001103,K10+,Episode end,2025-10-20,33
M0001794,E001104,K10+,Episode start,2025-08-17,26
M0001795,E001104,K10+,Episode end,2025-09-27,17
M0001796,E001105,K10+,Episode start,2025-09-03,37
M0001797,E001106,K10+,Episode start,2025-08-19,33
M0001798,E001106,K10+,Episode end,2025-11-23,30
M0001799,E001107,K10+,Episode end,2025-10-04,20
M0001800,E001108,K10+,Episode start,2025-09-05,27
M0001801,E001108,K10+,Episode end,2026-01-03,13
M0001802,E001109,K10+,Episode start,2025-08-16,26
M0001803,E001109,K10+,Episode end,2025-12-30,29
M0001804,E001111,K10+,Episode start,2025-09-02,39
M0001805,E001111,K10+,Episode end,2025-11-02,45
M0001806,E001112,K10+,Episode start,2025-08-22,35
M0001807,E001112,K10+,Episode end,2026-02-05,23
M0001808,E001113,K10+,Episode start,2025-08-24,43
M0001809,E001114,K10+,Episode end,2025-12-07,23
M0001810,E001115,K10+,Episode start,2025-08-21,31
M0001811,E001115,K10+,Episode end,2025-11-14,18
M0001812,E001116,K10+,Episode start,2025-08-27,23
M0001813,E001116,K10+,Episode end,2025-11-29,26
M0001814,E001117,K10+,Episode start,2025-08-23,32
M0001815,E001117,K10+,Episode end,2025-10-12,25
M0001816,E001118,K10+,Episode start,2025-08-21,31
M0001817,E001118,K10+,Episode end,2026-01-04,24
M0001818,E001119,K10+,Episode start,2025-08-26,24
M0001819,E001120,K10+,Episode start,2025-08-23,24
M0001820,E001120,K10+,Episode end,2025-09-20,22
M0001821,E001121,K10+,Episode start,2025-09-01,34
M0001822,E001121,K10+,Episode end,2025-12-31,28
M0001823,E001122,K10+,Episode start,2025-08-26,23
M0001824,E001123,K10+,Episode start,2025-08-27,27
M0001825,E001123,K10+,Episode end,2026-02-03,22
M0001826,E001125,K10+,Episode start,2025-09-01,39
M0001827,E001126,K10+,Episode start,2025-08-24,32
M0001828,E001126,K10+,Episode end,2025-11-13,22
M0001829,E001127,K10+,Episode start,2025-09-22,25
M0001830,E001129,K10+,Episode start,2025-08-22,27
M0001831,E001130,K10+,Episode start,2025-08-26,31
M0001832,E001130,K10+,Episode end,2025-11-12,27
M0001833,E001131,K10+,Episode start,2025-08-23,24
M0001834,E001131,K10+,Episode end,2025-10-12,17
M0001835,E001132,SDQ,Episode start,2025-08-31,28
M0001836,E001132,SDQ,Episode end,2026-03-09,29
M0001837,E001133,K10+,Episode start,2025-09-12,37
M0001838,E001133,K10+,Episode end,2025-12-15,37
M0001839,E001134,K10+,Episode start,2025-08-25,21
M0001840,E001134,K10+,Episode end,2025-12-08,19
M0001841,E001136,K10+,Episode start,2025-08-23,35
M0001842,E001136,K10+,Episode end,2026-03-04,21
M0001843,E001137,K10+,Episode start,2025-08-26,29
M0001844,E001137,K10+,Episode end,2026-03-06,16
M0001845,E001138,K10+,Episode start,2025-08-29,23
M0001846,E001138,K10+,Episode end,2025-12-27,17
M0001847,E001139,K10+,Episode start,2025-08-31,29
M0001848,E001139,K10+,Episode end,2025-11-17,20
M0001849,E001140,K10+,Episode start,2025-08-25,27
M0001850,E001140,K10+,Episode end,2025-11-19,16
M0001851,E001141,K10+,Episode start,2025-08-24,34
M0001852,E001141,K10+,Episode end,2025-09-21,30
M0001853,E001142,K10+,Episode start,2025-09-10,37
M0001854,E001143,K10+,Episode start,2025-09-17,32
M0001855,E001143,K10+,Episode end,2025-12-07,28
M0001856,E001144,K10+,Episode start,2025-09-03,29
M0001857,E001144,K10+,Episode end,2026-02-07,14
M0001858,E001145,K10+,Episode start,2025-08-23,24
M0001859,E001145,K10+,Episode end,2025-12-15,21
M0001860,E001146,K10+,Episode start,2025-09-01,25
M0001861,E001146,K10+,Episode end,2026-01-19,19
M0001862,E001147,K10+,Episode start,2025-09-06,30
M0001863,E001147,K10+,Episode end,2026-01-15,19
M0001864,E001148,K10+,Episode start,2025-08-29,29
M0001865,E001148,K10+,Episode end,2025-11-25,29
M0001866,E001149,K10+,Episode start,2025-09-21,38
M0001867,E001149,K10+,Episode end,2025-10-23,33
M0001868,E001150,K10+,Episode start,2025-09-05,29
M0001869,E001150,K10+,Episode end,2025-12-10,17
M0001870,E001151,K10+,Episode start,2025-09-07,40
M0001871,E001151,K10+,Episode end,2026-01-17,35
M0001872,E001152,K10+,Episode start,2025-09-08,35
M0001873,E001152,K10+,Episode end,2025-12-27,33
M0001874,E001153,K10+,Episode start,2025-10-02,28
M0001875,E001154,K10+,Episode start,2025-09-08,19
M0001876,E001154,K10+,Episode end,2025-11-19,25
M0001877,E001155,K10+,Episode start,2025-09-10,34
M0001878,E001155,K10+,Episode end,2025-12-13,23
M0001879,E001156,K10+,Episode start,2025-09-24,31
M0001880,E001156,K10+,Episode end,2026-02-14,29
M0001881,E001157,K10+,Episode start,2025-08-30,27
M0001882,E001157,K10+,Episode end,2026-01-22,16
M0001883,E001158,K10+,Episode start,2025-09-01,35
M0001884,E001159,K10+,Episode start,2025-09-13,25
M0001885,E001159,K10+,Episode end,2026-01-30,15
M0001886,E001160,K10+,Episode start,2025-09-27,36
M0001887,E001160,K10+,Episode end,2025-11-19,28
M0001888,E001161,K10+,Episode start,2025-09-08,38
M0001889,E001161,K10+,Episode end,2025-10-10,34
M0001890,E001162,K10+,Episode start,2025-09-04,23
M0001891,E001162,K10+,Episode end,2025-10-17,24
M0001892,E001163,K10+,Episode start,2025-09-01,29
M0001893,E001163,K10+,Episode end,2025-12-08,21
M0001894,E001164,K10+,Episode start,2025-09-06,21
M0001895,E001164,K10+,Episode end,2025-11-30,12
M0001896,E001165,K10+,Episode start,2025-09-01,28
M0001897,E001166,SDQ,Episode start,2025-09-07,25
M0001898,E001166,SDQ,Episode end,2025-11-25,20
M0001899,E001167,K10+,Episode start,2025-09-10,31
M0001900,E001167,K10+,Episode end,2025-10-17,25
M0001901,E001168,K10+,Episode end,2026-01-06,41
M0001902,E001169,K10+,Episode start,2025-09-10,35
M0001903,E001169,K10+,Episode end,2025-12-02,29
M0001904,E001170,K10+,Episode start,2025-09-06,38
M0001905,E001170,K10+,Episode end,2025-10-15,38
M0001906,E001171,K10+,Episode start,2025-09-21,28
M0001907,E001171,K10+,Episode end,2026-01-02,23
M0001908,E001172,K10+,Episode start,2025-09-04,32
M0001909,E001172,K10+,Episode end,2026-02-04,19
M0001910,E001173,SDQ,Episode start,2025-09-06,24
M0001911,E001173,SDQ,Episode end,2026-03-24,24
M0001912,E001174,K10+,Episode start,2025-09-07,36
M0001913,E001175,K10+,Episode start,2025-09-16,31
M0001914,E001175,K10+,Episode end,2025-12-11,31
M0001915,E001176,K10+,Episode start,2025-09-04,27
M0001916,E001176,K10+,Episode end,2025-10-05,23
M0001917,E001177,K10+,Episode start,2025-09-15,33
M0001918,E001177,K10+,Episode end,2025-12-18,21
M0001919,E001178,K10+,Episode start,2025-09-06,18
M0001920,E001178,K10+,Episode end,2025-10-12,15
M0001921,E001179,K10+,Episode start,2025-09-03,22
M0001922,E001179,K10+,Episode end,2025-11-11,10
M0001923,E001180,K10+,Episode start,2025-09-11,31
M0001924,E001180,K10+,Episode end,2026-01-21,15
M0001925,E001182,K10+,Episode start,2025-09-10,30
M0001926,E001182,K10+,Episode end,2025-11-18,25
M0001927,E001183,K10+,Episode start,2025-09-12,23
M0001928,E001183,K10+,Episode end,2025-12-04,10
M0001929,E001184,K10+,Episode end,2025-12-26,11
M0001930,E001185,K10+,Episode start,2025-09-11,35
M0001931,E001185,K10+,Episode end,2026-01-02,34
M0001932,E001186,K10+,Episode start,2025-09-11,34
M0001933,E001186,K10+,Episode end,2026-01-01,23
M0001934,E001187,K10+,Episode start,2025-09-07,30
M0001935,E001188,K10+,Episode start,2025-09-14,26
M0001936,E001188,K10+,Episode end,2026-03-27,25
M0001937,E001189,K10+,Episode start,2025-09-09,20
M0001938,E001189,K10+,Episode end,2025-11-22,10
M0001939,E001190,K10+,Episode start,2025-09-05,26
M0001940,E001191,K10+,Episode start,2025-09-04,36
M0001941,E001191,K10+,Episode end,2025-11-22,28
M0001942,E001192,K10+,Episode start,2025-09-20,41
M0001943,E001192,K10+,Episode end,2025-11-14,41
M0001944,E001193,K10+,Episode start,2025-09-12,31
M0001945,E001193,K10+,Episode end,2025-10-30,35
M0001946,E001194,K10+,Episode start,2025-09-11,32
M0001947,E001194,K10+,Episode end,2025-11-04,15
M0001948,E001195,K10+,Episode end,2026-03-18,35
M0001949,E001196,K10+,Episode start,2025-09-06,31
M0001950,E001196,K10+,Episode end,2026-01-24,15
M0001951,E001197,K10+,Episode start,2025-09-10,28
M0001952,E001197,K10+,Episode end,2025-10-25,26
M0001953,E001198,K10+,Episode start,2025-09-11,23
M0001954,E001199,K10+,Episode start,2025-09-11,26
M0001955,E001199,K10+,Episode end,2025-11-02,22
M0001956,E001200,K10+,Episode end,2025-12-28,40
M0001957,E001201,K10+,Episode start,2025-09-10,30
M0001958,E001201,K10+,Episode end,2025-10-20,28
M0001959,E001203,K10+,Episode start,2025-09-25,28
M0001960,E001203,K10+,Episode end,2026-01-29,28
M0001961,E001204,K10+,Episode start,2025-09-09,25
M0001962,E001204,K10+,Episode end,2025-12-13,22
M0001963,E001205,K10+,Episode start,2025-09-09,34
M0001964,E001205,K10+,Episode end,2025-11-15,10
M0001965,E001206,K10+,Episode start,2025-09-10,35
M0001966,E001206,K10+,Episode end,2025-12-08,29
M0001967,E001207,K10+,Episode start,2025-09-11,18
M0001968,E001208,K10+,Episode start,2025-09-21,30
M0001969,E001208,K10+,Episode end,2026-02-03,21
M0001970,E001209,K10+,Episode start,2025-09-14,30
M0001971,E001209,K10+,Episode end,2025-12-18,18
M0001972,E001210,K10+,Episode start,2025-09-09,35
M0001973,E001210,K10+,Episode end,2025-11-28,16
M0001974,E001211,SDQ,Episode start,2025-10-05,19
M0001975,E001211,SDQ,Episode end,2025-12-26,13
M0001976,E001212,K10+,Episode start,2025-09-24,41
M0001977,E001212,K10+,Episode end,2025-12-21,27
M0001978,E001213,K10+,Episode start,2025-09-28,27
M0001979,E001213,K10+,Episode end,2026-01-12,17
M0001980,E001214,K10+,Episode start,2025-09-09,32
M0001981,E001214,K10+,Episode end,2025-12-17,24
M0001982,E001215,K10+,Episode start,2025-09-14,30
M0001983,E001215,K10+,Episode end,2025-12-12,22
M0001984,E001216,K10+,Episode start,2025-09-11,30
M0001985,E001216,K10+,Episode end,2025-10-01,29
M0001986,E001217,K10+,Episode start,2025-09-22,25
M0001987,E001217,K10+,Episode end,2025-11-18,21
M0001988,E001218,K10+,Episode start,2025-09-21,25
M0001989,E001218,K10+,Episode end,2025-11-04,26
M0001990,E001219,K10+,Episode start,2025-09-20,25
M0001991,E001219,K10+,Episode end,2025-10-20,20
M0001992,E001220,K10+,Episode start,2025-09-22,29
M0001993,E001220,K10+,Episode end,2025-12-23,25
M0001994,E001221,K10+,Episode start,2025-09-19,28
M0001995,E001221,K10+,Episode end,2025-11-18,14
M0001996,E001222,K10+,Episode start,2025-09-15,30
M0001997,E001222,K10+,Episode end,2026-04-19,27
M0001998,E001223,K10+,Episode start,2025-09-27,30
M0001999,E001223,K10+,Episode end,2025-10-12,10
M0002000,E001224,K10+,Episode start,2025-09-28,25
M0002001,E001224,K10+,Episode end,2026-01-05,19
M0002002,E001225,K10+,Episode start,2025-09-19,30
M0002003,E001225,K10+,Episode end,2026-02-12,18
M0002004,E001226,K10+,Episode end,2026-01-11,25
M0002005,E001227,K10+,Episode start,2025-09-18,36
M0002006,E001227,K10+,Episode end,2026-06-25,40
M0002007,E001229,K10+,Episode start,2025-09-23,27
M0002008,E001229,K10+,Episode end,2026-01-23,12
M0002009,E001230,K10+,Episode start,2025-09-17,34
M0002010,E001230,K10+,Episode end,2025-12-31,29
M0002011,E001232,SDQ,Episode start,2025-09-16,23
M0002012,E001233,K10+,Episode start,2025-09-21,28
M0002013,E001233,K10+,Episode end,2026-03-28,24
M0002014,E001234,K10+,Episode start,2025-09-21,18
M0002015,E001234,K10+,Episode end,2026-02-21,22
M0002016,E001236,SDQ,Episode start,2025-09-19,15
M0002017,E001237,K10+,Episode start,2025-09-18,32
M0002018,E001237,K10+,Episode end,2025-12-12,17
M0002019,E001238,K10+,Episode start,2025-09-19,38
M0002020,E001238,K10+,Episode end,2025-11-21,34
M0002021,E001240,K10+,Episode start,2025-09-22,28
M0002022,E001240,K10+,Episode end,2026-01-26,20
M0002023,E001241,K10+,Episode start,2025-09-25,22
M0002024,E001242,K10+,Episode start,2025-10-03,39
M0002025,E001242,K10+,Episode end,2026-01-11,38
M0002026,E001243,K10+,Episode start,2025-10-05,29
M0002027,E001243,K10+,Episode end,2026-02-02,27
M0002028,E001244,K10+,Episode start,2025-09-19,30
M0002029,E001244,K10+,Episode end,2026-02-03,16
M0002030,E001245,K10+,Episode start,2025-09-29,33
M0002031,E001245,K10+,Episode end,2026-01-07,29
M0002032,E001246,K10+,Episode start,2025-09-23,29
M0002033,E001246,K10+,Episode end,2025-12-19,20
M0002034,E001247,K10+,Episode start,2025-09-22,34
M0002035,E001247,K10+,Episode end,2026-04-28,33
M0002036,E001248,K10+,Episode start,2025-09-18,33
M0002037,E001248,K10+,Episode end,2025-12-26,28
M0002038,E001251,K10+,Episode start,2025-09-24,23
M0002039,E001251,K10+,Episode end,2025-12-15,21
M0002040,E001252,K10+,Episode start,2025-09-20,24
M0002041,E001252,K10+,Episode end,2026-01-11,23
M0002042,E001253,K10+,Episode start,2025-09-22,37
M0002043,E001253,K10+,Episode end,2026-02-03,30
M0002044,E001255,K10+,Episode start,2025-09-24,39
M0002045,E001255,K10+,Episode end,2026-01-21,29
M0002046,E001256,SDQ,Episode start,2025-10-03,19
M0002047,E001256,SDQ,Episode end,2025-11-22,19
M0002048,E001257,K10+,Episode end,2026-04-16,13
M0002049,E001258,K10+,Episode start,2025-09-23,23
M0002050,E001259,K10+,Episode start,2025-09-26,29
M0002051,E001259,K10+,Episode end,2026-02-06,21
M0002052,E001260,K10+,Episode start,2025-10-14,32
M0002053,E001261,K10+,Episode start,2025-09-29,23
M0002054,E001261,K10+,Episode end,2025-11-28,23
M0002055,E001262,K10+,Episode start,2025-09-23,28
M0002056,E001262,K10+,Episode end,2026-02-16,21
M0002057,E001263,K10+,Episode start,2025-10-07,34
M0002058,E001264,K10+,Episode start,2025-10-10,25
M0002059,E001264,K10+,Episode end,2025-11-19,19
M0002060,E001266,K10+,Episode end,2026-01-13,23
M0002061,E001267,K10+,Episode start,2025-09-28,34
M0002062,E001267,K10+,Episode end,2026-05-08,27
M0002063,E001268,K10+,Episode start,2025-10-03,30
M0002064,E001268,K10+,Episode end,2025-12-19,22
M0002065,E001269,K10+,Episode start,2025-09-25,37
M0002066,E001269,K10+,Episode end,2026-01-25,36
M0002067,E001270,K10+,Episode start,2025-09-26,32
M0002068,E001270,K10+,Episode end,2026-03-05,14
M0002069,E001271,K10+,Episode start,2025-09-26,38
M0002070,E001271,K10+,Episode end,2025-11-26,33
M0002071,E001272,K10+,Episode start,2025-10-01,35
M0002072,E001272,K10+,Episode end,2026-01-10,34
M0002073,E001273,K10+,Episode end,2025-12-20,27
M0002074,E001274,K10+,Episode start,2025-10-02,25
M0002075,E001274,K10+,Episode end,2025-12-02,18
M0002076,E001275,K10+,Episode start,2025-10-06,18
M0002077,E001275,K10+,Episode end,2025-12-20,13
M0002078,E001276,K10+,Episode start,2025-09-25,20
M0002079,E001276,K10+,Episode end,2026-02-23,17
M0002080,E001277,K10+,Episode start,2025-09-25,30
M0002081,E001277,K10+,Episode end,2026-02-11,20
M0002082,E001278,K10+,Episode start,2025-09-30,21
M0002083,E001279,K10+,Episode start,2025-10-06,36
M0002084,E001279,K10+,Episode end,2026-01-25,38
M0002085,E001280,K10+,Episode start,2025-09-28,18
M0002086,E001280,K10+,Episode end,2025-12-09,10
M0002087,E001281,K10+,Episode start,2025-10-06,39
M0002088,E001281,K10+,Episode end,2026-01-18,27
M0002089,E001282,K10+,Episode start,2025-10-02,40
M0002090,E001282,K10+,Episode end,2025-12-13,18
M0002091,E001283,K10+,Episode start,2025-10-02,30
M0002092,E001283,K10+,Episode end,2026-01-12,26
M0002093,E001284,K10+,Episode start,2025-10-06,37
M0002094,E001284,K10+,Episode end,2026-02-26,36
M0002095,E001285,K10+,Episode start,2025-09-26,36
M0002096,E001285,K10+,Episode end,2025-11-04,31
M0002097,E001286,K10+,Episode start,2025-10-05,21
M0002098,E001286,K10+,Episode end,2026-01-26,10
M0002099,E001287,K10+,Episode start,2025-09-27,34
M0002100,E001287,K10+,Episode end,2025-12-20,29
M0002101,E001288,K10+,Episode end,2025-10-30,19
M0002102,E001289,K10+,Episode start,2025-10-04,29
M0002103,E001290,K10+,Episode start,2025-10-16,37
M0002104,E001290,K10+,Episode end,2025-12-01,25
M0002105,E001291,K10+,Episode start,2025-10-03,19
M0002106,E001291,K10+,Episode end,2025-12-15,11
M0002107,E001292,K10+,Episode start,2025-10-07,42
M0002108,E001292,K10+,Episode end,2025-11-24,50
M0002109,E001293,K10+,Episode start,2025-10-10,42
M0002110,E001293,K10+,Episode end,2026-03-17,35
M0002111,E001294,K10+,Episode start,2025-11-06,21
M0002112,E001295,K10+,Episode start,2025-10-17,32
M0002113,E001295,K10+,Episode end,2026-02-27,30
M0002114,E001296,K10+,Episode start,2025-11-10,19
M0002115,E001296,K10+,Episode end,2025-12-24,10
M0002116,E001297,K10+,Episode start,2025-10-13,31
M0002117,E001297,K10+,Episode end,2025-12-16,29
M0002118,E001298,K10+,Episode start,2025-10-02,30
M0002119,E001298,K10+,Episode end,2026-01-23,11
M0002120,E001299,K10+,Episode start,2025-10-07,24
M0002121,E001299,K10+,Episode end,2026-04-11,22
M0002122,E001300,K10+,Episode start,2025-10-10,26
M0002123,E001300,K10+,Episode end,2026-04-09,16
M0002124,E001303,K10+,Episode end,2025-12-30,41
M0002125,E001304,K10+,Episode start,2025-10-06,29
M0002126,E001304,K10+,Episode end,2025-11-09,18
M0002127,E001306,K10+,Episode end,2026-04-20,30
M0002128,E001307,K10+,Episode start,2025-10-20,35
M0002129,E001307,K10+,Episode end,2025-12-20,27
M0002130,E001308,K10+,Episode end,2025-12-31,27
M0002131,E001309,K10+,Episode start,2025-10-07,40
M0002132,E001309,K10+,Episode end,2025-11-12,35
M0002133,E001310,K10+,Episode start,2025-10-11,16
M0002134,E001310,K10+,Episode end,2026-03-01,10
M0002135,E001311,K10+,Episode start,2025-10-03,30
M0002136,E001311,K10+,Episode end,2025-12-15,22
M0002137,E001312,K10+,Episode start,2025-10-15,39
M0002138,E001313,K10+,Episode start,2025-10-16,30
M0002139,E001313,K10+,Episode end,2026-03-01,16
M0002140,E001314,K10+,Episode start,2025-10-07,30
M0002141,E001314,K10+,Episode end,2026-01-16,26
M0002142,E001315,K10+,Episode start,2025-10-06,35
M0002143,E001315,K10+,Episode end,2025-12-20,36
M0002144,E001316,K10+,Episode start,2025-10-04,23
M0002145,E001317,K10+,Episode start,2025-10-04,44
M0002146,E001317,K10+,Episode end,2025-11-26,40
M0002147,E001318,K10+,Episode start,2025-10-06,39
M0002148,E001318,K10+,Episode end,2025-11-27,34
M0002149,E001319,K10+,Episode start,2025-10-10,42
M0002150,E001319,K10+,Episode end,2026-05-03,33
M0002151,E001320,K10+,Episode start,2025-10-25,27
M0002152,E001320,K10+,Episode end,2026-02-08,20
M0002153,E001321,K10+,Episode start,2025-12-06,30
M0002154,E001322,K10+,Episode start,2025-10-07,43
M0002155,E001323,K10+,Episode start,2025-10-06,33
M0002156,E001323,K10+,Episode end,2025-12-18,32
M0002157,E001324,K10+,Episode start,2025-10-25,30
M0002158,E001324,K10+,Episode end,2026-05-02,25
M0002159,E001325,K10+,Episode start,2025-10-25,32
M0002160,E001325,K10+,Episode end,2026-02-12,25
M0002161,E001326,K10+,Episode start,2025-10-07,34
M0002162,E001326,K10+,Episode end,2026-03-08,23
M0002163,E001327,K10+,Episode start,2025-10-10,35
M0002164,E001327,K10+,Episode end,2025-11-24,32
M0002165,E001328,K10+,Episode start,2025-10-11,39
M0002166,E001329,K10+,Episode start,2025-10-21,32
M0002167,E001329,K10+,Episode end,2026-01-05,36
M0002168,E001330,K10+,Episode start,2025-10-17,27
M0002169,E001330,K10+,Episode end,2025-12-07,18
M0002170,E001331,K10+,Episode start,2025-10-06,31
M0002171,E001332,K10+,Episode start,2025-10-09,32
M0002172,E001332,K10+,Episode end,2026-04-14,26
M0002173,E001333,K10+,Episode start,2025-10-11,28
M0002174,E001334,SDQ,Episode start,2025-10-21,14
M0002175,E001334,SDQ,Episode end,2026-02-28,6
M0002176,E001335,K10+,Episode start,2025-10-17,35
M0002177,E001336,K10+,Episode start,2025-10-15,32
M0002178,E001336,K10+,Episode end,2025-12-02,27
M0002179,E001337,K10+,Episode start,2025-10-06,37
M0002180,E001339,K10+,Episode start,2025-11-01,26
M0002181,E001340,K10+,Episode start,2025-10-11,35
M0002182,E001340,K10+,Episode end,2026-01-31,27
M0002183,E001341,K10+,Episode start,2025-10-09,37
M0002184,E001342,K10+,Episode start,2025-10-22,24
M0002185,E001342,K10+,Episode end,2026-04-26,13
M0002186,E001343,K10+,Episode start,2025-10-16,25
M0002187,E001344,K10+,Episode start,2025-10-13,33
M0002188,E001344,K10+,Episode end,2026-01-04,18
M0002189,E001345,K10+,Episode start,2025-10-14,30
M0002190,E001346,K10+,Episode start,2025-10-11,36
M0002191,E001346,K10+,Episode end,2026-03-05,35
M0002192,E001347,K10+,Episode start,2025-10-14,41
M0002193,E001347,K10+,Episode end,2026-01-08,29
M0002194,E001348,K10+,Episode start,2025-10-12,36
M0002195,E001349,K10+,Episode start,2025-10-20,22
M0002196,E001349,K10+,Episode end,2026-03-14,10
M0002197,E001350,K10+,Episode start,2025-10-12,25
M0002198,E001350,K10+,Episode end,2025-12-11,19
M0002199,E001351,K10+,Episode start,2025-10-17,30
M0002200,E001352,K10+,Episode start,2025-10-18,36
M0002201,E001352,K10+,Episode end,2026-01-25,27
M0002202,E001353,K10+,Episode start,2025-10-14,26
M0002203,E001353,K10+,Episode end,2026-01-07,13
M0002204,E001354,K10+,Episode start,2025-10-12,21
M0002205,E001354,K10+,Episode end,2026-02-04,10
M0002206,E001355,K10+,Episode start,2025-10-13,40
M0002207,E001357,K10+,Episode start,2025-10-25,33
M0002208,E001357,K10+,Episode end,2026-03-15,27
M0002209,E001358,K10+,Episode start,2025-10-16,37
M0002210,E001358,K10+,Episode end,2025-12-18,20
M0002211,E001359,K10+,Episode start,2025-10-19,30
M0002212,E001359,K10+,Episode end,2026-03-03,27
M0002213,E001360,K10+,Episode start,2025-10-20,32
M0002214,E001360,K10+,Episode end,2026-03-25,23
M0002215,E001361,K10+,Episode start,2025-10-20,40
M0002216,E001362,K10+,Episode start,2025-10-22,39
M0002217,E001363,K10+,Episode start,2025-10-24,29
M0002218,E001363,K10+,Episode end,2026-02-06,25
M0002219,E001364,K10+,Episode start,2025-10-18,31
M0002220,E001364,K10+,Episode end,2026-01-20,15
M0002221,E001365,K10+,Episode start,2025-10-23,20
M0002222,E001365,K10+,Episode end,2026-03-11,16
M0002223,E001366,K10+,Episode start,2025-10-20,31
M0002224,E001366,K10+,Episode end,2026-01-20,32
M0002225,E001367,K10+,Episode end,2026-01-17,36
M0002226,E001368,K10+,Episode start,2025-11-05,30
M0002227,E001368,K10+,Episode end,2026-02-17,15
M0002228,E001369,K10+,Episode start,2025-10-18,21
M0002229,E001369,K10+,Episode end,2026-04-13,18
M0002230,E001370,K10+,Episode start,2025-10-23,25
M0002231,E001370,K10+,Episode end,2026-05-02,24
M0002232,E001371,K10+,Episode start,2025-10-18,31
M0002233,E001372,K10+,Episode start,2025-10-20,41
M0002234,E001372,K10+,Episode end,2026-01-12,34
M0002235,E001373,K10+,Episode start,2025-10-29,34
M0002236,E001373,K10+,Episode end,2025-12-28,40
M0002237,E001374,K10+,Episode start,2025-10-23,24
M0002238,E001374,K10+,Episode end,2026-01-19,19
M0002239,E001375,K10+,Episode start,2025-10-24,46
M0002240,E001375,K10+,Episode end,2025-12-02,50
M0002241,E001376,K10+,Episode start,2025-10-25,35
M0002242,E001376,K10+,Episode end,2026-04-08,38
M0002243,E001377,K10+,Episode start,2025-10-24,35
M0002244,E001377,K10+,Episode end,2026-04-20,40
M0002245,E001378,K10+,Episode start,2025-10-29,31
M0002246,E001378,K10+,Episode end,2025-12-26,28
M0002247,E001379,K10+,Episode start,2025-10-29,24
M0002248,E001380,K10+,Episode start,2025-11-10,35
M0002249,E001380,K10+,Episode end,2026-03-29,32
M0002250,E001381,K10+,Episode start,2025-10-23,44
M0002251,E001381,K10+,Episode end,2026-05-05,41
M0002252,E001384,K10+,Episode start,2025-11-09,40
M0002253,E001384,K10+,Episode end,2026-02-23,42
M0002254,E001385,K10+,Episode start,2025-10-22,18
M0002255,E001385,K10+,Episode end,2026-01-18,15
M0002256,E001386,SDQ,Episode start,2025-10-25,27
M0002257,E001386,SDQ,Episode end,2026-04-14,29
M0002258,E001387,K10+,Episode start,2025-10-25,27
M0002259,E001387,K10+,Episode end,2025-12-21,25
M0002260,E001388,K10+,Episode start,2025-10-24,27
M0002261,E001388,K10+,Episode end,2026-02-13,28
M0002262,E001389,K10+,Episode start,2025-11-03,40
M0002263,E001390,K10+,Episode start,2025-10-25,25
M0002264,E001391,K10+,Episode start,2025-11-06,40
M0002265,E001391,K10+,Episode end,2026-03-05,41
M0002266,E001392,K10+,Episode start,2025-11-02,35
M0002267,E001392,K10+,Episode end,2026-01-21,34
M0002268,E001393,K10+,Episode start,2025-10-31,24
M0002269,E001393,K10+,Episode end,2026-03-22,16
M0002270,E001394,K10+,Episode start,2025-10-30,28
M0002271,E001394,K10+,Episode end,2025-12-09,15
M0002272,E001395,K10+,Episode start,2025-11-27,31
M0002273,E001396,K10+,Episode end,2026-02-17,33
M0002274,E001397,K10+,Episode start,2025-10-27,30
M0002275,E001397,K10+,Episode end,2026-05-29,30
M0002276,E001398,K10+,Episode start,2025-11-02,38
M0002277,E001398,K10+,Episode end,2026-02-01,35
M0002278,E001399,K10+,Episode start,2025-10-25,30
M0002279,E001399,K10+,Episode end,2025-12-21,33
M0002280,E001400,K10+,Episode start,2025-10-24,28
M0002281,E001401,K10+,Episode start,2025-10-24,41
M0002282,E001401,K10+,Episode end,2026-02-12,40
M0002283,E001402,K10+,Episode start,2025-11-22,30
M0002284,E001403,K10+,Episode end,2026-02-03,31
M0002285,E001404,K10+,Episode start,2025-11-08,27
M0002286,E001404,K10+,Episode end,2025-12-26,28
M0002287,E001405,K10+,Episode start,2025-11-14,21
M0002288,E001406,K10+,Episode start,2025-11-01,28
M0002289,E001406,K10+,Episode end,2025-11-22,12
M0002290,E001407,K10+,Episode start,2025-11-17,29
M0002291,E001407,K10+,Episode end,2026-01-07,18
M0002292,E001408,K10+,Episode start,2025-10-28,32
M0002293,E001409,K10+,Episode start,2025-11-04,44
M0002294,E001409,K10+,Episode end,2026-06-01,41
M0002295,E001410,K10+,Episode start,2025-10-28,30
M0002296,E001410,K10+,Episode end,2025-12-29,29
M0002297,E001412,K10+,Episode start,2025-10-31,24
M0002298,E001412,K10+,Episode end,2026-01-09,15
M0002299,E001413,K10+,Episode start,2025-10-26,34
M0002300,E001413,K10+,Episode end,2026-03-28,28
M0002301,E001414,K10+,Episode start,2025-11-02,39
M0002302,E001414,K10+,Episode end,2025-12-01,30
M0002303,E001416,K10+,Episode start,2025-11-01,29
M0002304,E001417,K10+,Episode start,2025-11-04,34
M0002305,E001417,K10+,Episode end,2026-02-27,27
M0002306,E001418,K10+,Episode start,2025-11-05,25
M0002307,E001419,K10+,Episode start,2025-11-19,32
M0002308,E001420,K10+,Episode start,2025-11-22,35
M0002309,E001421,K10+,Episode end,2026-05-11,22
M0002310,E001422,K10+,Episode start,2025-11-06,44
M0002311,E001422,K10+,Episode end,2026-03-19,36
M0002312,E001424,K10+,Episode start,2025-11-11,33
M0002313,E001424,K10+,Episode end,2026-04-29,33
M0002314,E001425,K10+,Episode start,2025-11-02,30
M0002315,E001425,K10+,Episode end,2026-03-16,26
M0002316,E001426,K10+,Episode start,2025-11-06,37
M0002317,E001426,K10+,Episode end,2026-01-31,33
M0002318,E001427,K10+,Episode start,2025-11-03,34
M0002319,E001428,K10+,Episode start,2025-11-04,33
M0002320,E001428,K10+,Episode end,2026-04-13,29
M0002321,E001429,K10+,Episode start,2025-11-09,34
M0002322,E001429,K10+,Episode end,2026-04-21,27
M0002323,E001430,K10+,Episode start,2025-11-01,39
M0002324,E001430,K10+,Episode end,2026-03-17,32
M0002325,E001431,K10+,Episode start,2025-11-08,39
M0002326,E001431,K10+,Episode end,2026-03-02,32
M0002327,E001432,K10+,Episode start,2025-11-21,38
M0002328,E001432,K10+,Episode end,2026-01-09,41
M0002329,E001434,K10+,Episode start,2025-11-09,29
M0002330,E001434,K10+,Episode end,2026-02-22,21
M0002331,E001435,K10+,Episode start,2025-11-08,31
M0002332,E001435,K10+,Episode end,2026-03-03,22
M0002333,E001436,K10+,Episode start,2025-11-05,27
M0002334,E001436,K10+,Episode end,2025-12-15,14
M0002335,E001437,SDQ,Episode start,2025-12-07,13
M0002336,E001437,SDQ,Episode end,2026-05-31,12
M0002337,E001438,K10+,Episode start,2025-11-06,29
M0002338,E001438,K10+,Episode end,2025-12-11,25
M0002339,E001439,K10+,Episode start,2025-11-10,26
M0002340,E001439,K10+,Episode end,2026-06-03,18
M0002341,E001440,K10+,Episode start,2025-11-09,32
M0002342,E001441,SDQ,Episode start,2025-11-06,15
M0002343,E001441,SDQ,Episode end,2026-01-22,3
M0002344,E001442,K10+,Episode start,2025-11-07,31
M0002345,E001443,K10+,Episode start,2025-11-07,25
M0002346,E001443,K10+,Episode end,2026-04-29,18
M0002347,E001444,K10+,Episode start,2025-11-15,27
M0002348,E001444,K10+,Episode end,2026-06-06,27
M0002349,E001445,K10+,Episode start,2025-11-15,24
M0002350,E001445,K10+,Episode end,2025-12-21,15
M0002351,E001447,K10+,Episode start,2025-11-23,30
M0002352,E001447,K10+,Episode end,2026-01-21,28
M0002353,E001448,K10+,Episode start,2025-11-15,36
M0002354,E001448,K10+,Episode end,2026-06-02,19
M0002355,E001450,K10+,Episode start,2025-11-08,34
M0002356,E001450,K10+,Episode end,2026-01-27,25
M0002357,E001451,K10+,Episode start,2025-11-19,29
M0002358,E001452,K10+,Episode start,2025-11-12,37
M0002359,E001452,K10+,Episode end,2026-06-16,28
M0002360,E001453,K10+,Episode start,2025-11-30,27
M0002361,E001453,K10+,Episode end,2026-01-23,20
M0002362,E001454,K10+,Episode end,2026-06-08,27
M0002363,E001455,K10+,Episode start,2025-11-10,26
M0002364,E001455,K10+,Episode end,2026-03-20,16
M0002365,E001456,K10+,Episode start,2025-11-10,31
M0002366,E001456,K10+,Episode end,2026-03-29,24
M0002367,E001457,K10+,Episode start,2025-11-10,39
M0002368,E001457,K10+,Episode end,2026-04-22,33
M0002369,E001458,K10+,Episode start,2025-11-07,32
M0002370,E001458,K10+,Episode end,2025-12-29,21
M0002371,E001459,K10+,Episode start,2025-11-17,31
M0002372,E001459,K10+,Episode end,2026-05-09,18
M0002373,E001460,K10+,Episode start,2025-11-12,36
M0002374,E001461,K10+,Episode start,2025-12-03,26
M0002375,E001461,K10+,Episode end,2026-01-24,22
M0002376,E001462,K10+,Episode start,2025-11-09,36
M0002377,E001462,K10+,Episode end,2026-04-23,32
M0002378,E001463,K10+,Episode start,2025-11-18,35
M0002379,E001463,K10+,Episode end,2026-04-20,31
M0002380,E001464,K10+,Episode start,2025-11-14,29
M0002381,E001464,K10+,Episode end,2026-02-12,14
M0002382,E001465,K10+,Episode start,2025-11-15,28
M0002383,E001465,K10+,Episode end,2026-01-28,24
M0002384,E001466,K10+,Episode start,2025-11-18,36
M0002385,E001466,K10+,Episode end,2026-01-07,28
M0002386,E001467,K10+,Episode start,2025-11-11,34
M0002387,E001467,K10+,Episode end,2026-01-05,15
M0002388,E001468,K10+,Episode start,2025-11-18,28
M0002389,E001468,K10+,Episode end,2025-12-20,17
M0002390,E001469,K10+,Episode start,2025-12-03,29
M0002391,E001469,K10+,Episode end,2026-01-26,20
M0002392,E001470,K10+,Episode start,2025-11-22,37
M0002393,E001470,K10+,Episode end,2025-12-29,32
M0002394,E001471,K10+,Episode start,2025-11-27,24
M0002395,E001471,K10+,Episode end,2026-04-18,17
M0002396,E001473,K10+,Episode start,2025-11-12,34
M0002397,E001473,K10+,Episode end,2026-03-20,13
M0002398,E001474,K10+,Episode start,2025-11-18,36
M0002399,E001474,K10+,Episode end,2026-02-06,27
M0002400,E001475,K10+,Episode start,2025-11-21,24
M0002401,E001475,K10+,Episode end,2026-04-06,18
M0002402,E001476,K10+,Episode start,2025-11-16,40
M0002403,E001476,K10+,Episode end,2026-02-23,33
M0002404,E001477,K10+,Episode start,2025-11-29,42
M0002405,E001477,K10+,Episode end,2026-01-24,32
M0002406,E001478,K10+,Episode start,2025-11-30,32
M0002407,E001479,SDQ,Episode start,2025-11-16,24
M0002408,E001479,SDQ,Episode end,2026-05-06,21
M0002409,E001480,K10+,Episode start,2025-11-26,34
M0002410,E001480,K10+,Episode end,2026-03-17,21
M0002411,E001481,K10+,Episode start,2025-11-18,24
M0002412,E001481,K10+,Episode end,2026-01-06,10
M0002413,E001482,K10+,Episode start,2025-12-29,42
M0002414,E001482,K10+,Episode end,2026-05-01,28
M0002415,E001483,K10+,Episode start,2025-11-23,25
M0002416,E001483,K10+,Episode end,2026-01-02,22
M0002417,E001484,K10+,Episode start,2025-11-17,34
M0002418,E001484,K10+,Episode end,2026-02-15,40
M0002419,E001485,K10+,Episode start,2025-11-27,39
M0002420,E001486,K10+,Episode start,2025-11-24,25
M0002421,E001487,K10+,Episode end,2026-01-25,16
M0002422,E001488,K10+,Episode start,2025-11-27,30
M0002423,E001488,K10+,Episode end,2026-01-24,30
M0002424,E001489,K10+,Episode start,2025-11-27,30
M0002425,E001489,K10+,Episode end,2026-04-04,26
M0002426,E001490,K10+,Episode start,2025-11-17,26
M0002427,E001490,K10+,Episode end,2026-02-05,11
M0002428,E001491,K10+,Episode start,2025-11-30,40
M0002429,E001491,K10+,Episode end,2026-02-20,35
M0002430,E001492,K10+,Episode start,2025-11-24,37
M0002431,E001492,K10+,Episode end,2026-04-13,36
M0002432,E001493,K10+,Episode start,2025-11-28,38
M0002433,E001493,K10+,Episode end,2026-01-30,28
M0002434,E001494,K10+,Episode start,2025-11-21,37
M0002435,E001494,K10+,Episode end,2026-03-02,23
M0002436,E001495,K10+,Episode start,2025-12-05,31
M0002437,E001496,K10+,Episode start,2025-12-07,33
M0002438,E001496,K10+,Episode end,2026-06-05,25
M0002439,E001497,K10+,Episode start,2025-11-20,23
M0002440,E001497,K10+,Episode end,2026-03-24,17
M0002441,E001498,K10+,Episode start,2025-12-07,32
M0002442,E001498,K10+,Episode end,2026-01-15,23
M0002443,E001500,SDQ,Episode start,2025-11-20,19
M0002444,E001500,SDQ,Episode end,2026-03-30,20
M0002445,E001501,K10+,Episode end,2026-04-01,25
M0002446,E001502,K10+,Episode start,2025-11-21,24
M0002447,E001502,K10+,Episode end,2026-02-14,17
M0002448,E001503,K10+,Episode start,2025-12-08,26
M0002449,E001503,K10+,Episode end,2026-02-11,17
M0002450,E001504,K10+,Episode start,2025-12-05,36
M0002451,E001504,K10+,Episode end,2026-01-10,16
M0002452,E001505,K10+,Episode start,2025-11-28,32
M0002453,E001505,K10+,Episode end,2026-03-15,36
M0002454,E001506,K10+,Episode start,2025-11-23,36
M0002455,E001506,K10+,Episode end,2026-01-20,32
M0002456,E001507,K10+,Episode start,2025-12-07,34
M0002457,E001507,K10+,Episode end,2026-02-12,34
M0002458,E001509,K10+,Episode start,2025-11-27,36
M0002459,E001509,K10+,Episode end,2026-02-27,42
M0002460,E001510,K10+,Episode start,2025-11-21,43
M0002461,E001510,K10+,Episode end,2026-04-20,35
M0002462,E001511,K10+,Episode start,2025-11-20,30
M0002463,E001511,K10+,Episode end,2026-03-14,29
M0002464,E001512,K10+,Episode start,2025-11-25,34
M0002465,E001513,K10+,Episode start,2025-11-29,35
M0002466,E001513,K10+,Episode end,2026-01-25,27
M0002467,E001515,K10+,Episode start,2025-11-27,30
M0002468,E001516,K10+,Episode start,2025-12-01,27
M0002469,E001516,K10+,Episode end,2026-05-18,20
M0002470,E001517,K10+,Episode start,2025-11-27,21
M0002471,E001517,K10+,Episode end,2025-12-25,29
M0002472,E001518,K10+,Episode start,2025-11-27,28
M0002473,E001518,K10+,Episode end,2026-04-30,17
M0002474,E001519,K10+,Episode start,2025-12-08,34
M0002475,E001520,K10+,Episode start,2025-11-29,35
M0002476,E001520,K10+,Episode end,2026-06-21,22
M0002477,E001522,K10+,Episode start,2025-11-25,31
M0002478,E001522,K10+,Episode end,2026-04-16,25
M0002479,E001524,K10+,Episode start,2025-12-02,27
M0002480,E001524,K10+,Episode end,2026-04-02,22
M0002481,E001525,K10+,Episode end,2026-05-23,32
M0002482,E001526,K10+,Episode start,2025-12-03,31
M0002483,E001526,K10+,Episode end,2026-06-12,36
M0002484,E001527,K10+,Episode start,2025-12-04,30
M0002485,E001527,K10+,Episode end,2026-02-27,28
M0002486,E001528,K10+,Episode start,2025-12-04,29
M0002487,E001528,K10+,Episode end,2026-02-25,16
M0002488,E001529,SDQ,Episode start,2025-11-30,18
M0002489,E001529,SDQ,Episode end,2026-03-02,16
M0002490,E001530,K10+,Episode start,2025-12-05,27
M0002491,E001530,K10+,Episode end,2026-05-26,17
M0002492,E001531,K10+,Episode start,2025-11-26,32
M0002493,E001531,K10+,Episode end,2025-12-30,28
M0002494,E001532,K10+,Episode start,2025-11-29,31
M0002495,E001532,K10+,Episode end,2026-02-21,26
M0002496,E001533,K10+,Episode start,2025-11-28,31
M0002497,E001533,K10+,Episode end,2026-02-24,10
M0002498,E001534,K10+,Episode start,2025-11-25,26
M0002499,E001535,K10+,Episode start,2025-11-29,32
M0002500,E001535,K10+,Episode end,2026-04-26,20
M0002501,E001536,K10+,Episode start,2025-11-28,27
M0002502,E001536,K10+,Episode end,2026-06-12,12
M0002503,E001537,K10+,Episode start,2025-11-30,42
M0002504,E001537,K10+,Episode end,2026-01-14,21
M0002505,E001538,K10+,Episode start,2025-12-08,31
M0002506,E001538,K10+,Episode end,2026-04-18,25
M0002507,E001539,K10+,Episode start,2025-12-06,32
M0002508,E001539,K10+,Episode end,2026-05-23,27
M0002509,E001540,K10+,Episode start,2025-11-28,26
M0002510,E001540,K10+,Episode end,2026-05-12,22
M0002511,E001542,K10+,Episode start,2025-12-03,28
M0002512,E001542,K10+,Episode end,2026-04-06,29
M0002513,E001543,K10+,Episode start,2025-12-09,42
M0002514,E001543,K10+,Episode end,2026-05-05,38
M0002515,E001544,K10+,Episode start,2025-12-03,23
M0002516,E001544,K10+,Episode end,2026-01-31,11
M0002517,E001545,K10+,Episode start,2025-12-08,40
M0002518,E001545,K10+,Episode end,2026-02-05,28
M0002519,E001546,K10+,Episode start,2025-11-28,29
M0002520,E001546,K10+,Episode end,2026-02-17,33
M0002521,E001547,K10+,Episode start,2025-12-01,22
M0002522,E001548,K10+,Episode start,2025-12-07,31
M0002523,E001548,K10+,Episode end,2026-02-24,24
M0002524,E001549,K10+,Episode start,2025-11-30,31
M0002525,E001549,K10+,Episode end,2026-02-14,26
M0002526,E001550,K10+,Episode start,2025-12-01,25
M0002527,E001550,K10+,Episode end,2025-12-29,25
M0002528,E001551,K10+,Episode start,2025-11-30,32
M0002529,E001552,SDQ,Episode start,2025-12-07,18
M0002530,E001553,K10+,Episode start,2025-12-01,35
M0002531,E001553,K10+,Episode end,2026-06-17,37
M0002532,E001554,K10+,Episode start,2025-12-01,28
M0002533,E001554,K10+,Episode end,2026-04-17,23
M0002534,E001555,K10+,Episode start,2025-12-10,43
M0002535,E001556,K10+,Episode start,2025-12-10,28
M0002536,E001557,K10+,Episode start,2025-12-16,30
M0002537,E001557,K10+,Episode end,2026-04-25,26
M0002538,E001558,K10+,Episode start,2025-12-03,28
M0002539,E001558,K10+,Episode end,2026-03-17,24
M0002540,E001559,K10+,Episode start,2025-12-15,35
M0002541,E001559,K10+,Episode end,2026-06-16,33
M0002542,E001560,K10+,Episode start,2025-12-06,30
M0002543,E001560,K10+,Episode end,2026-04-15,19
M0002544,E001561,K10+,Episode start,2025-12-17,39
M0002545,E001561,K10+,Episode end,2026-02-03,33
M0002546,E001562,K10+,Episode start,2025-12-01,28
M0002547,E001564,K10+,Episode start,2025-12-07,28
M0002548,E001564,K10+,Episode end,2026-05-04,26
M0002549,E001565,K10+,Episode start,2025-12-08,29
M0002550,E001566,SDQ,Episode start,2025-12-09,19
M0002551,E001566,SDQ,Episode end,2026-03-27,15
M0002552,E001567,K10+,Episode start,2025-12-04,17
M0002553,E001567,K10+,Episode end,2026-02-20,10
M0002554,E001568,K10+,Episode start,2025-12-11,34
M0002555,E001568,K10+,Episode end,2026-04-28,33
M0002556,E001569,K10+,Episode start,2025-12-06,10
M0002557,E001570,K10+,Episode start,2025-12-09,26
M0002558,E001570,K10+,Episode end,2026-04-24,16
M0002559,E001572,K10+,Episode start,2025-12-11,28
M0002560,E001572,K10+,Episode end,2026-03-02,21
M0002561,E001573,K10+,Episode start,2025-12-14,42
M0002562,E001574,K10+,Episode start,2025-12-05,30
M0002563,E001574,K10+,Episode end,2026-04-06,30
M0002564,E001575,K10+,Episode start,2025-12-12,31
M0002565,E001575,K10+,Episode end,2026-04-22,16
M0002566,E001576,K10+,Episode start,2025-12-10,33
M0002567,E001576,K10+,Episode end,2026-04-18,17
M0002568,E001577,K10+,Episode start,2025-12-10,21
M0002569,E001577,K10+,Episode end,2026-03-11,21
M0002570,E001578,K10+,Episode start,2025-12-04,39
M0002571,E001579,K10+,Episode start,2025-12-10,37
M0002572,E001579,K10+,Episode end,2026-04-19,33
M0002573,E001580,K10+,Episode end,2026-06-21,30
M0002574,E001581,K10+,Episode start,2025-12-13,34
M0002575,E001581,K10+,Episode end,2026-02-22,12
M0002576,E001582,K10+,Episode start,2025-12-06,34
M0002577,E001583,K10+,Episode start,2025-12-09,32
M0002578,E001583,K10+,Episode end,2026-04-11,23
M0002579,E001584,K10+,Episode start,2025-12-09,33
M0002580,E001585,K10+,Episode start,2025-12-06,29
M0002581,E001586,K10+,Episode start,2025-12-13,33
M0002582,E001586,K10+,Episode end,2026-02-08,33
M0002583,E001587,K10+,Episode start,2025-12-16,42
M0002584,E001587,K10+,Episode end,2026-03-27,46
M0002585,E001588,K10+,Episode start,2025-12-17,26
M0002586,E001588,K10+,Episode end,2026-06-11,23
M0002587,E001590,K10+,Episode start,2025-12-09,30
M0002588,E001591,K10+,Episode start,2025-12-15,23
M0002589,E001591,K10+,Episode end,2026-05-22,21
M0002590,E001592,K10+,Episode start,2026-01-06,30
M0002591,E001592,K10+,Episode end,2026-02-17,19
M0002592,E001593,K10+,Episode start,2025-12-19,24
M0002593,E001593,K10+,Episode end,2026-04-28,19
M0002594,E001594,K10+,Episode start,2025-12-18,30
M0002595,E001594,K10+,Episode end,2026-04-13,18
M0002596,E001596,K10+,Episode start,2025-12-17,24
M0002597,E001596,K10+,Episode end,2026-02-06,16
M0002598,E001597,K10+,Episode start,2025-12-19,39
M0002599,E001597,K10+,Episode end,2026-02-12,34
M0002600,E001598,K10+,Episode start,2025-12-13,19
M0002601,E001599,K10+,Episode start,2025-12-22,36
M0002602,E001599,K10+,Episode end,2026-06-07,20
M0002603,E001600,K10+,Episode start,2025-12-15,38
M0002604,E001601,K10+,Episode start,2025-12-15,31
M0002605,E001601,K10+,Episode end,2026-04-02,21
M0002606,E001602,K10+,Episode start,2025-12-18,37
M0002607,E001602,K10+,Episode end,2026-05-23,36
M0002608,E001603,K10+,Episode start,2025-12-12,41
M0002609,E001604,K10+,Episode start,2025-12-14,42
M0002610,E001605,K10+,Episode start,2025-12-22,38
M0002611,E001606,K10+,Episode start,2025-12-25,35
M0002612,E001606,K10+,Episode end,2026-04-01,28
M0002613,E001607,K10+,Episode start,2025-12-23,34
M0002614,E001607,K10+,Episode end,2026-02-12,26
M0002615,E001608,K10+,Episode start,2025-12-19,33
M0002616,E001608,K10+,Episode end,2026-05-31,31
M0002617,E001609,K10+,Episode start,2026-01-02,31
M0002618,E001609,K10+,Episode end,2026-03-27,26
M0002619,E001610,K10+,Episode start,2025-12-12,38
M0002620,E001610,K10+,Episode end,2026-04-18,25
M0002621,E001611,K10+,Episode start,2025-12-19,32
M0002622,E001612,K10+,Episode start,2026-01-04,32
M0002623,E001613,K10+,Episode start,2025-12-20,33
M0002624,E001613,K10+,Episode end,2026-05-04,29
M0002625,E001614,K10+,Episode start,2025-12-19,35
M0002626,E001614,K10+,Episode end,2026-05-28,32
M0002627,E001615,K10+,Episode start,2025-12-19,27
M0002628,E001615,K10+,Episode end,2026-04-27,27
M0002629,E001616,K10+,Episode end,2026-05-08,24
M0002630,E001617,SDQ,Episode start,2025-12-23,18
M0002631,E001617,SDQ,Episode end,2026-05-18,17
M0002632,E001618,K10+,Episode start,2025-12-25,34
M0002633,E001618,K10+,Episode end,2026-04-08,31
M0002634,E001619,K10+,Episode start,2025-12-19,24
M0002635,E001619,K10+,Episode end,2026-06-07,23
M0002636,E001620,K10+,Episode start,2025-12-17,30
M0002637,E001621,SDQ,Episode start,2025-12-13,18
M0002638,E001621,SDQ,Episode end,2026-03-04,9
M0002639,E001622,K10+,Episode start,2025-12-20,25
M0002640,E001622,K10+,Episode end,2026-04-16,18
M0002641,E001623,SDQ,Episode start,2025-12-19,18
M0002642,E001623,SDQ,Episode end,2026-05-28,14
M0002643,E001624,K10+,Episode start,2025-12-21,31
M0002644,E001624,K10+,Episode end,2026-04-19,42
M0002645,E001625,K10+,Episode start,2025-12-23,28
M0002646,E001625,K10+,Episode end,2026-05-10,27
M0002647,E001626,K10+,Episode start,2026-01-08,25
M0002648,E001626,K10+,Episode end,2026-02-24,13
M0002649,E001627,K10+,Episode start,2025-12-21,31
M0002650,E001627,K10+,Episode end,2026-05-05,31
M0002651,E001628,K10+,Episode start,2026-01-25,38
M0002652,E001628,K10+,Episode end,2026-04-11,34
M0002653,E001629,K10+,Episode start,2025-12-23,37
M0002654,E001629,K10+,Episode end,2026-02-07,32
M0002655,E001632,SDQ,Episode start,2026-01-01,20
M0002656,E001632,SDQ,Episode end,2026-06-29,18
M0002657,E001633,K10+,Episode start,2026-01-04,22
M0002658,E001633,K10+,Episode end,2026-02-25,22
M0002659,E001634,K10+,Episode start,2025-12-16,26
M0002660,E001634,K10+,Episode end,2026-02-14,14
M0002661,E001635,K10+,Episode start,2025-12-22,30
M0002662,E001635,K10+,Episode end,2026-03-23,19
M0002663,E001636,K10+,Episode start,2026-01-01,34
M0002664,E001636,K10+,Episode end,2026-02-27,27
M0002665,E001637,K10+,Episode start,2026-01-01,34
M0002666,E001638,K10+,Episode start,2025-12-22,28
M0002667,E001638,K10+,Episode end,2026-06-25,25
M0002668,E001639,K10+,Episode start,2025-12-29,27
M0002669,E001639,K10+,Episode end,2026-05-16,24
M0002670,E001640,SDQ,Episode start,2025-12-31,16
M0002671,E001640,SDQ,Episode end,2026-02-12,8
M0002672,E001642,K10+,Episode start,2026-01-06,26
M0002673,E001642,K10+,Episode end,2026-04-22,27
M0002674,E001643,K10+,Episode start,2025-12-28,32
M0002675,E001643,K10+,Episode end,2026-04-13,27
M0002676,E001644,K10+,Episode start,2025-12-25,40
M0002677,E001644,K10+,Episode end,2026-03-29,32
M0002678,E001645,K10+,Episode start,2025-12-27,32
M0002679,E001645,K10+,Episode end,2026-03-30,27
M0002680,E001646,K10+,Episode start,2025-12-26,29
M0002681,E001646,K10+,Episode end,2026-04-06,26
M0002682,E001647,K10+,Episode start,2025-12-22,28
M0002683,E001647,K10+,Episode end,2026-02-23,25
M0002684,E001648,K10+,Episode start,2026-01-15,28
M0002685,E001648,K10+,Episode end,2026-04-12,21
M0002686,E001649,K10+,Episode start,2025-12-29,26
M0002687,E001650,K10+,Episode start,2026-01-19,40
M0002688,E001650,K10+,Episode end,2026-05-13,36
M0002689,E001651,K10+,Episode start,2025-12-28,38
M0002690,E001653,K10+,Episode start,2025-12-25,26
M0002691,E001653,K10+,Episode end,2026-05-01,14
M0002692,E001654,K10+,Episode start,2026-01-12,44
M0002693,E001655,K10+,Episode start,2025-12-27,44
M0002694,E001655,K10+,Episode end,2026-02-25,37
M0002695,E001656,K10+,Episode start,2026-01-01,26
M0002696,E001656,K10+,Episode end,2026-04-30,18
M0002697,E001657,K10+,Episode start,2025-12-29,29
M0002698,E001658,K10+,Episode start,2026-01-02,27
M0002699,E001658,K10+,Episode end,2026-04-12,14
M0002700,E001659,K10+,Episode start,2026-01-12,37
M0002701,E001659,K10+,Episode end,2026-04-13,32
M0002702,E001661,K10+,Episode start,2026-01-02,35
M0002703,E001661,K10+,Episode end,2026-03-30,29
M0002704,E001662,K10+,Episode start,2026-01-14,28
M0002705,E001662,K10+,Episode end,2026-05-24,22
M0002706,E001663,K10+,Episode start,2026-01-12,40
M0002707,E001663,K10+,Episode end,2026-05-20,31
M0002708,E001664,K10+,Episode end,2026-03-24,30
M0002709,E001665,K10+,Episode start,2025-12-27,32
M0002710,E001666,K10+,Episode end,2026-04-06,29
M0002711,E001667,K10+,Episode start,2026-01-01,25
M0002712,E001667,K10+,Episode end,2026-05-02,13
M0002713,E001668,K10+,Episode start,2026-01-02,27
M0002714,E001669,K10+,Episode start,2026-01-02,40
M0002715,E001669,K10+,Episode end,2026-04-22,41
M0002716,E001670,K10+,Episode start,2025-12-30,30
M0002717,E001671,K10+,Episode start,2026-01-04,32
M0002718,E001671,K10+,Episode end,2026-03-23,28
M0002719,E001672,K10+,Episode start,2026-01-01,27
M0002720,E001672,K10+,Episode end,2026-03-12,20
M0002721,E001673,K10+,Episode start,2026-01-11,36
M0002722,E001673,K10+,Episode end,2026-06-28,22
M0002723,E001674,K10+,Episode start,2026-01-01,23
M0002724,E001674,K10+,Episode end,2026-05-24,10
M0002725,E001675,K10+,Episode start,2026-01-06,20
M0002726,E001675,K10+,Episode end,2026-04-28,19
M0002727,E001676,K10+,Episode start,2026-01-05,35
M0002728,E001676,K10+,Episode end,2026-03-26,28
M0002729,E001677,K10+,Episode start,2026-01-02,33
M0002730,E001677,K10+,Episode end,2026-03-06,32
M0002731,E001678,K10+,Episode start,2026-01-04,27
M0002732,E001679,K10+,Episode start,2026-01-08,33
M0002733,E001680,K10+,Episode start,2026-01-01,18
M0002734,E001680,K10+,Episode end,2026-03-24,18
M0002735,E001681,K10+,Episode start,2026-01-09,42
M0002736,E001681,K10+,Episode end,2026-03-24,37
M0002737,E001682,K10+,Episode start,2026-01-24,30
M0002738,E001682,K10+,Episode end,2026-06-08,18
M0002739,E001683,K10+,Episode start,2026-01-05,28
M0002740,E001683,K10+,Episode end,2026-02-27,16
M0002741,E001684,SDQ,Episode start,2026-01-08,23
M0002742,E001684,SDQ,Episode end,2026-03-21,20
M0002743,E001685,K10+,Episode start,2026-01-07,30
M0002744,E001686,K10+,Episode start,2026-01-12,31
M0002745,E001686,K10+,Episode end,2026-05-28,25
M0002746,E001687,K10+,Episode start,2026-01-31,31
M0002747,E001687,K10+,Episode end,2026-05-13,25
M0002748,E001688,K10+,Episode start,2026-01-07,41
M0002749,E001689,K10+,Episode start,2026-01-16,30
M0002750,E001690,K10+,Episode start,2026-01-16,39
M0002751,E001691,K10+,Episode start,2026-01-07,30
M0002752,E001691,K10+,Episode end,2026-03-22,30
M0002753,E001693,K10+,Episode start,2026-01-11,37
M0002754,E001695,SDQ,Episode start,2026-01-07,22
M0002755,E001695,SDQ,Episode end,2026-02-19,22
M0002756,E001696,SDQ,Episode start,2026-01-10,16
M0002757,E001696,SDQ,Episode end,2026-05-26,14
M0002758,E001698,K10+,Episode start,2026-01-18,33
M0002759,E001698,K10+,Episode end,2026-03-14,34
M0002760,E001699,K10+,Episode start,2026-01-14,33
M0002761,E001700,K10+,Episode start,2026-01-20,36
M0002762,E001700,K10+,Episode end,2026-04-03,39
M0002763,E001701,K10+,Episode start,2026-01-15,34
M0002764,E001702,K10+,Episode start,2026-01-09,33
M0002765,E001702,K10+,Episode end,2026-02-16,16
M0002766,E001703,K10+,Episode start,2026-01-08,31
M0002767,E001703,K10+,Episode end,2026-05-06,33
M0002768,E001704,K10+,Episode start,2026-01-19,23
M0002769,E001704,K10+,Episode end,2026-02-20,16
M0002770,E001705,K10+,Episode start,2026-01-10,35
M0002771,E001705,K10+,Episode end,2026-06-09,29
M0002772,E001706,K10+,Episode start,2026-01-13,35
M0002773,E001707,K10+,Episode start,2026-02-02,38
M0002774,E001707,K10+,Episode end,2026-04-15,38
M0002775,E001708,SDQ,Episode start,2026-01-13,15
M0002776,E001708,SDQ,Episode end,2026-03-05,17
M0002777,E001709,K10+,Episode start,2026-01-14,36
M0002778,E001710,SDQ,Episode start,2026-02-10,15
M0002779,E001710,SDQ,Episode end,2026-05-24,18
M0002780,E001711,K10+,Episode end,2026-04-23,41
M0002781,E001712,K10+,Episode start,2026-01-14,21
M0002782,E001713,K10+,Episode start,2026-01-10,33
M0002783,E001713,K10+,Episode end,2026-02-28,25
M0002784,E001714,K10+,Episode start,2026-01-16,29
M0002785,E001714,K10+,Episode end,2026-05-10,28
M0002786,E001715,K10+,Episode start,2026-01-14,35
M0002787,E001715,K10+,Episode end,2026-04-23,37
M0002788,E001716,K10+,Episode start,2026-02-03,27
M0002789,E001716,K10+,Episode end,2026-05-11,20
M0002790,E001717,K10+,Episode start,2026-01-24,31
M0002791,E001717,K10+,Episode end,2026-05-15,19
M0002792,E001718,K10+,Episode start,2026-01-12,21
M0002793,E001718,K10+,Episode end,2026-04-16,19
M0002794,E001719,K10+,Episode start,2026-01-13,24
M0002795,E001719,K10+,Episode end,2026-02-20,14
M0002796,E001721,K10+,Episode start,2026-01-20,32
M0002797,E001721,K10+,Episode end,2026-06-24,29
M0002798,E001722,K10+,Episode start,2026-01-17,30
M0002799,E001722,K10+,Episode end,2026-05-27,33
M0002800,E001723,K10+,Episode start,2026-01-15,32
M0002801,E001723,K10+,Episode end,2026-05-18,27
M0002802,E001724,K10+,Episode start,2026-01-25,35
M0002803,E001724,K10+,Episode end,2026-04-22,30
M0002804,E001726,K10+,Episode start,2026-01-17,33
M0002805,E001727,K10+,Episode start,2026-01-22,34
M0002806,E001727,K10+,Episode end,2026-03-10,22
M0002807,E001728,K10+,Episode end,2026-04-28,37
M0002808,E001729,K10+,Episode start,2026-01-19,26
M0002809,E001729,K10+,Episode end,2026-04-18,24
M0002810,E001730,K10+,Episode start,2026-02-08,37
M0002811,E001731,K10+,Episode start,2026-01-30,15
M0002812,E001731,K10+,Episode end,2026-06-25,15
M0002813,E001732,K10+,Episode start,2026-01-20,37
M0002814,E001733,K10+,Episode start,2026-02-06,41
M0002815,E001733,K10+,Episode end,2026-05-17,34
M0002816,E001734,K10+,Episode start,2026-01-17,28
M0002817,E001734,K10+,Episode end,2026-06-08,23
M0002818,E001735,K10+,Episode start,2026-01-18,42
M0002819,E001736,SDQ,Episode start,2026-01-18,17
M0002820,E001736,SDQ,Episode end,2026-04-21,12
M0002821,E001737,K10+,Episode start,2026-01-31,34
M0002822,E001737,K10+,Episode end,2026-06-17,20
M0002823,E001738,K10+,Episode start,2026-01-28,24
M0002824,E001739,K10+,Episode start,2026-01-30,21
M0002825,E001739,K10+,Episode end,2026-05-15,19
M0002826,E001741,K10+,Episode start,2026-01-21,34
M0002827,E001742,K10+,Episode start,2026-03-10,37
M0002828,E001742,K10+,Episode end,2026-06-14,33
M0002829,E001743,K10+,Episode start,2026-01-19,30
M0002830,E001744,K10+,Episode start,2026-01-20,32
M0002831,E001744,K10+,Episode end,2026-04-10,21
M0002832,E001745,K10+,Episode end,2026-04-25,27
M0002833,E001746,K10+,Episode start,2026-02-10,23
M0002834,E001746,K10+,Episode end,2026-04-05,18
M0002835,E001747,K10+,Episode start,2026-01-24,29
M0002836,E001748,K10+,Episode start,2026-01-26,24
M0002837,E001748,K10+,Episode end,2026-05-23,26
M0002838,E001749,K10+,Episode start,2026-01-26,30
M0002839,E001749,K10+,Episode end,2026-05-06,15
M0002840,E001750,K10+,Episode start,2026-01-26,32
M0002841,E001751,K10+,Episode start,2026-01-20,30
M0002842,E001751,K10+,Episode end,2026-02-17,28
M0002843,E001752,K10+,Episode start,2026-01-21,25
M0002844,E001753,K10+,Episode start,2026-01-31,24
M0002845,E001753,K10+,Episode end,2026-03-06,19
M0002846,E001754,K10+,Episode start,2026-02-08,36
M0002847,E001754,K10+,Episode end,2026-05-05,31
M0002848,E001755,K10+,Episode start,2026-01-22,23
M0002849,E001757,K10+,Episode start,2026-01-28,26
M0002850,E001757,K10+,Episode end,2026-05-09,22
M0002851,E001758,K10+,Episode start,2026-01-27,29
M0002852,E001758,K10+,Episode end,2026-05-02,21
M0002853,E001759,K10+,Episode start,2026-01-29,26
M0002854,E001759,K10+,Episode end,2026-06-20,28
M0002855,E001760,SDQ,Episode start,2026-02-26,15
M0002856,E001761,K10+,Episode start,2026-01-28,39
M0002857,E001761,K10+,Episode end,2026-03-21,48
M0002858,E001762,SDQ,Episode start,2026-01-30,25
M0002859,E001762,SDQ,Episode end,2026-06-05,21
M0002860,E001763,K10+,Episode start,2026-01-30,25
M0002861,E001763,K10+,Episode end,2026-05-03,20
M0002862,E001764,SDQ,Episode start,2026-01-23,23
M0002863,E001764,SDQ,Episode end,2026-04-07,18
M0002864,E001765,K10+,Episode end,2026-03-21,21
M0002865,E001767,K10+,Episode start,2026-02-02,30
M0002866,E001767,K10+,Episode end,2026-06-30,28
M0002867,E001768,K10+,Episode start,2026-01-31,30
M0002868,E001768,K10+,Episode end,2026-03-28,28
M0002869,E001769,K10+,Episode start,2026-01-30,35
M0002870,E001769,K10+,Episode end,2026-03-22,33
M0002871,E001770,K10+,Episode start,2026-02-12,35
M0002872,E001770,K10+,Episode end,2026-04-15,26
M0002873,E001771,K10+,Episode start,2026-01-29,28
M0002874,E001771,K10+,Episode end,2026-05-10,25
M0002875,E001773,K10+,Episode start,2026-02-05,30
M0002876,E001773,K10+,Episode end,2026-04-03,27
M0002877,E001774,K10+,Episode start,2026-01-26,32
M0002878,E001774,K10+,Episode end,2026-06-09,21
M0002879,E001775,K10+,Episode start,2026-02-05,37
M0002880,E001775,K10+,Episode end,2026-03-22,36
M0002881,E001776,K10+,Episode end,2026-04-12,16
M0002882,E001777,K10+,Episode start,2026-02-11,32
M0002883,E001777,K10+,Episode end,2026-04-16,20
M0002884,E001778,K10+,Episode start,2026-01-31,31
M0002885,E001778,K10+,Episode end,2026-03-18,36
M0002886,E001780,K10+,Episode start,2026-02-02,23
M0002887,E001780,K10+,Episode end,2026-03-22,21
M0002888,E001781,K10+,Episode start,2026-02-07,38
M0002889,E001781,K10+,Episode end,2026-06-30,31
M0002890,E001782,K10+,Episode start,2026-01-31,25
M0002891,E001784,K10+,Episode start,2026-01-28,35
M0002892,E001784,K10+,Episode end,2026-04-13,37
M0002893,E001785,K10+,Episode start,2026-01-29,41
M0002894,E001786,K10+,Episode start,2026-02-05,34
M0002895,E001786,K10+,Episode end,2026-04-20,28
M0002896,E001787,K10+,Episode start,2026-02-01,36
M0002897,E001787,K10+,Episode end,2026-05-30,24
M0002898,E001788,K10+,Episode start,2026-02-08,30
M0002899,E001788,K10+,Episode end,2026-05-18,23
M0002900,E001789,K10+,Episode start,2026-01-30,32
M0002901,E001789,K10+,Episode end,2026-04-30,25
M0002902,E001790,K10+,Episode start,2026-02-10,42
M0002903,E001791,K10+,Episode start,2026-02-08,35
M0002904,E001791,K10+,Episode end,2026-04-30,32
M0002905,E001792,K10+,Episode start,2026-02-04,25
M0002906,E001792,K10+,Episode end,2026-05-18,20
M0002907,E001793,K10+,Episode start,2026-02-02,33
M0002908,E001794,K10+,Episode start,2026-02-18,31
M0002909,E001795,K10+,Episode start,2026-02-03,26
M0002910,E001795,K10+,Episode end,2026-06-02,15
M0002911,E001797,K10+,Episode start,2026-02-05,21
M0002912,E001797,K10+,Episode end,2026-06-04,17
M0002913,E001798,K10+,Episode start,2026-02-12,31
M0002914,E001798,K10+,Episode end,2026-04-25,29
M0002915,E001799,K10+,Episode end,2026-06-02,21
M0002916,E001800,K10+,Episode start,2026-02-06,30
M0002917,E001801,K10+,Episode start,2026-02-08,34
M0002918,E001801,K10+,Episode end,2026-04-19,31
M0002919,E001802,K10+,Episode start,2026-02-09,37
M0002920,E001802,K10+,Episode end,2026-06-29,28
M0002921,E001803,K10+,Episode start,2026-02-15,26
M0002922,E001804,K10+,Episode start,2026-02-08,26
M0002923,E001804,K10+,Episode end,2026-05-02,16
M0002924,E001805,SDQ,Episode start,2026-02-08,15
M0002925,E001806,K10+,Episode start,2026-03-02,29
M0002926,E001807,K10+,Episode start,2026-02-14,28
M0002927,E001808,K10+,Episode start,2026-02-15,35
M0002928,E001809,K10+,Episode start,2026-02-06,26
M0002929,E001809,K10+,Episode end,2026-05-08,10
M0002930,E001810,K10+,Episode start,2026-02-12,24
M0002931,E001811,K10+,Episode start,2026-02-02,27
M0002932,E001811,K10+,Episode end,2026-04-20,21
M0002933,E001812,K10+,Episode start,2026-03-04,38
M0002934,E001813,K10+,Episode start,2026-02-12,36
M0002935,E001813,K10+,Episode end,2026-05-23,29
M0002936,E001814,K10+,Episode start,2026-02-16,26
M0002937,E001814,K10+,Episode end,2026-04-25,16
M0002938,E001815,K10+,Episode start,2026-02-08,34
M0002939,E001816,K10+,Episode start,2026-02-18,18
M0002940,E001817,K10+,Episode start,2026-02-22,26
M0002941,E001817,K10+,Episode end,2026-05-17,18
M0002942,E001818,K10+,Episode start,2026-02-08,29
M0002943,E001819,K10+,Episode start,2026-02-10,33
M0002944,E001819,K10+,Episode end,2026-03-27,28
M0002945,E001821,K10+,Episode start,2026-02-26,24
M0002946,E001822,K10+,Episode start,2026-02-11,37
M0002947,E001823,K10+,Episode start,2026-02-27,27
M0002948,E001824,SDQ,Episode start,2026-02-12,18
M0002949,E001824,SDQ,Episode end,2026-05-02,5
M0002950,E001826,K10+,Episode start,2026-02-20,35
M0002951,E001826,K10+,Episode end,2026-06-24,40
M0002952,E001827,K10+,Episode start,2026-02-07,36
M0002953,E001828,K10+,Episode start,2026-02-26,31
M0002954,E001830,K10+,Episode start,2026-02-09,23
M0002955,E001831,K10+,Episode start,2026-02-10,39
M0002956,E001832,K10+,Episode start,2026-02-13,30
M0002957,E001832,K10+,Episode end,2026-04-13,23
M0002958,E001833,K10+,Episode start,2026-02-21,29
M0002959,E001833,K10+,Episode end,2026-03-23,30
M0002960,E001835,SDQ,Episode start,2026-04-14,19
M0002961,E001835,SDQ,Episode end,2026-06-29,12
M0002962,E001836,K10+,Episode start,2026-02-15,31
M0002963,E001837,K10+,Episode start,2026-02-12,26
M0002964,E001837,K10+,Episode end,2026-05-21,24
M0002965,E001838,K10+,Episode start,2026-02-17,22
M0002966,E001838,K10+,Episode end,2026-04-03,19
M0002967,E001839,K10+,Episode start,2026-02-11,15
M0002968,E001839,K10+,Episode end,2026-03-20,10
M0002969,E001840,K10+,Episode start,2026-03-02,33
M0002970,E001840,K10+,Episode end,2026-05-14,17
M0002971,E001841,K10+,Episode start,2026-02-28,34
M0002972,E001841,K10+,Episode end,2026-06-09,24
M0002973,E001842,K10+,Episode start,2026-03-03,30
M0002974,E001843,K10+,Episode start,2026-02-25,35
M0002975,E001845,SDQ,Episode start,2026-02-12,16
M0002976,E001846,K10+,Episode start,2026-02-20,25
M0002977,E001847,K10+,Episode start,2026-02-28,30
M0002978,E001848,K10+,Episode start,2026-02-12,29
M0002979,E001848,K10+,Episode end,2026-04-17,29
M0002980,E001849,K10+,Episode start,2026-03-07,25
M0002981,E001850,K10+,Episode start,2026-02-21,26
M0002982,E001851,K10+,Episode start,2026-02-15,30
M0002983,E001852,K10+,Episode start,2026-02-27,35
M0002984,E001853,K10+,Episode start,2026-03-07,34
M0002985,E001853,K10+,Episode end,2026-05-27,21
M0002986,E001855,K10+,Episode start,2026-02-19,16
M0002987,E001856,K10+,Episode start,2026-02-17,35
M0002988,E001856,K10+,Episode end,2026-03-07,34
M0002989,E001857,K10+,Episode start,2026-03-06,26
M0002990,E001857,K10+,Episode end,2026-06-14,16
M0002991,E001858,K10+,Episode start,2026-02-16,34
M0002992,E001858,K10+,Episode end,2026-04-19,30
M0002993,E001859,K10+,Episode start,2026-03-06,27
M0002994,E001859,K10+,Episode end,2026-04-07,15
M0002995,E001860,K10+,Episode start,2026-02-26,20
M0002996,E001860,K10+,Episode end,2026-04-12,16
M0002997,E001861,K10+,Episode start,2026-02-28,33
M0002998,E001861,K10+,Episode end,2026-04-23,33
M0002999,E001863,K10+,Episode start,2026-02-20,31
M0003000,E001863,K10+,Episode end,2026-05-02,14
M0003001,E001865,K10+,Episode start,2026-02-17,23
M0003002,E001865,K10+,Episode end,2026-04-02,27
M0003003,E001866,K10+,Episode start,2026-02-18,23
M0003004,E001866,K10+,Episode end,2026-03-30,14
M0003005,E001867,K10+,Episode start,2026-02-17,34
M0003006,E001867,K10+,Episode end,2026-04-20,28
M0003007,E001868,K10+,Episode start,2026-02-27,27
M0003008,E001870,K10+,Episode start,2026-03-01,31
M0003009,E001870,K10+,Episode end,2026-04-12,25
M0003010,E001871,K10+,Episode start,2026-03-08,31
M0003011,E001872,K10+,Episode start,2026-02-21,23
M0003012,E001872,K10+,Episode end,2026-04-24,10
M0003013,E001873,K10+,Episode start,2026-02-18,23
M0003014,E001873,K10+,Episode end,2026-05-21,22
M0003015,E001874,K10+,Episode start,2026-03-13,43
M0003016,E001875,K10+,Episode start,2026-02-25,30
M0003017,E001875,K10+,Episode end,2026-05-03,24
M0003018,E001876,K10+,Episode start,2026-02-26,33
M0003019,E001877,K10+,Episode start,2026-03-02,28
M0003020,E001877,K10+,Episode end,2026-04-04,29
M0003021,E001878,K10+,Episode start,2026-02-28,33
M0003022,E001879,K10+,Episode start,2026-02-20,28
M0003023,E001880,SDQ,Episode start,2026-03-03,16
M0003024,E001880,SDQ,Episode end,2026-06-11,13
M0003025,E001881,K10+,Episode start,2026-04-07,34
M0003026,E001881,K10+,Episode end,2026-06-24,37
M0003027,E001882,K10+,Episode start,2026-02-27,28
M0003028,E001882,K10+,Episode end,2026-04-18,14
M0003029,E001883,K10+,Episode start,2026-02-24,42
M0003030,E001884,K10+,Episode start,2026-02-26,29
M0003031,E001886,K10+,Episode start,2026-03-02,35
M0003032,E001886,K10+,Episode end,2026-04-25,32
M0003033,E001887,K10+,Episode start,2026-03-05,21
M0003034,E001887,K10+,Episode end,2026-04-23,13
M0003035,E001888,K10+,Episode start,2026-03-11,36
M0003036,E001889,K10+,Episode start,2026-02-24,33
M0003037,E001890,K10+,Episode start,2026-02-26,38
M0003038,E001890,K10+,Episode end,2026-06-27,28
M0003039,E001891,SDQ,Episode start,2026-03-02,17
M0003040,E001892,K10+,Episode start,2026-02-26,32
M0003041,E001892,K10+,Episode end,2026-04-16,34
M0003042,E001893,K10+,Episode start,2026-03-07,35
M0003043,E001894,K10+,Episode start,2026-02-26,33
M0003044,E001894,K10+,Episode end,2026-04-12,33
M0003045,E001895,K10+,Episode start,2026-03-13,28
M0003046,E001896,K10+,Episode start,2026-03-24,31
M0003047,E001897,K10+,Episode start,2026-03-04,29
M0003048,E001897,K10+,Episode end,2026-04-13,19
M0003049,E001898,K10+,Episode start,2026-03-10,34
M0003050,E001899,K10+,Episode start,2026-03-29,49
M0003051,E001899,K10+,Episode end,2026-05-07,46
M0003052,E001900,K10+,Episode start,2026-03-02,23
M0003053,E001900,K10+,Episode end,2026-06-10,18
M0003054,E001901,K10+,Episode start,2026-02-23,30
M0003055,E001901,K10+,Episode end,2026-04-02,25
M0003056,E001902,K10+,Episode start,2026-02-25,30
M0003057,E001902,K10+,Episode end,2026-05-27,27
M0003058,E001903,K10+,Episode start,2026-03-09,35
M0003059,E001903,K10+,Episode end,2026-04-18,18
M0003060,E001904,K10+,Episode start,2026-02-27,30
M0003061,E001904,K10+,Episode end,2026-05-05,32
M0003062,E001906,K10+,Episode start,2026-03-07,27
M0003063,E001907,K10+,Episode start,2026-03-01,36
M0003064,E001907,K10+,Episode end,2026-04-02,32
M0003065,E001908,K10+,Episode start,2026-03-30,29
M0003066,E001909,K10+,Episode start,2026-02-27,25
M0003067,E001910,K10+,Episode start,2026-03-09,31
M0003068,E001910,K10+,Episode end,2026-05-29,30
M0003069,E001911,K10+,Episode end,2026-04-12,26
M0003070,E001912,K10+,Episode start,2026-03-25,42
M0003071,E001913,K10+,Episode start,2026-03-06,32
M0003072,E001913,K10+,Episode end,2026-06-14,27
M0003073,E001914,K10+,Episode start,2026-03-15,23
M0003074,E001914,K10+,Episode end,2026-04-27,20
M0003075,E001915,K10+,Episode start,2026-02-27,38
M0003076,E001915,K10+,Episode end,2026-06-10,31
M0003077,E001916,K10+,Episode start,2026-03-03,36
M0003078,E001917,K10+,Episode start,2026-03-05,28
M0003079,E001918,K10+,Episode start,2026-03-06,33
M0003080,E001919,K10+,Episode start,2026-03-05,29
M0003081,E001920,K10+,Episode start,2026-03-24,31
M0003082,E001920,K10+,Episode end,2026-06-11,24
M0003083,E001923,SDQ,Episode start,2026-03-10,20
M0003084,E001923,SDQ,Episode end,2026-05-04,17
M0003085,E001924,K10+,Episode start,2026-03-17,34
M0003086,E001925,K10+,Episode start,2026-03-07,31
M0003087,E001927,K10+,Episode start,2026-03-07,23
M0003088,E001928,K10+,Episode start,2026-03-01,35
M0003089,E001929,K10+,Episode start,2026-03-05,40
M0003090,E001930,K10+,Episode start,2026-03-04,38
M0003091,E001930,K10+,Episode end,2026-04-29,34
M0003092,E001932,SDQ,Episode start,2026-03-12,16
M0003093,E001932,SDQ,Episode end,2026-06-22,16
M0003094,E001935,K10+,Episode end,2026-06-03,21
M0003095,E001937,K10+,Episode start,2026-03-03,26
M0003096,E001938,K10+,Episode start,2026-03-04,20
M0003097,E001938,K10+,Episode end,2026-04-27,10
M0003098,E001940,K10+,Episode start,2026-03-09,38
M0003099,E001941,K10+,Episode start,2026-03-19,32
M0003100,E001942,K10+,Episode start,2026-03-07,36
M0003101,E001943,K10+,Episode start,2026-03-18,26
M0003102,E001943,K10+,Episode end,2026-06-23,22
M0003103,E001945,K10+,Episode start,2026-03-07,31
M0003104,E001946,K10+,Episode start,2026-03-06,34
M0003105,E001947,K10+,Episode start,2026-03-13,24
M0003106,E001947,K10+,Episode end,2026-06-29,20
M0003107,E001948,K10+,Episode start,2026-03-05,28
M0003108,E001948,K10+,Episode end,2026-05-04,16
M0003109,E001949,K10+,Episode start,2026-03-08,30
M0003110,E001950,K10+,Episode start,2026-03-07,20
M0003111,E001950,K10+,Episode end,2026-04-13,11
M0003112,E001951,K10+,Episode start,2026-03-23,39
M0003113,E001952,K10+,Episode start,2026-03-20,36
M0003114,E001954,K10+,Episode start,2026-03-04,27
M0003115,E001955,K10+,Episode start,2026-03-15,32
M0003116,E001955,K10+,Episode end,2026-04-30,25
M0003117,E001957,K10+,Episode start,2026-03-22,29
M0003118,E001958,K10+,Episode start,2026-03-18,28
M0003119,E001958,K10+,Episode end,2026-05-07,29
M0003120,E001959,K10+,Episode start,2026-03-14,31
M0003121,E001960,K10+,Episode start,2026-03-04,39
M0003122,E001960,K10+,Episode end,2026-06-21,33
M0003123,E001961,K10+,Episode end,2026-04-11,37
M0003124,E001962,K10+,Episode start,2026-03-10,33
M0003125,E001964,K10+,Episode start,2026-03-30,28
M0003126,E001965,K10+,Episode start,2026-03-11,33
M0003127,E001966,K10+,Episode start,2026-03-13,25
M0003128,E001966,K10+,Episode end,2026-06-11,24
M0003129,E001967,K10+,Episode start,2026-03-08,33
M0003130,E001968,SDQ,Episode start,2026-03-15,20
M0003131,E001968,SDQ,Episode end,2026-06-23,19
M0003132,E001969,K10+,Episode start,2026-03-06,26
M0003133,E001969,K10+,Episode end,2026-06-14,18
M0003134,E001970,K10+,Episode start,2026-03-22,31
M0003135,E001971,K10+,Episode start,2026-03-05,31
M0003136,E001972,K10+,Episode start,2026-03-07,33
M0003137,E001972,K10+,Episode end,2026-06-11,27
M0003138,E001973,K10+,Episode start,2026-03-11,30
M0003139,E001974,K10+,Episode start,2026-03-11,36
M0003140,E001974,K10+,Episode end,2026-06-02,40
M0003141,E001975,K10+,Episode start,2026-03-11,36
M0003142,E001975,K10+,Episode end,2026-05-15,24
M0003143,E001976,K10+,Episode start,2026-03-18,32
M0003144,E001977,K10+,Episode start,2026-03-10,24
M0003145,E001978,K10+,Episode start,2026-03-10,31
M0003146,E001979,K10+,Episode start,2026-03-19,35
M0003147,E001981,K10+,Episode start,2026-04-12,32
M0003148,E001982,K10+,Episode start,2026-03-11,31
M0003149,E001982,K10+,Episode end,2026-04-20,31
M0003150,E001983,K10+,Episode start,2026-03-12,45
M0003151,E001983,K10+,Episode end,2026-06-11,36
M0003152,E001984,K10+,Episode start,2026-03-16,42
M0003153,E001985,K10+,Episode start,2026-03-22,35
M0003154,E001986,K10+,Episode start,2026-03-18,37
M0003155,E001986,K10+,Episode end,2026-06-20,27
M0003156,E001987,K10+,Episode start,2026-03-14,29
M0003157,E001988,K10+,Episode start,2026-03-27,38
M0003158,E001988,K10+,Episode end,2026-06-18,28
M0003159,E001989,K10+,Episode start,2026-03-12,42
M0003160,E001989,K10+,Episode end,2026-06-05,39
M0003161,E001990,K10+,Episode start,2026-03-14,31
M0003162,E001990,K10+,Episode end,2026-05-29,21
M0003163,E001991,K10+,Episode start,2026-04-02,25
M0003164,E001992,K10+,Episode start,2026-03-12,35
M0003165,E001992,K10+,Episode end,2026-05-07,20
M0003166,E001993,K10+,Episode start,2026-04-14,19
M0003167,E001994,K10+,Episode start,2026-03-13,34
M0003168,E001995,K10+,Episode start,2026-04-12,30
M0003169,E001996,K10+,Episode start,2026-03-23,38
M0003170,E001997,K10+,Episode start,2026-03-18,24
M0003171,E001998,K10+,Episode start,2026-03-24,32
M0003172,E001998,K10+,Episode end,2026-05-08,29
M0003173,E001999,K10+,Episode start,2026-03-20,27
M0003174,E002000,K10+,Episode start,2026-03-18,37
M0003175,E002000,K10+,Episode end,2026-06-11,37
M0003176,E002001,K10+,Episode start,2026-03-14,37
M0003177,E002001,K10+,Episode end,2026-06-26,23
M0003178,E002002,K10+,Episode start,2026-03-24,30
M0003179,E002003,K10+,Episode start,2026-03-15,32
M0003180,E002004,K10+,Episode start,2026-03-19,27
M0003181,E002006,K10+,Episode start,2026-04-01,29
M0003182,E002007,K10+,Episode start,2026-03-16,33
M0003183,E002008,K10+,Episode start,2026-03-16,36
M0003184,E002008,K10+,Episode end,2026-05-17,31
M0003185,E002009,K10+,Episode start,2026-03-19,40
M0003186,E002010,K10+,Episode start,2026-03-15,35
M0003187,E002011,K10+,Episode start,2026-03-14,29
M0003188,E002011,K10+,Episode end,2026-06-23,29
M0003189,E002012,K10+,Episode start,2026-03-30,35
M0003190,E002013,K10+,Episode start,2026-04-01,30
M0003191,E002014,SDQ,Episode start,2026-03-19,18
M0003192,E002014,SDQ,Episode end,2026-04-18,11
M0003193,E002015,K10+,Episode start,2026-03-17,26
M0003194,E002016,K10+,Episode start,2026-03-16,40
M0003195,E002017,K10+,Episode start,2026-03-23,39
M0003196,E002017,K10+,Episode end,2026-05-18,48
M0003197,E002018,K10+,Episode start,2026-03-24,31
M0003198,E002019,SDQ,Episode start,2026-03-20,24
M0003199,E002020,K10+,Episode start,2026-03-23,18
M0003200,E002021,K10+,Episode start,2026-03-18,38
M0003201,E002022,K10+,Episode start,2026-03-21,34
M0003202,E002022,K10+,Episode end,2026-05-11,20
M0003203,E002023,K10+,Episode start,2026-03-21,37
M0003204,E002024,K10+,Episode start,2026-03-31,36
M0003205,E002024,K10+,Episode end,2026-06-20,31
M0003206,E002025,K10+,Episode start,2026-03-21,32
M0003207,E002026,SDQ,Episode start,2026-03-16,17
M0003208,E002026,SDQ,Episode end,2026-05-11,16
M0003209,E002027,K10+,Episode start,2026-03-20,31
M0003210,E002027,K10+,Episode end,2026-05-28,31
M0003211,E002028,K10+,Episode start,2026-03-27,34
M0003212,E002029,K10+,Episode start,2026-04-01,36
M0003213,E002029,K10+,Episode end,2026-06-04,25
M0003214,E002030,K10+,Episode start,2026-03-20,28
M0003215,E002030,K10+,Episode end,2026-05-13,34
M0003216,E002031,K10+,Episode start,2026-03-22,21
M0003217,E002031,K10+,Episode end,2026-05-09,21
M0003218,E002032,K10+,Episode start,2026-03-22,36
M0003219,E002032,K10+,Episode end,2026-04-29,33
M0003220,E002033,K10+,Episode start,2026-03-25,37
M0003221,E002033,K10+,Episode end,2026-05-03,32
M0003222,E002034,K10+,Episode start,2026-03-23,42
M0003223,E002034,K10+,Episode end,2026-05-22,39
M0003224,E002036,K10+,Episode start,2026-03-23,38
M0003225,E002037,K10+,Episode start,2026-03-23,28
M0003226,E002038,K10+,Episode start,2026-03-28,25
M0003227,E002038,K10+,Episode end,2026-05-21,15
M0003228,E002039,K10+,Episode start,2026-03-27,38
M0003229,E002039,K10+,Episode end,2026-05-13,31
M0003230,E002041,K10+,Episode start,2026-03-26,46
M0003231,E002042,K10+,Episode start,2026-03-26,32
M0003232,E002043,K10+,Episode start,2026-03-21,31
M0003233,E002043,K10+,Episode end,2026-06-12,23
M0003234,E002044,K10+,Episode start,2026-03-22,34
M0003235,E002045,K10+,Episode start,2026-03-28,29
M0003236,E002046,K10+,Episode start,2026-03-23,42
M0003237,E002046,K10+,Episode end,2026-05-24,32
M0003238,E002047,K10+,Episode start,2026-03-27,37
M0003239,E002048,K10+,Episode start,2026-03-26,30
M0003240,E002048,K10+,Episode end,2026-05-31,26
M0003241,E002049,K10+,Episode start,2026-03-24,45
M0003242,E002050,K10+,Episode start,2026-03-23,37
M0003243,E002051,K10+,Episode start,2026-03-25,21
M0003244,E002051,K10+,Episode end,2026-06-16,13
M0003245,E002052,K10+,Episode start,2026-04-04,34
M0003246,E002053,K10+,Episode start,2026-03-21,30
M0003247,E002055,K10+,Episode start,2026-03-31,34
M0003248,E002056,K10+,Episode start,2026-03-26,41
M0003249,E002056,K10+,Episode end,2026-05-22,36
M0003250,E002057,K10+,Episode start,2026-05-07,26
M0003251,E002058,K10+,Episode start,2026-03-28,32
M0003252,E002059,K10+,Episode start,2026-04-01,21
M0003253,E002059,K10+,Episode end,2026-06-10,14
M0003254,E002060,K10+,Episode start,2026-03-25,39
M0003255,E002061,K10+,Episode start,2026-03-29,45
M0003256,E002062,K10+,Episode start,2026-03-26,29
M0003257,E002063,K10+,Episode start,2026-04-06,29
M0003258,E002064,K10+,Episode start,2026-04-02,28
M0003259,E002064,K10+,Episode end,2026-05-31,17
M0003260,E002065,K10+,Episode start,2026-03-31,35
M0003261,E002066,K10+,Episode start,2026-03-30,29
M0003262,E002067,K10+,Episode start,2026-04-02,32
M0003263,E002067,K10+,Episode end,2026-06-01,24
M0003264,E002068,K10+,Episode start,2026-03-31,42
M0003265,E002069,K10+,Episode start,2026-04-13,34
M0003266,E002070,K10+,Episode start,2026-03-30,26
M0003267,E002070,K10+,Episode end,2026-06-19,28
M0003268,E002073,K10+,Episode start,2026-03-28,36
M0003269,E002074,K10+,Episode start,2026-04-02,36
M0003270,E002075,K10+,Episode start,2026-03-30,35
M0003271,E002076,K10+,Episode start,2026-03-31,27
M0003272,E002077,K10+,Episode start,2026-04-04,31
M0003273,E002077,K10+,Episode end,2026-06-28,27
M0003274,E002078,K10+,Episode start,2026-04-15,25
M0003275,E002079,K10+,Episode start,2026-04-05,37
M0003276,E002080,K10+,Episode start,2026-04-03,26
M0003277,E002081,K10+,Episode start,2026-03-30,28
M0003278,E002082,K10+,Episode start,2026-03-29,25
M0003279,E002082,K10+,Episode end,2026-06-07,23
M0003280,E002083,K10+,Episode start,2026-04-04,37
M0003281,E002084,K10+,Episode start,2026-04-07,40
M0003282,E002085,K10+,Episode start,2026-04-05,24
M0003283,E002086,K10+,Episode start,2026-04-14,27
M0003284,E002087,K10+,Episode start,2026-04-01,25
M0003285,E002088,K10+,Episode start,2026-04-05,32
M0003286,E002090,K10+,Episode start,2026-04-09,20
M0003287,E002091,K10+,Episode start,2026-04-08,32
M0003288,E002092,K10+,Episode start,2026-05-05,30
M0003289,E002093,K10+,Episode start,2026-04-04,42
M0003290,E002093,K10+,Episode end,2026-05-28,36
M0003291,E002094,K10+,Episode start,2026-04-04,28
M0003292,E002095,K10+,Episode start,2026-04-02,39
M0003293,E002097,K10+,Episode start,2026-04-07,38
M0003294,E002098,K10+,Episode start,2026-04-06,18
M0003295,E002098,K10+,Episode end,2026-06-10,11
M0003296,E002099,K10+,Episode start,2026-04-11,40
M0003297,E002099,K10+,Episode end,2026-05-11,30
M0003298,E002100,K10+,Episode start,2026-04-08,19
M0003299,E002102,SDQ,Episode start,2026-04-13,19
M0003300,E002103,K10+,Episode start,2026-04-17,24
M0003301,E002104,K10+,Episode start,2026-04-07,27
M0003302,E002104,K10+,Episode end,2026-06-19,30
M0003303,E002105,K10+,Episode start,2026-04-14,31
M0003304,E002105,K10+,Episode end,2026-05-19,29
M0003305,E002106,K10+,Episode start,2026-04-16,30
M0003306,E002107,K10+,Episode start,2026-04-04,28
M0003307,E002108,K10+,Episode start,2026-04-07,20
M0003308,E002108,K10+,Episode end,2026-05-13,17
M0003309,E002109,K10+,Episode start,2026-04-05,23
M0003310,E002110,K10+,Episode start,2026-04-10,39
M0003311,E002111,K10+,Episode start,2026-04-08,32
M0003312,E002112,K10+,Episode start,2026-04-08,30
M0003313,E002114,K10+,Episode start,2026-04-10,27
M0003314,E002115,K10+,Episode start,2026-04-24,27
M0003315,E002116,K10+,Episode start,2026-04-17,41
M0003316,E002116,K10+,Episode end,2026-05-29,29
M0003317,E002117,K10+,Episode end,2026-05-28,32
M0003318,E002118,K10+,Episode start,2026-04-24,22
M0003319,E002118,K10+,Episode end,2026-06-01,17
M0003320,E002119,K10+,Episode start,2026-05-10,29
M0003321,E002120,K10+,Episode start,2026-04-11,26
M0003322,E002121,K10+,Episode start,2026-04-18,28
M0003323,E002121,K10+,Episode end,2026-06-03,23
M0003324,E002122,K10+,Episode start,2026-04-10,36
M0003325,E002123,K10+,Episode start,2026-04-11,19
M0003326,E002124,K10+,Episode start,2026-04-12,38
M0003327,E002125,K10+,Episode start,2026-04-06,33
M0003328,E002125,K10+,Episode end,2026-05-25,28
M0003329,E002126,K10+,Episode start,2026-04-13,29
M0003330,E002127,K10+,Episode start,2026-04-27,33
M0003331,E002128,K10+,Episode start,2026-04-11,33
M0003332,E002128,K10+,Episode end,2026-04-24,40
M0003333,E002129,K10+,Episode start,2026-04-12,45
M0003334,E002130,K10+,Episode start,2026-04-15,34
M0003335,E002130,K10+,Episode end,2026-06-21,23
M0003336,E002131,K10+,Episode start,2026-04-09,33
M0003337,E002132,K10+,Episode start,2026-04-16,29
M0003338,E002133,K10+,Episode start,2026-04-16,22
M0003339,E002134,K10+,Episode start,2026-04-17,42
M0003340,E002135,K10+,Episode start,2026-04-11,42
M0003341,E002136,K10+,Episode start,2026-05-16,25
M0003342,E002137,K10+,Episode start,2026-04-15,40
M0003343,E002137,K10+,Episode end,2026-05-20,32
M0003344,E002138,K10+,Episode start,2026-04-12,29
M0003345,E002139,K10+,Episode start,2026-04-18,22
M0003346,E002139,K10+,Episode end,2026-06-09,20
M0003347,E002140,K10+,Episode start,2026-04-11,36
M0003348,E002141,K10+,Episode start,2026-04-10,27
M0003349,E002142,K10+,Episode start,2026-04-10,34
M0003350,E002143,K10+,Episode start,2026-04-14,39
M0003351,E002144,K10+,Episode start,2026-04-19,29
M0003352,E002146,K10+,Episode start,2026-04-25,20
M0003353,E002147,K10+,Episode start,2026-04-16,34
M0003354,E002147,K10+,Episode end,2026-06-20,29
M0003355,E002148,K10+,Episode start,2026-04-15,35
M0003356,E002149,K10+,Episode start,2026-04-11,31
M0003357,E002150,K10+,Episode start,2026-04-14,30
M0003358,E002151,SDQ,Episode start,2026-04-15,23
M0003359,E002151,SDQ,Episode end,2026-06-08,20
M0003360,E002152,K10+,Episode start,2026-04-12,28
M0003361,E002153,K10+,Episode start,2026-04-17,37
M0003362,E002154,SDQ,Episode start,2026-04-13,14
M0003363,E002155,K10+,Episode start,2026-04-22,35
M0003364,E002156,K10+,Episode start,2026-04-27,41
M0003365,E002157,K10+,Episode start,2026-04-20,37
M0003366,E002158,K10+,Episode start,2026-04-14,34
M0003367,E002159,K10+,Episode start,2026-04-15,31
M0003368,E002160,K10+,Episode start,2026-04-11,29
M0003369,E002161,K10+,Episode start,2026-04-18,29
M0003370,E002162,K10+,Episode start,2026-04-20,22
M0003371,E002163,K10+,Episode start,2026-04-17,38
M0003372,E002164,K10+,Episode start,2026-04-13,29
M0003373,E002164,K10+,Episode end,2026-06-28,17
M0003374,E002165,K10+,Episode start,2026-04-17,24
M0003375,E002166,K10+,Episode start,2026-04-14,26
M0003376,E002166,K10+,Episode end,2026-06-28,21
M0003377,E002167,K10+,Episode start,2026-04-22,29
M0003378,E002167,K10+,Episode end,2026-05-22,23
M0003379,E002168,K10+,Episode start,2026-04-17,29
M0003380,E002170,K10+,Episode start,2026-04-17,31
M0003381,E002171,K10+,Episode start,2026-04-26,36
M0003382,E002173,K10+,Episode start,2026-04-16,29
M0003383,E002174,K10+,Episode start,2026-05-06,18
M0003384,E002174,K10+,Episode end,2026-05-25,10
M0003385,E002175,K10+,Episode start,2026-04-13,15
M0003386,E002176,K10+,Episode start,2026-04-20,28
M0003387,E002177,K10+,Episode start,2026-04-14,39
M0003388,E002178,K10+,Episode start,2026-04-22,36
M0003389,E002178,K10+,Episode end,2026-05-16,29
M0003390,E002179,K10+,Episode start,2026-04-19,22
M0003391,E002180,K10+,Episode start,2026-05-05,25
M0003392,E002181,K10+,Episode start,2026-04-23,37
M0003393,E002182,K10+,Episode start,2026-04-17,39
M0003394,E002183,K10+,Episode start,2026-04-20,28
M0003395,E002185,K10+,Episode start,2026-04-17,26
M0003396,E002186,K10+,Episode start,2026-04-17,25
M0003397,E002186,K10+,Episode end,2026-05-14,14
M0003398,E002187,K10+,Episode start,2026-04-19,31
M0003399,E002189,K10+,Episode start,2026-04-20,33
M0003400,E002191,K10+,Episode start,2026-04-30,31
M0003401,E002192,K10+,Episode start,2026-04-18,29
M0003402,E002193,K10+,Episode start,2026-05-01,38
M0003403,E002194,K10+,Episode start,2026-04-15,26
M0003404,E002195,K10+,Episode start,2026-05-05,28
M0003405,E002196,K10+,Episode start,2026-05-13,34
M0003406,E002197,K10+,Episode start,2026-04-26,36
M0003407,E002198,K10+,Episode start,2026-04-28,31
M0003408,E002199,K10+,Episode start,2026-05-01,29
M0003409,E002200,K10+,Episode start,2026-04-17,29
M0003410,E002204,K10+,Episode start,2026-04-27,31
M0003411,E002204,K10+,Episode end,2026-06-07,24
M0003412,E002205,K10+,Episode start,2026-04-25,35
M0003413,E002206,K10+,Episode start,2026-04-28,36
M0003414,E002207,K10+,Episode start,2026-04-24,31
M0003415,E002208,K10+,Episode start,2026-04-24,20
M0003416,E002209,K10+,Episode start,2026-04-19,32
M0003417,E002210,SDQ,Episode start,2026-05-14,22
M0003418,E002211,K10+,Episode start,2026-05-09,27
M0003419,E002213,K10+,Episode start,2026-04-26,25
M0003420,E002214,K10+,Episode start,2026-04-27,33
M0003421,E002215,K10+,Episode start,2026-04-24,39
M0003422,E002216,K10+,Episode start,2026-04-28,22
M0003423,E002216,K10+,Episode end,2026-06-21,17
M0003424,E002217,K10+,Episode start,2026-05-26,34
M0003425,E002218,K10+,Episode start,2026-04-25,26
M0003426,E002219,K10+,Episode start,2026-04-19,30
M0003427,E002219,K10+,Episode end,2026-06-29,25
M0003428,E002220,K10+,Episode start,2026-04-21,29
M0003429,E002221,K10+,Episode start,2026-04-27,33
M0003430,E002221,K10+,Episode end,2026-06-29,16
M0003431,E002222,K10+,Episode start,2026-04-24,39
M0003432,E002223,K10+,Episode start,2026-04-23,47
M0003433,E002225,K10+,Episode start,2026-05-04,26
M0003434,E002226,K10+,Episode start,2026-05-13,32
M0003435,E002226,K10+,Episode end,2026-06-13,31
M0003436,E002227,K10+,Episode start,2026-04-29,28
M0003437,E002227,K10+,Episode end,2026-06-17,25
M0003438,E002229,K10+,Episode start,2026-04-26,36
M0003439,E002229,K10+,Episode end,2026-06-30,15
M0003440,E002230,K10+,Episode start,2026-05-06,30
M0003441,E002231,K10+,Episode start,2026-04-28,34
M0003442,E002232,K10+,Episode start,2026-04-20,23
M0003443,E002232,K10+,Episode end,2026-06-24,21
M0003444,E002233,K10+,Episode start,2026-04-22,35
M0003445,E002234,K10+,Episode start,2026-05-22,24
M0003446,E002235,SDQ,Episode start,2026-04-24,17
M0003447,E002236,K10+,Episode start,2026-04-25,19
M0003448,E002237,K10+,Episode start,2026-05-04,25
M0003449,E002238,K10+,Episode start,2026-04-25,31
M0003450,E002239,K10+,Episode start,2026-04-25,41
M0003451,E002239,K10+,Episode end,2026-06-28,50
M0003452,E002240,K10+,Episode start,2026-04-25,24
M0003453,E002241,K10+,Episode start,2026-04-25,25
M0003454,E002242,K10+,Episode start,2026-04-29,28
M0003455,E002243,K10+,Episode end,2026-06-17,17
M0003456,E002244,K10+,Episode start,2026-04-25,27
M0003457,E002245,K10+,Episode start,2026-04-28,37
M0003458,E002246,K10+,Episode start,2026-04-29,24
M0003459,E002246,K10+,Episode end,2026-05-23,18
M0003460,E002247,K10+,Episode start,2026-05-15,33
M0003461,E002248,K10+,Episode start,2026-04-26,27
M0003462,E002249,K10+,Episode start,2026-05-03,38
M0003463,E002250,K10+,Episode start,2026-05-02,30
M0003464,E002251,K10+,Episode start,2026-05-02,37
M0003465,E002252,K10+,Episode start,2026-04-23,37
M0003466,E002253,K10+,Episode start,2026-05-19,26
M0003467,E002254,K10+,Episode start,2026-04-27,34
M0003468,E002255,K10+,Episode start,2026-05-03,21
M0003469,E002258,K10+,Episode start,2026-04-28,28
M0003470,E002259,K10+,Episode start,2026-05-06,34
M0003471,E002260,K10+,Episode start,2026-05-08,25
M0003472,E002260,K10+,Episode end,2026-06-05,22
M0003473,E002262,K10+,Episode start,2026-05-03,32
M0003474,E002263,K10+,Episode start,2026-04-27,38
M0003475,E002263,K10+,Episode end,2026-06-19,30
M0003476,E002264,K10+,Episode start,2026-05-21,28
M0003477,E002265,K10+,Episode start,2026-05-17,18
M0003478,E002266,K10+,Episode start,2026-05-03,32
M0003479,E002267,K10+,Episode start,2026-05-02,27
M0003480,E002268,K10+,Episode start,2026-04-30,21
M0003481,E002271,K10+,Episode start,2026-05-03,29
M0003482,E002272,K10+,Episode start,2026-05-02,30
M0003483,E002272,K10+,Episode end,2026-06-21,23
M0003484,E002273,K10+,Episode start,2026-05-18,20
M0003485,E002274,K10+,Episode start,2026-05-09,43
M0003486,E002275,K10+,Episode start,2026-05-01,31
M0003487,E002276,K10+,Episode start,2026-05-09,32
M0003488,E002277,K10+,Episode start,2026-05-04,41
M0003489,E002278,K10+,Episode start,2026-05-06,33
M0003490,E002280,K10+,Episode start,2026-05-10,25
M0003491,E002281,K10+,Episode start,2026-05-04,27
M0003492,E002282,K10+,Episode start,2026-05-02,34
M0003493,E002283,K10+,Episode start,2026-05-16,44
M0003494,E002284,K10+,Episode start,2026-05-11,36
M0003495,E002285,K10+,Episode start,2026-05-06,36
M0003496,E002286,K10+,Episode start,2026-05-07,32
M0003497,E002287,K10+,Episode start,2026-05-09,27
M0003498,E002289,K10+,Episode start,2026-05-05,29
M0003499,E002291,K10+,Episode start,2026-05-04,25
M0003500,E002292,K10+,Episode start,2026-05-21,36
M0003501,E002293,K10+,Episode start,2026-05-19,29
M0003502,E002294,K10+,Episode start,2026-05-11,39
M0003503,E002294,K10+,Episode end,2026-06-22,39
M0003504,E002295,K10+,Episode start,2026-05-10,17
M0003505,E002296,K10+,Episode start,2026-05-05,31
M0003506,E002296,K10+,Episode end,2026-06-26,27
M0003507,E002297,K10+,Episode start,2026-05-14,42
M0003508,E002298,K10+,Episode start,2026-05-10,36
M0003509,E002298,K10+,Episode end,2026-06-04,34
M0003510,E002299,K10+,Episode start,2026-05-08,36
M0003511,E002300,K10+,Episode start,2026-05-18,41
M0003512,E002301,K10+,Episode start,2026-05-09,36
M0003513,E002302,SDQ,Episode start,2026-05-07,17
M0003514,E002302,SDQ,Episode end,2026-05-20,9
M0003515,E002303,K10+,Episode start,2026-05-16,35
M0003516,E002304,K10+,Episode start,2026-05-06,30
M0003517,E002305,K10+,Episode start,2026-06-15,25
M0003518,E002308,K10+,Episode start,2026-05-20,25
M0003519,E002309,K10+,Episode start,2026-05-09,23
M0003520,E002310,K10+,Episode start,2026-05-09,38
M0003521,E002311,K10+,Episode start,2026-05-08,23
M0003522,E002312,K10+,Episode start,2026-05-19,28
M0003523,E002313,K10+,Episode start,2026-05-14,34
M0003524,E002314,K10+,Episode start,2026-05-15,33
M0003525,E002315,SDQ,Episode start,2026-05-12,7
M0003526,E002316,K10+,Episode start,2026-05-11,19
M0003527,E002317,K10+,Episode start,2026-05-18,40
M0003528,E002318,K10+,Episode start,2026-05-13,34
M0003529,E002319,K10+,Episode start,2026-05-21,34
M0003530,E002320,K10+,Episode start,2026-05-13,37
M0003531,E002321,K10+,Episode start,2026-05-13,22
M0003532,E002322,K10+,Episode start,2026-05-14,27
M0003533,E002323,K10+,Episode start,2026-05-16,29
M0003534,E002324,K10+,Episode start,2026-05-09,26
M0003535,E002325,K10+,Episode start,2026-05-14,41
M0003536,E002326,K10+,Episode start,2026-05-11,34
M0003537,E002327,K10+,Episode start,2026-05-15,35
M0003538,E002328,K10+,Episode start,2026-05-11,31
M0003539,E002329,K10+,Episode start,2026-05-13,41
M0003540,E002329,K10+,Episode end,2026-06-25,27
M0003541,E002330,K10+,Episode start,2026-05-20,31
M0003542,E002331,K10+,Episode start,2026-05-12,31
M0003543,E002333,K10+,Episode start,2026-05-15,33
M0003544,E002334,K10+,Episode start,2026-05-12,27
M0003545,E002336,K10+,Episode start,2026-05-11,28
M0003546,E002337,K10+,Episode start,2026-05-22,30
M0003547,E002338,K10+,Episode start,2026-05-17,37
M0003548,E002339,K10+,Episode start,2026-05-16,28
M0003549,E002340,K10+,Episode start,2026-05-19,34
M0003550,E002341,K10+,Episode start,2026-05-19,36
M0003551,E002341,K10+,Episode end,2026-06-18,24
M0003552,E002344,K10+,Episode start,2026-06-01,24
M0003553,E002345,K10+,Episode start,2026-05-16,30
M0003554,E002347,K10+,Episode start,2026-05-14,34
M0003555,E002349,K10+,Episode start,2026-05-22,24
M0003556,E002352,K10+,Episode start,2026-05-20,27
M0003557,E002353,K10+,Episode start,2026-05-24,32
M0003558,E002354,K10+,Episode start,2026-05-23,29
M0003559,E002354,K10+,Episode end,2026-06-24,16
M0003560,E002355,K10+,Episode start,2026-05-29,26
M0003561,E002356,K10+,Episode start,2026-05-16,19
M0003562,E002357,K10+,Episode start,2026-05-20,42
M0003563,E002358,K10+,Episode start,2026-05-18,34
M0003564,E002358,K10+,Episode end,2026-06-27,19
M0003565,E002359,K10+,Episode start,2026-05-18,34
M0003566,E002360,K10+,Episode start,2026-05-21,25
M0003567,E002361,K10+,Episode start,2026-06-06,31
M0003568,E002362,K10+,Episode start,2026-05-25,27
M0003569,E002363,K10+,Episode start,2026-05-18,36
M0003570,E002365,K10+,Episode start,2026-05-21,31
M0003571,E002366,K10+,Episode start,2026-05-20,25
M0003572,E002367,K10+,Episode start,2026-05-21,29
M0003573,E002368,K10+,Episode start,2026-05-20,28
M0003574,E002369,K10+,Episode start,2026-05-23,27
M0003575,E002370,K10+,Episode start,2026-05-18,42
M0003576,E002371,K10+,Episode start,2026-05-19,45
M0003577,E002372,K10+,Episode start,2026-05-17,34
M0003578,E002373,K10+,Episode start,2026-05-25,29
M0003579,E002375,K10+,Episode start,2026-05-24,33
M0003580,E002376,K10+,Episode start,2026-05-22,38
M0003581,E002377,K10+,Episode start,2026-05-25,31
M0003582,E002378,K10+,Episode start,2026-05-21,32
M0003583,E002379,K10+,Episode start,2026-05-30,34
M0003584,E002380,K10+,Episode start,2026-05-24,33
M0003585,E002381,K10+,Episode start,2026-05-22,37
M0003586,E002382,K10+,Episode start,2026-05-20,27
M0003587,E002383,K10+,Episode start,2026-05-23,23
M0003588,E002384,SDQ,Episode start,2026-06-07,17
M0003589,E002385,K10+,Episode start,2026-05-21,30
M0003590,E002386,K10+,Episode start,2026-05-21,37
M0003591,E002387,K10+,Episode start,2026-05-20,45
M0003592,E002387,K10+,Episode end,2026-06-10,29
M0003593,E002388,K10+,Episode start,2026-05-19,43
M0003594,E002389,SDQ,Episode start,2026-05-25,30
M0003595,E002390,K10+,Episode start,2026-05-31,12
M0003596,E002391,K10+,Episode start,2026-05-27,29
M0003597,E002392,K10+,Episode start,2026-05-22,30
M0003598,E002393,K10+,Episode start,2026-05-28,33
M0003599,E002395,K10+,Episode start,2026-06-11,20
M0003600,E002396,K10+,Episode start,2026-05-22,39
M0003601,E002397,K10+,Episode start,2026-05-25,23
M0003602,E002399,K10+,Episode start,2026-06-12,25
M0003603,E002400,K10+,Episode start,2026-06-08,24
M0003604,E002401,K10+,Episode start,2026-05-30,29
M0003605,E002402,K10+,Episode start,2026-05-31,39
M0003606,E002403,K10+,Episode start,2026-05-25,37
M0003607,E002404,K10+,Episode start,2026-05-27,47
M0003608,E002405,K10+,Episode start,2026-06-09,40
M0003609,E002406,K10+,Episode start,2026-06-17,25
M0003610,E002407,K10+,Episode start,2026-05-29,30
M0003611,E002408,K10+,Episode start,2026-05-26,30
M0003612,E002409,K10+,Episode start,2026-05-25,32
M0003613,E002411,K10+,Episode start,2026-06-13,18
M0003614,E002412,K10+,Episode start,2026-05-30,36
M0003615,E002413,K10+,Episode start,2026-06-06,26
M0003616,E002414,K10+,Episode start,2026-05-30,24
M0003617,E002416,K10+,Episode start,2026-05-29,37
M0003618,E002417,K10+,Episode start,2026-05-30,39
M0003619,E002418,K10+,Episode start,2026-06-02,34
M0003620,E002419,K10+,Episode start,2026-06-07,28
M0003621,E002420,K10+,Episode start,2026-06-18,21
M0003622,E002421,K10+,Episode start,2026-05-28,25
M0003623,E002422,K10+,Episode start,2026-06-08,41
M0003624,E002423,K10+,Episode start,2026-06-05,28
M0003625,E002424,K10+,Episode start,2026-05-29,30
M0003626,E002425,K10+,Episode start,2026-06-16,24
M0003627,E002426,K10+,Episode start,2026-05-27,26
M0003628,E002427,K10+,Episode start,2026-06-07,41
M0003629,E002429,K10+,Episode start,2026-06-05,32
M0003630,E002431,K10+,Episode start,2026-06-09,31
M0003631,E002432,K10+,Episode start,2026-06-24,39
M0003632,E002433,K10+,Episode start,2026-05-31,32
M0003633,E002434,K10+,Episode start,2026-06-05,41
M0003634,E002435,K10+,Episode start,2026-05-31,33
M0003635,E002436,K10+,Episode start,2026-06-15,29
M0003636,E002437,K10+,Episode start,2026-06-08,35
M0003637,E002438,K10+,Episode start,2026-06-07,27
M0003638,E002439,K10+,Episode start,2026-06-03,31
M0003639,E002442,K10+,Episode start,2026-06-06,39
M0003640,E002443,K10+,Episode start,2026-06-02,41
M0003641,E002444,K10+,Episode start,2026-06-17,37
M0003642,E002445,K10+,Episode start,2026-06-02,33
M0003643,E002446,K10+,Episode start,2026-06-03,39
M0003644,E002447,K10+,Episode start,2026-06-02,37
M0003645,E002448,K10+,Episode start,2026-06-03,31
M0003646,E002449,K10+,Episode start,2026-06-07,24
M0003647,E002450,K10+,Episode start,2026-06-17,38
M0003648,E002451,K10+,Episode start,2026-06-17,39
M0003649,E002452,K10+,Episode start,2026-05-28,26
M0003650,E002453,K10+,Episode start,2026-06-02,41
M0003651,E002454,K10+,Episode start,2026-06-25,33
M0003652,E002456,K10+,Episode start,2026-06-05,23
M0003653,E002458,K10+,Episode start,2026-06-02,22
M0003654,E002459,K10+,Episode start,2026-06-12,30
M0003655,E002460,K10+,Episode start,2026-06-01,28
M0003656,E002461,K10+,Episode start,2026-06-14,37
M0003657,E002462,K10+,Episode start,2026-06-01,30
M0003658,E002462,K10+,Episode end,2026-06-26,24
M0003659,E002463,K10+,Episode start,2026-06-13,31
M0003660,E002464,K10+,Episode start,2026-06-05,38
M0003661,E002465,K10+,Episode start,2026-06-17,33
M0003662,E002466,K10+,Episode start,2026-06-07,31
M0003663,E002469,K10+,Episode start,2026-06-11,34
M0003664,E002470,K10+,Episode start,2026-05-31,32
M0003665,E002471,K10+,Episode start,2026-06-02,32
M0003666,E002472,K10+,Episode start,2026-06-07,35
M0003667,E002473,K10+,Episode start,2026-06-06,30
M0003668,E002474,K10+,Episode start,2026-06-05,33
M0003669,E002475,K10+,Episode start,2026-06-04,19
M0003670,E002476,K10+,Episode start,2026-06-12,19
M0003671,E002478,K10+,Episode start,2026-06-14,37
M0003672,E002481,K10+,Episode start,2026-06-13,27
M0003673,E002482,K10+,Episode start,2026-06-08,39
M0003674,E002483,K10+,Episode start,2026-06-13,27
M0003675,E002484,K10+,Episode start,2026-06-13,23
M0003676,E002485,K10+,Episode start,2026-06-11,24
M0003677,E002486,K10+,Episode start,2026-06-28,20
M0003678,E002487,K10+,Episode start,2026-06-25,35
M0003679,E002489,K10+,Episode start,2026-06-18,34
M0003680,E002490,K10+,Episode start,2026-06-28,36
M0003681,E002491,K10+,Episode start,2026-06-09,32
M0003682,E002492,K10+,Episode start,2026-06-15,36
M0003683,E002493,K10+,Episode start,2026-06-07,30
M0003684,E002494,K10+,Episode start,2026-06-11,24
M0003685,E002496,K10+,Episode start,2026-06-15,28
M0003686,E002497,K10+,Episode start,2026-06-09,32
M0003687,E002498,K10+,Episode start,2026-06-11,25
M0003688,E002499,K10+,Episode start,2026-06-18,28
M0003689,E002500,K10+,Episode start,2026-06-09,24
M0003690,E002501,K10+,Episode start,2026-06-13,28
M0003691,E002503,K10+,Episode start,2026-06-14,41
M0003692,E002505,K10+,Episode start,2026-06-10,31
M0003693,E002507,K10+,Episode start,2026-06-19,33
M0003694,E002508,K10+,Episode start,2026-06-11,42
M0003695,E002509,K10+,Episode start,2026-06-09,38
M0003696,E002510,K10+,Episode start,2026-06-14,27
M0003697,E002511,K10+,Episode start,2026-06-21,34
M0003698,E002512,K10+,Episode start,2026-06-13,31
M0003699,E002513,K10+,Episode start,2026-06-23,36
M0003700,E002514,K10+,Episode start,2026-06-19,32
M0003701,E002515,K10+,Episode start,2026-06-16,30
M0003702,E002516,K10+,Episode start,2026-06-11,26
M0003703,E002517,K10+,Episode start,2026-06-19,35
M0003704,E002519,K10+,Episode start,2026-06-19,41
M0003705,E002524,K10+,Episode start,2026-06-14,33
M0003706,E002526,K10+,Episode start,2026-06-16,37
M0003707,E002528,K10+,Episode start,2026-06-17,30
M0003708,E002530,K10+,Episode start,2026-06-15,32
M0003709,E002532,K10+,Episode start,2026-06-25,32
M0003710,E002533,K10+,Episode start,2026-06-19,34
M0003711,E002534,K10+,Episode start,2026-06-21,42
M0003712,E002535,K10+,Episode start,2026-06-16,30
M0003713,E002536,K10+,Episode start,2026-06-18,31
M0003714,E002540,K10+,Episode start,2026-06-23,39
M0003715,E002541,K10+,Episode start,2026-06-21,29
M0003716,E002543,K10+,Episode start,2026-06-20,35
M0003717,E002544,K10+,Episode start,2026-06-21,35
M0003718,E002545,K10+,Episode start,2026-06-27,27
M0003719,E002546,K10+,Episode start,2026-06-18,39
M0003720,E002548,K10+,Episode start,2026-06-20,33
M0003721,E002549,K10+,Episode start,2026-06-24,33
M0003722,E002552,K10+,Episode start,2026-06-21,28
M0003723,E002553,K10+,Episode start,2026-06-21,16
M0003724,E002554,K10+,Episode start,2026-06-25,39
M0003725,E002555,K10+,Episode start,2026-06-25,35
M0003726,E002558,K10+,Episode start,2026-06-26,35
M0003727,E002559,SDQ,Episode start,2026-06-22,15
M0003728,E002562,K10+,Episode start,2026-06-22,29
M0003729,E002563,K10+,Episode start,2026-06-28,22
M0003730,E002564,K10+,Episode start,2026-06-25,17
M0003731,E002568,K10+,Episode start,2026-06-25,27
M0003732,E002569,K10+,Episode start,2026-06-28,27
M0003733,E002570,K10+,Episode start,2026-06-30,25
M0003734,E002571,K10+,Episode start,2026-06-22,26
M0003735,E002573,K10+,Episode start,2026-06-30,42
M0003736,E002575,K10+,Episode start,2026-06-27,24
M0003737,E002577,K10+,Episode start,2026-06-30,22
M0003738,E002581,K10+,Episode start,2026-06-28,31
M0003739,E002583,K10+,Episode start,2026-06-25,24
M0003740,E002584,K10+,Episode start,2026-06-26,35
M0003741,E002585,K10+,Episode start,2026-06-26,30
M0003742,E002586,K10+,Episode start,2026-06-28,30
M0003743,E002587,K10+,Episode start,2026-06-27,33
M0003744,E002589,SDQ,Episode start,2026-06-30,18
M0003745,E002596,K10+,Episode start,2026-06-29,26
M0003746,E002606,SDQ,Episode start,2025-01-05,11
M0003747,E002607,K10+,Episode start,2025-01-08,35
M0003748,E002607,K10+,Episode end,2025-03-15,31
M0003749,E002609,K10+,Episode start,2025-01-15,38
M0003750,E002609,K10+,Episode end,2025-08-17,27
M0003751,E002610,K10+,Episode start,2025-01-12,37
M0003752,E002610,K10+,Episode end,2025-03-19,33
M0003753,E002611,K10+,Episode start,2025-01-10,21
M0003754,E002611,K10+,Episode end,2025-07-04,18
M0003755,E002612,K10+,Episode start,2025-01-21,31
M0003756,E002612,K10+,Episode end,2025-05-21,27
M0003757,E002613,SDQ,Episode start,2025-01-12,24
M0003758,E002613,SDQ,Episode end,2025-11-25,23
M0003759,E002614,SDQ,Episode start,2025-01-13,19
M0003760,E002614,SDQ,Episode end,2025-06-22,16
M0003761,E002615,K10+,Episode start,2025-01-13,36
M0003762,E002615,K10+,Episode end,2025-04-09,35
M0003763,E002616,SDQ,Episode start,2025-01-11,12
M0003764,E002616,SDQ,Episode end,2025-09-14,8
M0003765,E002617,SDQ,Episode start,2025-01-12,27
M0003766,E002618,K10+,Episode start,2025-01-17,36
M0003767,E002619,SDQ,Episode start,2025-01-22,25
M0003768,E002619,SDQ,Episode end,2025-07-01,22
M0003769,E002620,K10+,Episode start,2025-01-18,30
M0003770,E002620,K10+,Episode end,2025-03-31,31
M0003771,E002621,K10+,Episode start,2025-01-21,27
M0003772,E002621,K10+,Episode end,2025-06-12,23
M0003773,E002622,K10+,Episode start,2025-01-22,34
M0003774,E002622,K10+,Episode end,2025-03-09,29
M0003775,E002624,SDQ,Episode start,2025-01-17,19
M0003776,E002624,SDQ,Episode end,2025-03-16,18
M0003777,E002625,SDQ,Episode start,2025-02-05,19
M0003778,E002625,SDQ,Episode end,2025-10-01,13
M0003779,E002626,SDQ,Episode start,2025-01-27,23
M0003780,E002626,SDQ,Episode end,2025-07-30,20
M0003781,E002627,K10+,Episode start,2025-01-28,33
M0003782,E002627,K10+,Episode end,2025-07-12,29
M0003783,E002628,SDQ,Episode start,2025-01-23,24
M0003784,E002629,SDQ,Episode start,2025-02-16,19
M0003785,E002629,SDQ,Episode end,2025-05-30,17
M0003786,E002630,SDQ,Episode start,2025-01-28,18
M0003787,E002630,SDQ,Episode end,2025-06-30,12
M0003788,E002631,SDQ,Episode start,2025-01-29,22
M0003789,E002631,SDQ,Episode end,2025-10-07,18
M0003790,E002632,SDQ,Episode start,2025-02-02,17
M0003791,E002632,SDQ,Episode end,2025-12-07,13
M0003792,E002633,K10+,Episode start,2025-02-01,33
M0003793,E002633,K10+,Episode end,2025-07-08,25
M0003794,E002634,K10+,Episode start,2025-02-07,22
M0003795,E002635,K10+,Episode start,2025-01-26,38
M0003796,E002635,K10+,Episode end,2025-08-23,45
M0003797,E002636,K10+,Episode start,2025-02-03,34
M0003798,E002636,K10+,Episode end,2025-04-19,35
M0003799,E002637,SDQ,Episode start,2025-01-26,15
M0003800,E002637,SDQ,Episode end,2025-07-29,8
M0003801,E002638,SDQ,Episode start,2025-01-29,20
M0003802,E002638,SDQ,Episode end,2025-06-07,20
M0003803,E002639,SDQ,Episode start,2025-02-08,20
M0003804,E002639,SDQ,Episode end,2025-03-10,15
M0003805,E002640,SDQ,Episode start,2025-02-09,19
M0003806,E002640,SDQ,Episode end,2025-04-16,14
M0003807,E002641,SDQ,Episode start,2025-02-01,15
M0003808,E002641,SDQ,Episode end,2025-06-01,6
M0003809,E002642,SDQ,Episode start,2025-02-05,11
M0003810,E002642,SDQ,Episode end,2025-07-07,10
M0003811,E002644,K10+,Episode start,2025-01-29,33
M0003812,E002644,K10+,Episode end,2025-04-17,28
M0003813,E002646,SDQ,Episode start,2025-02-13,32
M0003814,E002646,SDQ,Episode end,2025-11-11,30
M0003815,E002647,SDQ,Episode end,2025-07-06,16
M0003816,E002648,K10+,Episode start,2025-02-12,30
M0003817,E002648,K10+,Episode end,2025-06-06,35
M0003818,E002649,SDQ,Episode end,2025-08-31,15
M0003819,E002650,SDQ,Episode start,2025-02-11,11
M0003820,E002650,SDQ,Episode end,2025-04-27,1
M0003821,E002653,K10+,Episode start,2025-02-06,27
M0003822,E002654,K10+,Episode start,2025-02-04,34
M0003823,E002655,SDQ,Episode start,2025-02-20,21
M0003824,E002655,SDQ,Episode end,2025-04-29,19
M0003825,E002657,K10+,Episode start,2025-02-06,22
M0003826,E002658,SDQ,Episode start,2025-02-06,17
M0003827,E002658,SDQ,Episode end,2025-04-21,11
M0003828,E002660,K10+,Episode start,2025-02-24,36
M0003829,E002660,K10+,Episode end,2025-04-27,26
M0003830,E002661,SDQ,Episode start,2025-02-07,12
M0003831,E002661,SDQ,Episode end,2025-04-28,12
M0003832,E002662,K10+,Episode start,2025-02-16,35
M0003833,E002662,K10+,Episode end,2025-03-24,24
M0003834,E002664,SDQ,Episode start,2025-02-16,23
M0003835,E002664,SDQ,Episode end,2025-05-12,15
M0003836,E002665,K10+,Episode start,2025-02-10,28
M0003837,E002665,K10+,Episode end,2025-06-05,22
M0003838,E002666,K10+,Episode start,2025-02-17,31
M0003839,E002666,K10+,Episode end,2025-08-13,15
M0003840,E002668,SDQ,Episode start,2025-03-06,21
M0003841,E002669,K10+,Episode start,2025-02-15,33
M0003842,E002669,K10+,Episode end,2025-08-02,27
M0003843,E002670,SDQ,Episode start,2025-02-20,22
M0003844,E002671,SDQ,Episode start,2025-03-14,16
M0003845,E002671,SDQ,Episode end,2025-08-17,4
M0003846,E002672,SDQ,Episode start,2025-02-12,18
M0003847,E002672,SDQ,Episode end,2025-10-05,13
M0003848,E002673,K10+,Episode start,2025-02-17,33
M0003849,E002674,SDQ,Episode start,2025-02-18,26
M0003850,E002674,SDQ,Episode end,2025-10-15,21
M0003851,E002675,SDQ,Episode start,2025-02-13,20
M0003852,E002675,SDQ,Episode end,2025-09-02,17
M0003853,E002676,K10+,Episode start,2025-02-16,17
M0003854,E002676,K10+,Episode end,2025-03-31,10
M0003855,E002677,K10+,Episode start,2025-02-20,39
M0003856,E002678,SDQ,Episode start,2025-02-13,11
M0003857,E002678,SDQ,Episode end,2025-05-13,1
M0003858,E002679,SDQ,Episode start,2025-02-24,15
M0003859,E002679,SDQ,Episode end,2025-05-28,8
M0003860,E002680,SDQ,Episode start,2025-02-16,16
M0003861,E002680,SDQ,Episode end,2025-07-04,12
M0003862,E002681,SDQ,Episode start,2025-02-19,22
M0003863,E002681,SDQ,Episode end,2025-07-01,18
M0003864,E002682,K10+,Episode start,2025-02-17,28
M0003865,E002682,K10+,Episode end,2025-09-21,25
M0003866,E002683,SDQ,Episode start,2025-03-01,15
M0003867,E002683,SDQ,Episode end,2025-08-22,11
M0003868,E002684,K10+,Episode start,2025-02-23,27
M0003869,E002684,K10+,Episode end,2025-05-22,29
M0003870,E002685,SDQ,Episode start,2025-02-22,21
M0003871,E002685,SDQ,Episode end,2025-08-27,14
M0003872,E002686,K10+,Episode start,2025-03-04,38
M0003873,E002686,K10+,Episode end,2025-05-17,26
M0003874,E002687,K10+,Episode start,2025-02-25,32
M0003875,E002687,K10+,Episode end,2025-04-21,30
M0003876,E002688,SDQ,Episode start,2025-02-20,14
M0003877,E002688,SDQ,Episode end,2025-05-22,12
M0003878,E002689,SDQ,Episode start,2025-02-19,14
M0003879,E002689,SDQ,Episode end,2025-05-16,13
M0003880,E002691,SDQ,Episode start,2025-02-25,13
M0003881,E002692,K10+,Episode start,2025-03-13,35
M0003882,E002693,SDQ,Episode start,2025-02-19,21
M0003883,E002693,SDQ,Episode end,2025-08-31,18
M0003884,E002694,SDQ,Episode start,2025-02-22,18
M0003885,E002695,SDQ,Episode start,2025-03-02,21
M0003886,E002696,K10+,Episode start,2025-02-27,34
M0003887,E002696,K10+,Episode end,2025-05-15,41
M0003888,E002697,K10+,Episode end,2025-05-10,40
M0003889,E002698,K10+,Episode start,2025-03-16,26
M0003890,E002699,SDQ,Episode end,2026-01-16,22
M0003891,E002700,K10+,Episode start,2025-02-25,26
M0003892,E002700,K10+,Episode end,2025-03-23,14
M0003893,E002701,SDQ,Episode start,2025-02-25,19
M0003894,E002701,SDQ,Episode end,2025-06-23,15
M0003895,E002702,SDQ,Episode start,2025-03-02,14
M0003896,E002702,SDQ,Episode end,2025-07-13,3
M0003897,E002703,K10+,Episode start,2025-02-23,31
M0003898,E002703,K10+,Episode end,2025-07-11,24
M0003899,E002704,SDQ,Episode start,2025-03-02,22
M0003900,E002704,SDQ,Episode end,2025-04-17,15
M0003901,E002706,K10+,Episode start,2025-03-14,30
M0003902,E002706,K10+,Episode end,2025-07-10,13
M0003903,E002708,SDQ,Episode start,2025-03-09,26
M0003904,E002708,SDQ,Episode end,2025-07-03,19
M0003905,E002709,K10+,Episode start,2025-03-01,30
M0003906,E002709,K10+,Episode end,2026-01-09,24
M0003907,E002710,SDQ,Episode start,2025-02-27,13
M0003908,E002710,SDQ,Episode end,2025-05-22,15
M0003909,E002711,SDQ,Episode start,2025-03-01,14
M0003910,E002711,SDQ,Episode end,2025-08-23,11
M0003911,E002712,SDQ,Episode start,2025-03-29,26
M0003912,E002712,SDQ,Episode end,2025-06-27,25
M0003913,E002713,SDQ,Episode start,2025-03-15,29
M0003914,E002713,SDQ,Episode end,2025-08-27,23
M0003915,E002714,K10+,Episode start,2025-03-06,20
M0003916,E002714,K10+,Episode end,2025-03-27,12
M0003917,E002715,SDQ,Episode start,2025-03-14,12
M0003918,E002715,SDQ,Episode end,2025-06-23,9
M0003919,E002716,SDQ,Episode start,2025-03-12,24
M0003920,E002716,SDQ,Episode end,2025-05-21,22
M0003921,E002717,SDQ,Episode start,2025-03-01,21
M0003922,E002717,SDQ,Episode end,2025-07-15,24
M0003923,E002719,K10+,Episode start,2025-03-13,38
M0003924,E002719,K10+,Episode end,2025-08-14,41
M0003925,E002720,SDQ,Episode start,2025-03-04,8
M0003926,E002720,SDQ,Episode end,2025-08-25,6
M0003927,E002721,K10+,Episode end,2025-06-01,35
M0003928,E002722,K10+,Episode start,2025-03-08,28
M0003929,E002722,K10+,Episode end,2025-06-19,29
M0003930,E002723,SDQ,Episode start,2025-02-28,22
M0003931,E002723,SDQ,Episode end,2025-04-09,18
M0003932,E002724,SDQ,Episode start,2025-03-11,12
M0003933,E002724,SDQ,Episode end,2025-05-29,6
M0003934,E002725,SDQ,Episode start,2025-03-21,29
M0003935,E002726,SDQ,Episode start,2025-03-07,10
M0003936,E002727,K10+,Episode start,2025-03-15,40
M0003937,E002727,K10+,Episode end,2025-06-19,31
M0003938,E002728,SDQ,Episode start,2025-03-07,20
M0003939,E002729,SDQ,Episode start,2025-03-06,30
M0003940,E002729,SDQ,Episode end,2025-08-30,26
M0003941,E002730,K10+,Episode start,2025-03-15,26
M0003942,E002730,K10+,Episode end,2025-06-04,22
M0003943,E002731,SDQ,Episode start,2025-04-06,22
M0003944,E002731,SDQ,Episode end,2025-10-28,21
M0003945,E002732,SDQ,Episode start,2025-03-24,27
M0003946,E002732,SDQ,Episode end,2025-06-23,27
M0003947,E002733,SDQ,Episode start,2025-03-26,31
M0003948,E002733,SDQ,Episode end,2025-06-08,27
M0003949,E002735,K10+,Episode start,2025-03-08,27
M0003950,E002736,SDQ,Episode start,2025-03-11,19
M0003951,E002736,SDQ,Episode end,2025-06-08,7
M0003952,E002737,K10+,Episode start,2025-03-09,30
M0003953,E002737,K10+,Episode end,2025-08-18,30
M0003954,E002738,K10+,Episode start,2025-03-13,36
M0003955,E002739,SDQ,Episode start,2025-03-16,24
M0003956,E002740,K10+,Episode start,2025-03-08,40
M0003957,E002740,K10+,Episode end,2025-09-14,40
M0003958,E002741,K10+,Episode start,2025-03-25,38
M0003959,E002741,K10+,Episode end,2025-07-04,25
M0003960,E002742,K10+,Episode start,2025-03-13,31
M0003961,E002742,K10+,Episode end,2025-08-17,27
M0003962,E002743,K10+,Episode start,2025-03-13,36
M0003963,E002743,K10+,Episode end,2025-05-03,21
M0003964,E002744,K10+,Episode start,2025-04-06,24
M0003965,E002744,K10+,Episode end,2025-08-18,24
M0003966,E002745,SDQ,Episode start,2025-04-06,17
M0003967,E002747,SDQ,Episode start,2025-03-14,30
M0003968,E002747,SDQ,Episode end,2025-06-12,21
M0003969,E002748,K10+,Episode start,2025-03-16,33
M0003970,E002749,SDQ,Episode start,2025-03-16,23
M0003971,E002749,SDQ,Episode end,2025-06-22,16
M0003972,E002750,SDQ,Episode start,2025-03-18,15
M0003973,E002750,SDQ,Episode end,2025-04-25,14
M0003974,E002752,K10+,Episode start,2025-04-04,33
M0003975,E002752,K10+,Episode end,2025-06-07,27
M0003976,E002753,K10+,Episode start,2025-03-27,33
M0003977,E002753,K10+,Episode end,2025-06-28,23
M0003978,E002754,SDQ,Episode start,2025-03-23,15
M0003979,E002754,SDQ,Episode end,2025-05-03,19
M0003980,E002755,SDQ,Episode start,2025-03-19,17
M0003981,E002755,SDQ,Episode end,2025-07-12,11
M0003982,E002756,SDQ,Episode start,2025-03-21,18
M0003983,E002756,SDQ,Episode end,2025-08-29,15
M0003984,E002757,SDQ,Episode start,2025-04-05,30
M0003985,E002757,SDQ,Episode end,2025-10-18,33
M0003986,E002758,SDQ,Episode start,2025-04-14,9
M0003987,E002758,SDQ,Episode end,2025-09-01,9
M0003988,E002759,SDQ,Episode start,2025-03-31,20
M0003989,E002759,SDQ,Episode end,2025-08-28,16
M0003990,E002760,K10+,Episode start,2025-03-23,42
M0003991,E002760,K10+,Episode end,2025-04-25,26
M0003992,E002761,SDQ,Episode start,2025-03-24,18
M0003993,E002761,SDQ,Episode end,2025-09-24,20
M0003994,E002762,K10+,Episode start,2025-03-27,23
M0003995,E002762,K10+,Episode end,2025-07-23,14
M0003996,E002763,SDQ,Episode start,2025-03-31,21
M0003997,E002763,SDQ,Episode end,2025-11-03,20
M0003998,E002764,SDQ,Episode start,2025-03-29,20
M0003999,E002766,K10+,Episode start,2025-04-06,31
M0004000,E002766,K10+,Episode end,2025-09-05,19
M0004001,E002767,K10+,Episode end,2025-07-09,22
M0004002,E002768,SDQ,Episode start,2025-03-26,14
M0004003,E002769,SDQ,Episode start,2025-04-01,18
M0004004,E002769,SDQ,Episode end,2025-11-24,15
M0004005,E002770,SDQ,Episode start,2025-04-12,26
M0004006,E002771,SDQ,Episode start,2025-04-03,15
M0004007,E002771,SDQ,Episode end,2025-07-06,14
M0004008,E002772,K10+,Episode start,2025-04-10,36
M0004009,E002772,K10+,Episode end,2025-09-22,25
M0004010,E002773,SDQ,Episode start,2025-03-26,25
M0004011,E002773,SDQ,Episode end,2025-07-20,23
M0004012,E002774,SDQ,Episode start,2025-04-04,23
M0004013,E002775,SDQ,Episode start,2025-04-12,18
M0004014,E002775,SDQ,Episode end,2025-06-05,11
M0004015,E002776,SDQ,Episode start,2025-04-06,25
M0004016,E002776,SDQ,Episode end,2025-10-15,22
M0004017,E002777,K10+,Episode start,2025-03-30,27
M0004018,E002777,K10+,Episode end,2025-10-03,12
M0004019,E002779,SDQ,Episode start,2025-04-04,16
M0004020,E002779,SDQ,Episode end,2025-08-05,13
M0004021,E002780,K10+,Episode start,2025-04-02,22
M0004022,E002780,K10+,Episode end,2025-06-09,15
M0004023,E002781,SDQ,Episode start,2025-04-03,13
M0004024,E002781,SDQ,Episode end,2025-09-12,13
M0004025,E002782,SDQ,Episode start,2025-04-20,25
M0004026,E002782,SDQ,Episode end,2025-09-03,26
M0004027,E002783,SDQ,Episode start,2025-04-03,19
M0004028,E002783,SDQ,Episode end,2025-06-03,11
M0004029,E002784,SDQ,Episode start,2025-04-08,14
M0004030,E002784,SDQ,Episode end,2025-09-24,10
M0004031,E002785,SDQ,Episode start,2025-04-17,17
M0004032,E002786,SDQ,Episode start,2025-04-06,13
M0004033,E002786,SDQ,Episode end,2025-07-13,12
M0004034,E002787,SDQ,Episode start,2025-04-10,18
M0004035,E002788,K10+,Episode start,2025-04-05,40
M0004036,E002788,K10+,Episode end,2025-09-26,33
M0004037,E002789,SDQ,Episode start,2025-04-21,20
M0004038,E002790,SDQ,Episode start,2025-04-26,11
M0004039,E002791,SDQ,Episode start,2025-04-12,25
M0004040,E002791,SDQ,Episode end,2025-08-19,22
M0004041,E002792,K10+,Episode start,2025-04-22,28
M0004042,E002792,K10+,Episode end,2025-06-22,24
M0004043,E002793,SDQ,Episode start,2025-04-17,21
M0004044,E002793,SDQ,Episode end,2025-06-10,20
M0004045,E002794,SDQ,Episode end,2025-08-02,11
M0004046,E002795,SDQ,Episode start,2025-04-20,9
M0004047,E002796,K10+,Episode start,2025-04-14,33
M0004048,E002797,SDQ,Episode start,2025-04-21,15
M0004049,E002797,SDQ,Episode end,2025-08-07,8
M0004050,E002798,K10+,Episode start,2025-04-13,32
M0004051,E002799,K10+,Episode start,2025-04-16,28
M0004052,E002799,K10+,Episode end,2025-05-29,29
M0004053,E002801,K10+,Episode start,2025-04-14,36
M0004054,E002801,K10+,Episode end,2025-07-10,39
M0004055,E002802,SDQ,Episode start,2025-05-04,20
M0004056,E002802,SDQ,Episode end,2025-09-01,20
M0004057,E002803,K10+,Episode start,2025-04-16,37
M0004058,E002804,K10+,Episode start,2025-05-12,27
M0004059,E002804,K10+,Episode end,2025-10-30,25
M0004060,E002805,SDQ,Episode start,2025-05-08,10
M0004061,E002805,SDQ,Episode end,2025-07-05,5
M0004062,E002806,K10+,Episode start,2025-04-20,28
M0004063,E002806,K10+,Episode end,2026-01-17,14
M0004064,E002807,SDQ,Episode start,2025-04-29,24
M0004065,E002808,K10+,Episode start,2025-04-18,30
M0004066,E002808,K10+,Episode end,2025-11-26,30
M0004067,E002809,SDQ,Episode start,2025-04-24,9
M0004068,E002809,SDQ,Episode end,2025-08-20,1
M0004069,E002810,SDQ,Episode start,2025-04-22,25
M0004070,E002812,K10+,Episode start,2025-05-02,31
M0004071,E002814,K10+,Episode start,2025-04-24,37
M0004072,E002814,K10+,Episode end,2025-08-04,28
M0004073,E002815,K10+,Episode start,2025-04-23,39
M0004074,E002815,K10+,Episode end,2025-08-11,37
M0004075,E002816,K10+,Episode start,2025-04-28,33
M0004076,E002816,K10+,Episode end,2025-09-26,24
M0004077,E002818,K10+,Episode start,2025-04-24,31
M0004078,E002819,K10+,Episode start,2025-04-25,27
M0004079,E002819,K10+,Episode end,2025-10-07,29
M0004080,E002820,SDQ,Episode start,2025-04-25,15
M0004081,E002820,SDQ,Episode end,2025-07-31,13
M0004082,E002822,SDQ,Episode start,2025-06-13,10
M0004083,E002822,SDQ,Episode end,2025-08-31,0
M0004084,E002823,SDQ,Episode start,2025-04-26,26
M0004085,E002823,SDQ,Episode end,2025-07-12,23
M0004086,E002824,SDQ,Episode start,2025-04-21,24
M0004087,E002824,SDQ,Episode end,2025-09-15,22
M0004088,E002825,SDQ,Episode end,2025-09-13,18
M0004089,E002826,SDQ,Episode start,2025-05-02,20
M0004090,E002826,SDQ,Episode end,2025-09-03,20
M0004091,E002828,SDQ,Episode start,2025-05-15,16
M0004092,E002828,SDQ,Episode end,2025-10-01,9
M0004093,E002829,SDQ,Episode start,2025-04-27,15
M0004094,E002829,SDQ,Episode end,2025-07-05,13
M0004095,E002830,SDQ,Episode start,2025-04-28,17
M0004096,E002831,K10+,Episode end,2025-06-29,27
M0004097,E002833,SDQ,Episode start,2025-05-08,16
M0004098,E002833,SDQ,Episode end,2025-08-27,9
M0004099,E002834,K10+,Episode start,2025-05-08,23
M0004100,E002834,K10+,Episode end,2025-08-29,22
M0004101,E002835,K10+,Episode start,2025-05-12,25
M0004102,E002835,K10+,Episode end,2025-11-15,32
M0004103,E002836,SDQ,Episode start,2025-04-27,25
M0004104,E002837,SDQ,Episode start,2025-04-26,25
M0004105,E002837,SDQ,Episode end,2025-09-16,22
M0004106,E002838,K10+,Episode start,2025-04-29,41
M0004107,E002839,SDQ,Episode start,2025-04-28,19
M0004108,E002839,SDQ,Episode end,2025-08-10,4
M0004109,E002840,SDQ,Episode start,2025-04-28,21
M0004110,E002840,SDQ,Episode end,2025-11-07,19
M0004111,E002841,K10+,Episode start,2025-04-30,31
M0004112,E002841,K10+,Episode end,2025-09-27,27
M0004113,E002842,SDQ,Episode start,2025-05-09,16
M0004114,E002842,SDQ,Episode end,2025-12-03,11
M0004115,E002843,SDQ,Episode start,2025-04-29,14
M0004116,E002843,SDQ,Episode end,2025-07-20,6
M0004117,E002844,SDQ,Episode start,2025-05-05,17
M0004118,E002844,SDQ,Episode end,2025-07-04,16
M0004119,E002845,K10+,Episode start,2025-05-22,21
M0004120,E002845,K10+,Episode end,2025-11-08,16
M0004121,E002846,SDQ,Episode end,2025-08-29,0
M0004122,E002847,K10+,Episode start,2025-05-01,30
M0004123,E002847,K10+,Episode end,2025-08-29,11
M0004124,E002848,SDQ,Episode start,2025-05-05,20
M0004125,E002848,SDQ,Episode end,2025-07-03,18
M0004126,E002850,SDQ,Episode start,2025-05-18,9
M0004127,E002851,SDQ,Episode start,2025-05-06,17
M0004128,E002851,SDQ,Episode end,2025-10-06,10
M0004129,E002852,SDQ,Episode start,2025-05-04,13
M0004130,E002852,SDQ,Episode end,2025-12-10,7
M0004131,E002853,K10+,Episode start,2025-05-09,33
M0004132,E002853,K10+,Episode end,2025-07-30,30
M0004133,E002854,SDQ,Episode start,2025-05-12,14
M0004134,E002854,SDQ,Episode end,2025-10-07,12
M0004135,E002855,SDQ,Episode start,2025-05-10,6
M0004136,E002855,SDQ,Episode end,2025-09-20,0
M0004137,E002856,SDQ,Episode start,2025-05-08,16
M0004138,E002856,SDQ,Episode end,2025-08-13,15
M0004139,E002857,SDQ,Episode start,2025-06-03,25
M0004140,E002858,K10+,Episode start,2025-06-14,23
M0004141,E002858,K10+,Episode end,2025-11-11,22
M0004142,E002859,K10+,Episode start,2025-05-07,41
M0004143,E002859,K10+,Episode end,2025-11-13,39
M0004144,E002860,SDQ,Episode start,2025-05-11,23
M0004145,E002860,SDQ,Episode end,2025-07-07,18
M0004146,E002861,SDQ,Episode start,2025-05-16,10
M0004147,E002861,SDQ,Episode end,2025-09-25,7
M0004148,E002862,K10+,Episode start,2025-05-21,35
M0004149,E002862,K10+,Episode end,2025-11-11,16
M0004150,E002863,SDQ,Episode start,2025-05-12,19
M0004151,E002863,SDQ,Episode end,2025-09-04,17
M0004152,E002864,SDQ,Episode start,2025-05-09,10
M0004153,E002864,SDQ,Episode end,2025-08-07,7
M0004154,E002865,K10+,Episode start,2025-05-16,31
M0004155,E002865,K10+,Episode end,2025-08-24,18
M0004156,E002866,SDQ,Episode start,2025-05-15,28
M0004157,E002866,SDQ,Episode end,2025-08-20,24
M0004158,E002868,K10+,Episode start,2025-05-15,23
M0004159,E002869,K10+,Episode start,2025-05-27,38
M0004160,E002870,SDQ,Episode start,2025-05-16,27
M0004161,E002870,SDQ,Episode end,2025-08-06,23
M0004162,E002871,SDQ,Episode start,2025-05-21,22
M0004163,E002871,SDQ,Episode end,2025-10-20,18
M0004164,E002872,SDQ,Episode start,2025-05-18,23
M0004165,E002872,SDQ,Episode end,2025-10-06,25
M0004166,E002873,SDQ,Episode start,2025-05-14,22
M0004167,E002873,SDQ,Episode end,2025-12-14,19
M0004168,E002874,K10+,Episode start,2025-06-02,28
M0004169,E002875,SDQ,Episode start,2025-05-15,25
M0004170,E002875,SDQ,Episode end,2025-09-30,18
M0004171,E002876,K10+,Episode start,2025-05-14,39
M0004172,E002876,K10+,Episode end,2025-10-12,26
M0004173,E002877,K10+,Episode start,2025-05-17,34
M0004174,E002877,K10+,Episode end,2025-10-04,39
M0004175,E002878,SDQ,Episode end,2026-01-22,17
M0004176,E002879,SDQ,Episode start,2025-05-15,13
M0004177,E002879,SDQ,Episode end,2025-08-23,7
M0004178,E002880,SDQ,Episode start,2025-05-25,18
M0004179,E002880,SDQ,Episode end,2025-10-20,16
M0004180,E002881,SDQ,Episode start,2025-05-16,17
M0004181,E002881,SDQ,Episode end,2025-07-22,10
M0004182,E002882,SDQ,Episode start,2025-05-27,20
M0004183,E002883,K10+,Episode start,2025-05-22,31
M0004184,E002883,K10+,Episode end,2026-01-11,27
M0004185,E002884,K10+,Episode start,2025-05-23,43
M0004186,E002884,K10+,Episode end,2025-11-10,39
M0004187,E002885,K10+,Episode start,2025-05-19,37
M0004188,E002885,K10+,Episode end,2025-10-06,30
M0004189,E002887,SDQ,Episode start,2025-05-16,19
M0004190,E002887,SDQ,Episode end,2025-08-26,12
M0004191,E002888,SDQ,Episode start,2025-05-28,16
M0004192,E002889,SDQ,Episode start,2025-06-08,23
M0004193,E002889,SDQ,Episode end,2025-11-26,15
M0004194,E002890,K10+,Episode start,2025-05-28,22
M0004195,E002890,K10+,Episode end,2025-10-13,19
M0004196,E002891,SDQ,Episode end,2025-10-12,15
M0004197,E002892,SDQ,Episode start,2025-05-25,30
M0004198,E002892,SDQ,Episode end,2025-09-18,26
M0004199,E002893,SDQ,Episode start,2025-05-21,18
M0004200,E002893,SDQ,Episode end,2025-09-12,9
M0004201,E002894,SDQ,Episode start,2025-06-02,28
M0004202,E002894,SDQ,Episode end,2025-11-27,26
M0004203,E002896,SDQ,Episode start,2025-06-17,28
M0004204,E002897,SDQ,Episode start,2025-05-23,18
M0004205,E002897,SDQ,Episode end,2025-11-13,13
M0004206,E002898,SDQ,Episode start,2025-06-04,25
M0004207,E002898,SDQ,Episode end,2025-07-11,25
M0004208,E002899,SDQ,Episode start,2025-06-04,19
M0004209,E002899,SDQ,Episode end,2026-03-25,18
M0004210,E002900,SDQ,Episode start,2025-05-27,23
M0004211,E002900,SDQ,Episode end,2025-09-25,20
M0004212,E002901,K10+,Episode start,2025-06-03,32
M0004213,E002901,K10+,Episode end,2026-02-16,27
M0004214,E002903,K10+,Episode start,2025-05-23,26
M0004215,E002903,K10+,Episode end,2025-08-16,15
M0004216,E002904,K10+,Episode start,2025-06-02,33
M0004217,E002904,K10+,Episode end,2025-08-12,36
M0004218,E002905,SDQ,Episode start,2025-05-27,13
M0004219,E002905,SDQ,Episode end,2026-01-21,11
M0004220,E002906,K10+,Episode start,2025-06-19,29
M0004221,E002906,K10+,Episode end,2025-12-09,19
M0004222,E002907,K10+,Episode start,2025-06-05,34
M0004223,E002908,K10+,Episode start,2025-05-30,29
M0004224,E002908,K10+,Episode end,2025-12-21,26
M0004225,E002909,SDQ,Episode start,2025-06-04,18
M0004226,E002909,SDQ,Episode end,2025-08-18,16
M0004227,E002910,K10+,Episode start,2025-06-07,37
M0004228,E002911,SDQ,Episode start,2025-05-29,27
M0004229,E002911,SDQ,Episode end,2025-07-20,20
M0004230,E002912,K10+,Episode start,2025-07-04,33
M0004231,E002912,K10+,Episode end,2025-09-08,25
M0004232,E002913,SDQ,Episode start,2025-06-08,27
M0004233,E002913,SDQ,Episode end,2025-11-25,24
M0004234,E002914,SDQ,Episode start,2025-05-29,24
M0004235,E002914,SDQ,Episode end,2025-08-08,24
M0004236,E002916,SDQ,Episode start,2025-06-10,22
M0004237,E002916,SDQ,Episode end,2025-10-16,19
M0004238,E002917,SDQ,Episode start,2025-06-06,16
M0004239,E002917,SDQ,Episode end,2025-10-13,15
M0004240,E002919,SDQ,Episode start,2025-06-09,16
M0004241,E002919,SDQ,Episode end,2025-11-15,9
M0004242,E002920,K10+,Episode start,2025-06-03,25
M0004243,E002920,K10+,Episode end,2025-07-18,25
M0004244,E002921,K10+,Episode start,2025-06-23,35
M0004245,E002922,K10+,Episode start,2025-06-11,46
M0004246,E002922,K10+,Episode end,2025-08-18,43
M0004247,E002923,K10+,Episode start,2025-06-04,32
M0004248,E002923,K10+,Episode end,2025-12-24,24
M0004249,E002924,K10+,Episode start,2025-06-24,28
M0004250,E002924,K10+,Episode end,2025-10-05,28
M0004251,E002926,SDQ,Episode start,2025-06-05,12
M0004252,E002927,SDQ,Episode start,2025-06-05,20
M0004253,E002927,SDQ,Episode end,2025-10-10,20
M0004254,E002928,K10+,Episode start,2025-06-07,33
M0004255,E002929,SDQ,Episode start,2025-06-15,19
M0004256,E002929,SDQ,Episode end,2025-09-29,14
M0004257,E002930,SDQ,Episode start,2025-06-07,21
M0004258,E002930,SDQ,Episode end,2025-09-01,17
M0004259,E002931,SDQ,Episode end,2025-10-07,0
M0004260,E002932,K10+,Episode start,2025-07-23,33
M0004261,E002932,K10+,Episode end,2025-10-10,26
M0004262,E002933,SDQ,Episode start,2025-06-30,29
M0004263,E002933,SDQ,Episode end,2025-10-17,24
M0004264,E002934,K10+,Episode start,2025-06-20,42
M0004265,E002934,K10+,Episode end,2025-09-08,39
M0004266,E002935,K10+,Episode start,2025-06-13,34
M0004267,E002935,K10+,Episode end,2025-08-07,20
M0004268,E002936,K10+,Episode start,2025-06-12,27
M0004269,E002936,K10+,Episode end,2025-10-02,20
M0004270,E002937,SDQ,Episode start,2025-06-16,14
M0004271,E002937,SDQ,Episode end,2025-12-23,9
M0004272,E002938,K10+,Episode start,2025-06-13,23
M0004273,E002938,K10+,Episode end,2025-08-28,11
M0004274,E002939,SDQ,Episode start,2025-06-21,23
M0004275,E002939,SDQ,Episode end,2025-09-07,25
M0004276,E002940,K10+,Episode start,2025-06-23,27
M0004277,E002940,K10+,Episode end,2025-11-12,23
M0004278,E002941,SDQ,Episode end,2025-12-23,23
M0004279,E002942,SDQ,Episode start,2025-06-20,15
M0004280,E002943,SDQ,Episode end,2026-01-23,11
M0004281,E002944,SDQ,Episode start,2025-06-15,18
M0004282,E002944,SDQ,Episode end,2025-08-04,13
M0004283,E002945,K10+,Episode start,2025-07-22,32
M0004284,E002945,K10+,Episode end,2025-10-27,27
M0004285,E002947,K10+,Episode start,2025-06-15,22
M0004286,E002947,K10+,Episode end,2025-10-16,26
M0004287,E002948,K10+,Episode start,2025-07-04,21
M0004288,E002948,K10+,Episode end,2025-12-09,21
M0004289,E002949,SDQ,Episode start,2025-06-24,17
M0004290,E002950,K10+,Episode start,2025-06-20,38
M0004291,E002950,K10+,Episode end,2026-01-16,32
M0004292,E002951,SDQ,Episode start,2025-06-27,25
M0004293,E002951,SDQ,Episode end,2025-10-08,22
M0004294,E002952,K10+,Episode start,2025-06-22,32
M0004295,E002952,K10+,Episode end,2025-09-20,25
M0004296,E002953,K10+,Episode start,2025-06-22,36
M0004297,E002953,K10+,Episode end,2025-10-25,32
M0004298,E002955,K10+,Episode start,2025-06-19,29
M0004299,E002955,K10+,Episode end,2025-08-21,20
M0004300,E002956,SDQ,Episode start,2025-06-21,26
M0004301,E002956,SDQ,Episode end,2026-04-29,25
M0004302,E002957,SDQ,Episode start,2025-07-17,29
M0004303,E002957,SDQ,Episode end,2025-10-04,26
M0004304,E002958,SDQ,Episode start,2025-06-28,23
M0004305,E002958,SDQ,Episode end,2025-10-10,27
M0004306,E002959,SDQ,Episode start,2025-07-01,22
M0004307,E002959,SDQ,Episode end,2025-08-13,18
M0004308,E002960,SDQ,Episode start,2025-06-23,21
M0004309,E002960,SDQ,Episode end,2025-11-07,14
M0004310,E002961,SDQ,Episode start,2025-06-29,20
M0004311,E002962,SDQ,Episode start,2025-06-23,23
M0004312,E002962,SDQ,Episode end,2025-10-26,16
M0004313,E002964,SDQ,Episode start,2025-07-02,14
M0004314,E002964,SDQ,Episode end,2025-10-17,9
M0004315,E002965,K10+,Episode start,2025-06-26,24
M0004316,E002965,K10+,Episode end,2025-07-02,16
M0004317,E002966,SDQ,Episode start,2025-06-30,20
M0004318,E002966,SDQ,Episode end,2025-09-30,19
M0004319,E002967,SDQ,Episode start,2025-07-07,10
M0004320,E002967,SDQ,Episode end,2025-10-04,6
M0004321,E002968,K10+,Episode start,2025-06-28,28
M0004322,E002968,K10+,Episode end,2025-11-07,22
M0004323,E002970,K10+,Episode start,2025-06-30,41
M0004324,E002970,K10+,Episode end,2025-11-11,37
M0004325,E002971,K10+,Episode start,2025-06-30,33
M0004326,E002971,K10+,Episode end,2025-10-14,27
M0004327,E002972,SDQ,Episode start,2025-07-02,15
M0004328,E002973,SDQ,Episode start,2025-07-22,21
M0004329,E002973,SDQ,Episode end,2025-10-08,22
M0004330,E002974,SDQ,Episode start,2025-07-06,21
M0004331,E002974,SDQ,Episode end,2025-11-24,19
M0004332,E002975,SDQ,Episode start,2025-07-05,19
M0004333,E002975,SDQ,Episode end,2025-09-30,13
M0004334,E002976,K10+,Episode start,2025-06-27,25
M0004335,E002976,K10+,Episode end,2025-12-14,15
M0004336,E002977,K10+,Episode start,2025-07-15,29
M0004337,E002977,K10+,Episode end,2025-10-22,22
M0004338,E002978,SDQ,Episode start,2025-07-15,21
M0004339,E002978,SDQ,Episode end,2026-03-20,16
M0004340,E002979,K10+,Episode start,2025-07-20,36
M0004341,E002979,K10+,Episode end,2025-10-11,38
M0004342,E002980,SDQ,Episode start,2025-07-15,23
M0004343,E002980,SDQ,Episode end,2025-12-10,19
M0004344,E002981,K10+,Episode start,2025-07-10,28
M0004345,E002981,K10+,Episode end,2025-10-16,26
M0004346,E002983,K10+,Episode start,2025-07-19,28
M0004347,E002984,K10+,Episode start,2025-07-14,35
M0004348,E002984,K10+,Episode end,2026-02-26,34
M0004349,E002986,SDQ,Episode start,2025-07-21,16
M0004350,E002987,SDQ,Episode start,2025-07-13,15
M0004351,E002987,SDQ,Episode end,2025-12-03,7
M0004352,E002988,SDQ,Episode start,2025-07-11,22
M0004353,E002988,SDQ,Episode end,2026-02-02,22
M0004354,E002989,SDQ,Episode start,2025-07-26,9
M0004355,E002989,SDQ,Episode end,2025-10-25,7
M0004356,E002991,SDQ,Episode start,2025-07-12,21
M0004357,E002992,SDQ,Episode start,2025-07-14,19
M0004358,E002993,SDQ,Episode start,2025-07-13,22
M0004359,E002993,SDQ,Episode end,2025-10-29,17
M0004360,E002994,SDQ,Episode start,2025-07-22,16
M0004361,E002994,SDQ,Episode end,2025-10-20,14
M0004362,E002995,K10+,Episode start,2025-07-09,29
M0004363,E002996,SDQ,Episode start,2025-07-16,20
M0004364,E002996,SDQ,Episode end,2025-09-06,23
M0004365,E002997,SDQ,Episode start,2025-07-24,27
M0004366,E002997,SDQ,Episode end,2026-03-01,23
M0004367,E002998,K10+,Episode start,2025-07-13,32
M0004368,E002998,K10+,Episode end,2025-09-13,14
M0004369,E002999,K10+,Episode start,2025-09-01,25
M0004370,E002999,K10+,Episode end,2026-03-17,21
M0004371,E003000,SDQ,Episode start,2025-07-13,23
M0004372,E003001,SDQ,Episode end,2025-11-21,14
M0004373,E003002,SDQ,Episode start,2025-07-23,11
M0004374,E003002,SDQ,Episode end,2025-11-16,6
M0004375,E003003,K10+,Episode start,2025-07-18,31
M0004376,E003005,K10+,Episode start,2025-07-13,30
M0004377,E003005,K10+,Episode end,2026-01-30,20
M0004378,E003006,SDQ,Episode start,2025-07-16,25
M0004379,E003006,SDQ,Episode end,2025-11-06,22
M0004380,E003007,K10+,Episode start,2025-07-19,41
M0004381,E003007,K10+,Episode end,2025-08-16,33
M0004382,E003008,SDQ,Episode start,2025-08-09,24
M0004383,E003008,SDQ,Episode end,2025-11-03,21
M0004384,E003009,SDQ,Episode start,2025-07-22,17
M0004385,E003009,SDQ,Episode end,2025-10-10,4
M0004386,E003010,SDQ,Episode start,2025-07-18,17
M0004387,E003010,SDQ,Episode end,2025-10-12,15
M0004388,E003011,K10+,Episode start,2025-07-20,34
M0004389,E003012,K10+,Episode start,2025-08-01,34
M0004390,E003013,K10+,Episode start,2025-07-26,38
M0004391,E003014,SDQ,Episode start,2025-08-05,22
M0004392,E003014,SDQ,Episode end,2025-10-02,22
M0004393,E003015,K10+,Episode start,2025-08-11,32
M0004394,E003015,K10+,Episode end,2025-12-08,24
M0004395,E003016,K10+,Episode start,2025-08-01,25
M0004396,E003017,K10+,Episode start,2025-07-30,29
M0004397,E003017,K10+,Episode end,2025-12-25,32
M0004398,E003018,SDQ,Episode start,2025-07-25,20
M0004399,E003018,SDQ,Episode end,2025-09-13,18
M0004400,E003019,K10+,Episode start,2025-07-30,31
M0004401,E003019,K10+,Episode end,2025-09-27,27
M0004402,E003020,SDQ,Episode start,2025-08-04,14
M0004403,E003020,SDQ,Episode end,2025-10-28,12
M0004404,E003022,K10+,Episode start,2025-07-30,14
M0004405,E003022,K10+,Episode end,2025-09-25,16
M0004406,E003023,K10+,Episode start,2025-07-26,41
M0004407,E003024,SDQ,Episode start,2025-07-28,8
M0004408,E003024,SDQ,Episode end,2026-01-15,4
M0004409,E003025,SDQ,Episode start,2025-07-25,12
M0004410,E003025,SDQ,Episode end,2025-11-04,8
M0004411,E003026,SDQ,Episode start,2025-08-03,14
M0004412,E003026,SDQ,Episode end,2026-01-08,11
M0004413,E003027,K10+,Episode end,2026-01-28,30
M0004414,E003028,K10+,Episode start,2025-08-02,29
M0004415,E003028,K10+,Episode end,2025-12-05,24
M0004416,E003029,SDQ,Episode start,2025-08-14,19
M0004417,E003029,SDQ,Episode end,2025-10-24,17
M0004418,E003030,K10+,Episode start,2025-08-08,26
M0004419,E003030,K10+,Episode end,2025-11-06,19
M0004420,E003031,SDQ,Episode start,2025-07-28,13
M0004421,E003031,SDQ,Episode end,2025-12-17,13
M0004422,E003033,K10+,Episode start,2025-08-01,29
M0004423,E003033,K10+,Episode end,2025-11-11,16
M0004424,E003034,SDQ,Episode start,2025-08-10,16
M0004425,E003034,SDQ,Episode end,2026-04-18,19
M0004426,E003035,SDQ,Episode end,2025-09-10,14
M0004427,E003036,SDQ,Episode start,2025-07-30,24
M0004428,E003036,SDQ,Episode end,2025-11-21,23
M0004429,E003037,K10+,Episode start,2025-07-30,34
M0004430,E003037,K10+,Episode end,2025-10-11,35
M0004431,E003038,K10+,Episode start,2025-08-13,23
M0004432,E003038,K10+,Episode end,2025-12-05,10
M0004433,E003039,SDQ,Episode start,2025-08-05,21
M0004434,E003039,SDQ,Episode end,2025-12-12,21
M0004435,E003040,K10+,Episode start,2025-07-31,34
M0004436,E003040,K10+,Episode end,2025-10-08,42
M0004437,E003042,SDQ,Episode start,2025-08-18,21
M0004438,E003042,SDQ,Episode end,2026-02-06,21
M0004439,E003043,SDQ,Episode start,2025-08-14,19
M0004440,E003043,SDQ,Episode end,2026-02-23,18
M0004441,E003044,K10+,Episode start,2025-08-04,23
M0004442,E003044,K10+,Episode end,2026-01-03,12
M0004443,E003045,SDQ,Episode start,2025-08-14,25
M0004444,E003045,SDQ,Episode end,2025-09-27,23
M0004445,E003046,SDQ,Episode start,2025-08-07,31
M0004446,E003046,SDQ,Episode end,2026-06-02,22
M0004447,E003047,K10+,Episode start,2025-08-08,26
M0004448,E003047,K10+,Episode end,2026-05-13,11
M0004449,E003048,SDQ,Episode start,2025-08-17,24
M0004450,E003048,SDQ,Episode end,2025-12-30,25
M0004451,E003049,SDQ,Episode start,2025-09-10,26
M0004452,E003049,SDQ,Episode end,2026-01-09,25
M0004453,E003050,SDQ,Episode start,2025-08-13,18
M0004454,E003050,SDQ,Episode end,2025-12-04,13
M0004455,E003051,K10+,Episode start,2025-08-25,35
M0004456,E003051,K10+,Episode end,2025-10-04,34
M0004457,E003052,SDQ,Episode start,2025-09-08,19
M0004458,E003052,SDQ,Episode end,2025-12-30,13
M0004459,E003053,SDQ,Episode start,2025-09-01,21
M0004460,E003053,SDQ,Episode end,2026-02-25,18
M0004461,E003054,SDQ,Episode start,2025-08-15,29
M0004462,E003054,SDQ,Episode end,2026-05-05,21
M0004463,E003055,K10+,Episode start,2025-08-16,32
M0004464,E003055,K10+,Episode end,2026-01-29,27
M0004465,E003056,SDQ,Episode start,2025-08-14,20
M0004466,E003056,SDQ,Episode end,2025-09-27,19
M0004467,E003057,SDQ,Episode start,2025-08-11,15
M0004468,E003057,SDQ,Episode end,2026-02-17,7
M0004469,E003059,K10+,Episode start,2025-08-15,25
M0004470,E003059,K10+,Episode end,2025-11-07,15
M0004471,E003060,SDQ,Episode start,2025-08-19,12
M0004472,E003061,SDQ,Episode start,2025-08-23,16
M0004473,E003061,SDQ,Episode end,2025-11-25,11
M0004474,E003062,SDQ,Episode start,2025-08-23,15
M0004475,E003062,SDQ,Episode end,2025-12-18,16
M0004476,E003063,SDQ,Episode start,2025-08-20,27
M0004477,E003063,SDQ,Episode end,2026-02-16,20
M0004478,E003064,K10+,Episode start,2025-08-30,32
M0004479,E003064,K10+,Episode end,2026-04-20,24
M0004480,E003066,K10+,Episode start,2025-08-28,38
M0004481,E003066,K10+,Episode end,2025-11-05,33
M0004482,E003067,SDQ,Episode start,2025-08-29,16
M0004483,E003067,SDQ,Episode end,2026-06-01,14
M0004484,E003068,K10+,Episode start,2025-08-21,25
M0004485,E003068,K10+,Episode end,2025-12-26,10
M0004486,E003069,SDQ,Episode start,2025-08-26,17
M0004487,E003069,SDQ,Episode end,2026-03-13,17
M0004488,E003070,SDQ,Episode start,2025-08-29,13
M0004489,E003070,SDQ,Episode end,2026-01-07,9
M0004490,E003071,K10+,Episode start,2025-08-31,30
M0004491,E003071,K10+,Episode end,2025-10-26,26
M0004492,E003072,SDQ,Episode start,2025-08-30,21
M0004493,E003072,SDQ,Episode end,2026-02-08,15
M0004494,E003073,K10+,Episode start,2025-08-24,23
M0004495,E003073,K10+,Episode end,2025-09-07,11
M0004496,E003074,SDQ,Episode start,2025-08-26,18
M0004497,E003074,SDQ,Episode end,2025-12-10,11
M0004498,E003075,K10+,Episode start,2025-08-27,28
M0004499,E003075,K10+,Episode end,2026-04-12,26
M0004500,E003076,SDQ,Episode start,2025-09-04,14
M0004501,E003077,SDQ,Episode start,2025-08-24,19
M0004502,E003077,SDQ,Episode end,2026-06-07,12
M0004503,E003078,SDQ,Episode start,2025-08-30,16
M0004504,E003078,SDQ,Episode end,2025-11-07,9
M0004505,E003079,K10+,Episode start,2025-08-31,36
M0004506,E003079,K10+,Episode end,2026-04-13,19
M0004507,E003080,K10+,Episode start,2025-08-30,28
M0004508,E003081,SDQ,Episode start,2025-09-01,19
M0004509,E003081,SDQ,Episode end,2025-12-13,13
M0004510,E003082,K10+,Episode start,2025-08-30,27
M0004511,E003082,K10+,Episode end,2025-11-23,15
M0004512,E003083,SDQ,Episode start,2025-08-30,23
M0004513,E003083,SDQ,Episode end,2026-03-16,17
M0004514,E003084,K10+,Episode start,2025-09-12,34
M0004515,E003085,SDQ,Episode start,2025-09-14,23
M0004516,E003085,SDQ,Episode end,2025-12-03,17
M0004517,E003086,SDQ,Episode start,2025-09-13,10
M0004518,E003086,SDQ,Episode end,2026-02-26,11
M0004519,E003087,SDQ,Episode start,2025-09-04,15
M0004520,E003088,K10+,Episode start,2025-09-07,26
M0004521,E003088,K10+,Episode end,2026-01-05,20
M0004522,E003089,SDQ,Episode start,2025-09-22,13
M0004523,E003090,SDQ,Episode start,2025-09-04,20
M0004524,E003090,SDQ,Episode end,2025-10-17,17
M0004525,E003091,K10+,Episode start,2025-09-16,24
M0004526,E003091,K10+,Episode end,2025-11-13,15
M0004527,E003092,K10+,Episode start,2025-09-07,27
M0004528,E003092,K10+,Episode end,2026-01-19,27
M0004529,E003093,K10+,Episode start,2025-10-02,34
M0004530,E003093,K10+,Episode end,2025-12-28,25
M0004531,E003095,K10+,Episode start,2025-09-15,26
M0004532,E003095,K10+,Episode end,2025-11-23,21
M0004533,E003096,SDQ,Episode start,2025-09-21,15
M0004534,E003096,SDQ,Episode end,2025-12-21,10
M0004535,E003097,SDQ,Episode start,2025-09-23,11
M0004536,E003097,SDQ,Episode end,2025-12-10,9
M0004537,E003098,K10+,Episode start,2025-10-20,29
M0004538,E003098,K10+,Episode end,2025-11-24,28
M0004539,E003099,K10+,Episode start,2025-10-17,32
M0004540,E003099,K10+,Episode end,2026-05-29,28
M0004541,E003100,SDQ,Episode start,2025-09-15,24
M0004542,E003101,K10+,Episode start,2025-09-13,31
M0004543,E003101,K10+,Episode end,2026-02-27,22
M0004544,E003102,SDQ,Episode start,2025-09-18,25
M0004545,E003102,SDQ,Episode end,2026-03-21,20
M0004546,E003103,K10+,Episode start,2025-09-09,35
M0004547,E003103,K10+,Episode end,2026-02-05,26
M0004548,E003104,SDQ,Episode start,2025-09-11,19
M0004549,E003104,SDQ,Episode end,2026-04-24,17
M0004550,E003106,SDQ,Episode start,2025-09-16,19
M0004551,E003106,SDQ,Episode end,2025-10-23,16
M0004552,E003107,K10+,Episode end,2026-03-30,24
M0004553,E003108,SDQ,Episode start,2025-10-17,14
M0004554,E003108,SDQ,Episode end,2026-05-31,8
M0004555,E003109,K10+,Episode start,2025-09-11,29
M0004556,E003110,SDQ,Episode end,2026-03-19,11
M0004557,E003111,K10+,Episode start,2025-09-26,24
M0004558,E003111,K10+,Episode end,2026-01-27,29
M0004559,E003112,SDQ,Episode start,2025-09-30,15
M0004560,E003112,SDQ,Episode end,2026-01-31,17
M0004561,E003113,K10+,Episode end,2025-11-20,33
M0004562,E003114,K10+,Episode start,2025-09-29,38
M0004563,E003114,K10+,Episode end,2026-01-26,22
M0004564,E003115,K10+,Episode start,2025-09-23,26
M0004565,E003115,K10+,Episode end,2026-02-11,10
M0004566,E003116,SDQ,Episode start,2025-09-14,26
M0004567,E003116,SDQ,Episode end,2026-04-25,21
M0004568,E003117,SDQ,Episode start,2025-09-21,15
M0004569,E003117,SDQ,Episode end,2025-10-27,15
M0004570,E003118,SDQ,Episode start,2025-09-27,20
M0004571,E003118,SDQ,Episode end,2026-04-18,18
M0004572,E003119,SDQ,Episode start,2025-09-15,24
M0004573,E003119,SDQ,Episode end,2026-03-05,23
M0004574,E003120,K10+,Episode start,2025-09-24,36
M0004575,E003120,K10+,Episode end,2025-11-21,28
M0004576,E003121,K10+,Episode start,2025-10-24,30
M0004577,E003121,K10+,Episode end,2026-01-19,23
M0004578,E003122,SDQ,Episode start,2025-09-21,21
M0004579,E003122,SDQ,Episode end,2026-01-08,14
M0004580,E003123,SDQ,Episode start,2025-09-18,27
M0004581,E003124,K10+,Episode end,2026-01-22,15
M0004582,E003125,K10+,Episode start,2025-09-21,31
M0004583,E003125,K10+,Episode end,2026-06-10,26
M0004584,E003127,K10+,Episode start,2025-09-25,40
M0004585,E003127,K10+,Episode end,2026-02-15,32
M0004586,E003128,K10+,Episode start,2025-10-25,32
M0004587,E003129,K10+,Episode end,2025-10-12,17
M0004588,E003130,SDQ,Episode start,2025-10-04,24
M0004589,E003130,SDQ,Episode end,2025-12-30,19
M0004590,E003131,SDQ,Episode start,2025-10-01,25
M0004591,E003131,SDQ,Episode end,2025-11-09,25
M0004592,E003132,SDQ,Episode start,2025-09-30,19
M0004593,E003132,SDQ,Episode end,2025-12-03,11
M0004594,E003133,K10+,Episode start,2025-09-28,25
M0004595,E003133,K10+,Episode end,2025-12-25,22
M0004596,E003134,SDQ,Episode start,2025-10-02,19
M0004597,E003134,SDQ,Episode end,2026-06-10,16
M0004598,E003135,K10+,Episode start,2025-10-05,27
M0004599,E003135,K10+,Episode end,2025-12-13,20
M0004600,E003136,K10+,Episode start,2025-09-27,33
M0004601,E003136,K10+,Episode end,2026-02-03,22
M0004602,E003137,SDQ,Episode start,2025-10-01,18
M0004603,E003137,SDQ,Episode end,2025-11-03,12
M0004604,E003138,SDQ,Episode start,2025-09-29,17
M0004605,E003139,SDQ,Episode start,2025-10-03,16
M0004606,E003139,SDQ,Episode end,2026-01-23,17
M0004607,E003140,K10+,Episode start,2025-10-06,30
M0004608,E003140,K10+,Episode end,2025-12-12,26
M0004609,E003141,SDQ,Episode start,2025-10-02,13
M0004610,E003142,SDQ,Episode start,2025-10-03,20
M0004611,E003143,K10+,Episode start,2025-09-30,35
M0004612,E003143,K10+,Episode end,2026-03-12,30
M0004613,E003144,SDQ,Episode start,2025-10-06,9
M0004614,E003144,SDQ,Episode end,2026-02-09,6
M0004615,E003145,K10+,Episode start,2025-10-13,36
M0004616,E003145,K10+,Episode end,2025-11-15,33
M0004617,E003146,SDQ,Episode start,2025-10-14,16
M0004618,E003147,K10+,Episode start,2025-10-08,31
M0004619,E003147,K10+,Episode end,2026-03-03,27
M0004620,E003148,SDQ,Episode start,2025-10-16,22
M0004621,E003148,SDQ,Episode end,2026-05-18,18
M0004622,E003149,SDQ,Episode start,2025-10-13,14
M0004623,E003149,SDQ,Episode end,2026-02-25,12
M0004624,E003150,SDQ,Episode start,2025-10-27,18
M0004625,E003150,SDQ,Episode end,2025-12-31,19
M0004626,E003151,K10+,Episode start,2025-10-19,25
M0004627,E003151,K10+,Episode end,2025-12-23,24
M0004628,E003153,SDQ,Episode start,2025-10-12,13
M0004629,E003154,K10+,Episode start,2025-10-18,20
M0004630,E003154,K10+,Episode end,2026-04-02,21
M0004631,E003155,SDQ,Episode start,2025-10-03,20
M0004632,E003155,SDQ,Episode end,2026-01-02,20
M0004633,E003156,SDQ,Episode end,2026-05-04,14
M0004634,E003158,K10+,Episode start,2025-10-05,27
M0004635,E003158,K10+,Episode end,2025-12-30,21
M0004636,E003160,SDQ,Episode start,2025-10-14,21
M0004637,E003160,SDQ,Episode end,2026-01-11,17
M0004638,E003161,SDQ,Episode start,2025-10-07,17
M0004639,E003162,SDQ,Episode start,2025-10-11,16
M0004640,E003162,SDQ,Episode end,2026-06-12,6
M0004641,E003164,K10+,Episode start,2025-10-12,36
M0004642,E003164,K10+,Episode end,2026-03-02,24
M0004643,E003165,K10+,Episode start,2025-10-14,21
M0004644,E003165,K10+,Episode end,2026-04-12,19
M0004645,E003166,SDQ,Episode end,2026-05-18,11
M0004646,E003167,SDQ,Episode start,2025-11-05,10
M0004647,E003167,SDQ,Episode end,2026-01-10,7
M0004648,E003169,SDQ,Episode start,2025-11-03,28
M0004649,E003171,K10+,Episode start,2025-10-16,33
M0004650,E003171,K10+,Episode end,2025-12-14,28
M0004651,E003172,SDQ,Episode start,2025-10-22,24
M0004652,E003172,SDQ,Episode end,2025-12-07,14
M0004653,E003173,SDQ,Episode start,2025-10-14,19
M0004654,E003173,SDQ,Episode end,2026-01-22,19
M0004655,E003174,K10+,Episode start,2025-10-15,34
M0004656,E003175,SDQ,Episode start,2025-10-16,26
M0004657,E003175,SDQ,Episode end,2026-03-06,21
M0004658,E003176,K10+,Episode start,2025-10-30,34
M0004659,E003177,K10+,Episode start,2025-10-25,27
M0004660,E003177,K10+,Episode end,2026-02-12,28
M0004661,E003178,K10+,Episode start,2025-10-21,29
M0004662,E003178,K10+,Episode end,2026-05-20,29
M0004663,E003179,SDQ,Episode start,2025-10-16,22
M0004664,E003180,K10+,Episode start,2025-10-21,34
M0004665,E003180,K10+,Episode end,2026-01-20,30
M0004666,E003181,SDQ,Episode start,2025-10-27,18
M0004667,E003181,SDQ,Episode end,2026-05-26,14
M0004668,E003182,K10+,Episode start,2025-10-21,33
M0004669,E003182,K10+,Episode end,2026-04-09,23
M0004670,E003183,K10+,Episode start,2025-10-24,21
M0004671,E003183,K10+,Episode end,2026-01-27,10
M0004672,E003185,SDQ,Episode start,2025-10-26,19
M0004673,E003185,SDQ,Episode end,2025-12-15,18
M0004674,E003186,SDQ,Episode start,2025-11-29,22
M0004675,E003187,SDQ,Episode start,2025-10-18,24
M0004676,E003187,SDQ,Episode end,2025-12-30,18
M0004677,E003188,SDQ,Episode start,2025-10-23,20
M0004678,E003188,SDQ,Episode end,2025-12-30,21
M0004679,E003189,K10+,Episode start,2025-10-24,38
M0004680,E003189,K10+,Episode end,2025-12-28,39
M0004681,E003190,SDQ,Episode start,2025-10-24,15
M0004682,E003190,SDQ,Episode end,2026-06-28,8
M0004683,E003191,SDQ,Episode start,2025-11-01,11
M0004684,E003191,SDQ,Episode end,2025-12-19,8
M0004685,E003192,SDQ,Episode start,2025-10-25,17
M0004686,E003192,SDQ,Episode end,2026-02-17,15
M0004687,E003193,SDQ,Episode start,2025-10-29,18
M0004688,E003193,SDQ,Episode end,2026-02-17,11
M0004689,E003194,SDQ,Episode start,2025-10-26,19
M0004690,E003194,SDQ,Episode end,2026-04-10,15
M0004691,E003195,K10+,Episode start,2025-10-29,42
M0004692,E003196,K10+,Episode start,2025-10-28,27
M0004693,E003196,K10+,Episode end,2026-04-27,22
M0004694,E003198,SDQ,Episode start,2025-11-04,27
M0004695,E003199,K10+,Episode start,2025-11-10,27
M0004696,E003201,SDQ,Episode start,2025-11-14,15
M0004697,E003201,SDQ,Episode end,2026-04-08,18
M0004698,E003202,K10+,Episode start,2025-11-02,24
M0004699,E003202,K10+,Episode end,2026-01-04,10
M0004700,E003204,SDQ,Episode start,2025-10-26,22
M0004701,E003204,SDQ,Episode end,2026-02-28,20
M0004702,E003205,K10+,Episode start,2025-11-03,34
M0004703,E003206,K10+,Episode start,2025-11-01,36
M0004704,E003206,K10+,Episode end,2026-01-07,32
M0004705,E003207,K10+,Episode start,2025-11-01,28
M0004706,E003208,K10+,Episode start,2025-10-30,35
M0004707,E003208,K10+,Episode end,2026-02-14,23
M0004708,E003209,SDQ,Episode start,2025-11-10,18
M0004709,E003209,SDQ,Episode end,2026-01-19,12
M0004710,E003210,SDQ,Episode start,2025-11-03,19
M0004711,E003210,SDQ,Episode end,2026-04-19,20
M0004712,E003211,SDQ,Episode start,2025-11-10,20
M0004713,E003212,SDQ,Episode start,2025-11-04,21
M0004714,E003212,SDQ,Episode end,2026-01-05,16
M0004715,E003213,SDQ,Episode start,2025-10-31,25
M0004716,E003213,SDQ,Episode end,2025-12-15,19
M0004717,E003214,K10+,Episode start,2025-11-04,41
M0004718,E003214,K10+,Episode end,2026-04-18,21
M0004719,E003215,K10+,Episode start,2025-11-06,33
M0004720,E003215,K10+,Episode end,2026-01-16,24
M0004721,E003216,K10+,Episode start,2025-10-29,30
M0004722,E003216,K10+,Episode end,2026-03-25,26
M0004723,E003217,K10+,Episode start,2025-11-05,33
M0004724,E003217,K10+,Episode end,2026-01-14,24
M0004725,E003218,SDQ,Episode start,2025-11-28,21
M0004726,E003218,SDQ,Episode end,2026-03-30,20
M0004727,E003219,K10+,Episode start,2025-11-24,28
M0004728,E003219,K10+,Episode end,2026-01-29,13
M0004729,E003220,SDQ,Episode start,2025-11-03,20
M0004730,E003221,SDQ,Episode start,2025-11-06,26
M0004731,E003221,SDQ,Episode end,2025-12-08,23
M0004732,E003222,SDQ,Episode start,2025-11-10,25
M0004733,E003222,SDQ,Episode end,2026-01-02,14
M0004734,E003223,SDQ,Episode start,2025-11-17,18
M0004735,E003223,SDQ,Episode end,2026-02-25,23
M0004736,E003224,SDQ,Episode start,2025-11-13,15
M0004737,E003224,SDQ,Episode end,2026-04-08,13
M0004738,E003225,SDQ,Episode start,2025-11-10,19
M0004739,E003225,SDQ,Episode end,2026-01-11,20
M0004740,E003227,SDQ,Episode start,2025-11-13,20
M0004741,E003227,SDQ,Episode end,2026-03-22,13
M0004742,E003228,SDQ,Episode start,2025-11-08,23
M0004743,E003228,SDQ,Episode end,2026-01-30,22
M0004744,E003229,K10+,Episode start,2025-11-06,39
M0004745,E003229,K10+,Episode end,2026-03-22,23
M0004746,E003230,SDQ,Episode start,2025-11-17,17
M0004747,E003230,SDQ,Episode end,2026-03-17,15
M0004748,E003231,K10+,Episode start,2025-11-11,34
M0004749,E003231,K10+,Episode end,2026-01-17,25
M0004750,E003233,SDQ,Episode start,2025-11-11,28
M0004751,E003233,SDQ,Episode end,2026-01-23,21
M0004752,E003234,K10+,Episode start,2025-12-09,24
M0004753,E003234,K10+,Episode end,2026-06-27,23
M0004754,E003235,K10+,Episode start,2025-11-21,28
M0004755,E003235,K10+,Episode end,2026-02-10,20
M0004756,E003236,SDQ,Episode start,2025-11-21,19
M0004757,E003236,SDQ,Episode end,2026-01-14,13
M0004758,E003238,SDQ,Episode start,2025-11-14,11
M0004759,E003238,SDQ,Episode end,2026-01-27,2
M0004760,E003239,SDQ,Episode start,2025-11-12,23
M0004761,E003240,K10+,Episode start,2025-11-24,18
M0004762,E003240,K10+,Episode end,2026-02-20,10
M0004763,E003241,K10+,Episode start,2025-11-14,33
M0004764,E003241,K10+,Episode end,2026-04-17,30
M0004765,E003242,SDQ,Episode start,2025-11-24,22
M0004766,E003244,K10+,Episode start,2025-11-19,31
M0004767,E003244,K10+,Episode end,2026-05-15,29
M0004768,E003245,SDQ,Episode start,2025-11-28,22
M0004769,E003246,K10+,Episode start,2025-11-11,32
M0004770,E003247,K10+,Episode start,2025-11-27,29
M0004771,E003247,K10+,Episode end,2026-03-13,20
M0004772,E003248,SDQ,Episode start,2025-11-20,17
M0004773,E003248,SDQ,Episode end,2026-02-01,16
M0004774,E003249,SDQ,Episode start,2025-11-23,23
M0004775,E003249,SDQ,Episode end,2026-03-11,16
M0004776,E003251,SDQ,Episode start,2025-11-21,22
M0004777,E003252,SDQ,Episode start,2025-11-16,20
M0004778,E003252,SDQ,Episode end,2026-06-11,14
M0004779,E003253,K10+,Episode start,2025-11-21,34
M0004780,E003253,K10+,Episode end,2026-05-18,25
M0004781,E003254,K10+,Episode start,2025-11-26,34
M0004782,E003254,K10+,Episode end,2025-12-18,28
M0004783,E003255,SDQ,Episode start,2025-11-27,16
M0004784,E003256,K10+,Episode start,2025-11-15,35
M0004785,E003256,K10+,Episode end,2026-02-21,26
M0004786,E003257,SDQ,Episode start,2025-11-26,23
M0004787,E003257,SDQ,Episode end,2026-02-27,19
M0004788,E003258,SDQ,Episode start,2025-11-29,20
M0004789,E003258,SDQ,Episode end,2026-01-10,18
M0004790,E003259,K10+,Episode start,2025-12-21,27
M0004791,E003260,SDQ,Episode start,2025-11-21,16
M0004792,E003260,SDQ,Episode end,2026-04-03,5
M0004793,E003261,K10+,Episode start,2025-11-19,31
M0004794,E003261,K10+,Episode end,2026-04-30,26
M0004795,E003262,SDQ,Episode start,2025-12-04,26
M0004796,E003262,SDQ,Episode end,2026-03-30,24
M0004797,E003263,SDQ,Episode start,2025-12-02,21
M0004798,E003264,SDQ,Episode start,2025-11-28,19
M0004799,E003266,K10+,Episode start,2025-11-25,43
M0004800,E003266,K10+,Episode end,2026-04-08,31
M0004801,E003267,K10+,Episode start,2025-11-27,27
M0004802,E003267,K10+,Episode end,2025-12-06,16
M0004803,E003268,K10+,Episode start,2025-11-22,23
M0004804,E003268,K10+,Episode end,2026-03-13,21
M0004805,E003269,K10+,Episode start,2025-12-06,30
M0004806,E003272,SDQ,Episode start,2025-11-24,15
M0004807,E003272,SDQ,Episode end,2026-05-31,12
M0004808,E003274,K10+,Episode start,2025-11-26,29
M0004809,E003274,K10+,Episode end,2026-03-18,17
M0004810,E003275,K10+,Episode start,2025-11-26,30
M0004811,E003275,K10+,Episode end,2025-12-21,22
M0004812,E003276,SDQ,Episode start,2025-11-27,15
M0004813,E003276,SDQ,Episode end,2026-03-25,13
M0004814,E003277,SDQ,Episode start,2025-12-14,19
M0004815,E003277,SDQ,Episode end,2026-05-09,12
M0004816,E003279,SDQ,Episode start,2025-12-24,19
M0004817,E003279,SDQ,Episode end,2026-04-26,14
M0004818,E003280,K10+,Episode start,2025-11-28,34
M0004819,E003280,K10+,Episode end,2026-05-16,24
M0004820,E003281,SDQ,Episode start,2025-12-02,26
M0004821,E003282,SDQ,Episode start,2025-12-04,24
M0004822,E003282,SDQ,Episode end,2026-03-18,26
M0004823,E003283,K10+,Episode end,2026-03-17,30
M0004824,E003284,SDQ,Episode end,2026-03-05,23
M0004825,E003285,K10+,Episode start,2025-12-10,26
M0004826,E003285,K10+,Episode end,2026-01-29,30
M0004827,E003286,SDQ,Episode start,2025-12-03,18
M0004828,E003289,K10+,Episode start,2025-12-03,34
M0004829,E003289,K10+,Episode end,2026-06-07,32
M0004830,E003290,SDQ,Episode start,2025-12-05,18
M0004831,E003292,SDQ,Episode start,2025-12-02,28
M0004832,E003293,SDQ,Episode start,2025-12-12,21
M0004833,E003293,SDQ,Episode end,2026-02-19,17
M0004834,E003294,SDQ,Episode start,2025-12-04,33
M0004835,E003294,SDQ,Episode end,2026-02-03,25
M0004836,E003295,SDQ,Episode start,2025-12-16,27
M0004837,E003295,SDQ,Episode end,2026-03-19,24
M0004838,E003296,K10+,Episode start,2025-12-10,35
M0004839,E003296,K10+,Episode end,2026-01-26,23
M0004840,E003297,SDQ,Episode start,2025-12-10,21
M0004841,E003297,SDQ,Episode end,2026-01-13,9
M0004842,E003298,SDQ,Episode start,2026-01-24,21
M0004843,E003298,SDQ,Episode end,2026-03-23,21
M0004844,E003299,K10+,Episode start,2025-12-09,31
M0004845,E003299,K10+,Episode end,2026-02-23,26
M0004846,E003300,K10+,Episode end,2026-04-28,24
M0004847,E003302,K10+,Episode start,2025-12-12,39
M0004848,E003302,K10+,Episode end,2026-06-17,21
M0004849,E003303,K10+,Episode start,2025-12-23,31
M0004850,E003303,K10+,Episode end,2026-04-21,30
M0004851,E003304,K10+,Episode start,2025-12-16,28
M0004852,E003304,K10+,Episode end,2026-04-28,11
M0004853,E003305,SDQ,Episode start,2025-12-18,19
M0004854,E003306,SDQ,Episode start,2025-12-17,27
M0004855,E003306,SDQ,Episode end,2026-03-02,27
M0004856,E003307,K10+,Episode start,2025-12-17,28
M0004857,E003307,K10+,Episode end,2026-05-10,17
M0004858,E003308,K10+,Episode start,2025-12-21,29
M0004859,E003308,K10+,Episode end,2026-02-09,18
M0004860,E003309,K10+,Episode start,2025-12-21,32
M0004861,E003309,K10+,Episode end,2026-04-13,19
M0004862,E003310,K10+,Episode start,2025-12-24,29
M0004863,E003310,K10+,Episode end,2026-04-25,23
M0004864,E003312,SDQ,Episode start,2025-12-30,14
M0004865,E003312,SDQ,Episode end,2026-03-30,0
M0004866,E003313,SDQ,Episode start,2025-12-23,17
M0004867,E003314,K10+,Episode start,2026-01-01,37
M0004868,E003314,K10+,Episode end,2026-06-23,30
M0004869,E003315,K10+,Episode start,2025-12-21,34
M0004870,E003315,K10+,Episode end,2026-03-25,29
M0004871,E003316,SDQ,Episode start,2025-12-26,18
M0004872,E003316,SDQ,Episode end,2026-03-23,13
M0004873,E003317,SDQ,Episode start,2026-01-04,28
M0004874,E003317,SDQ,Episode end,2026-05-03,22
M0004875,E003318,K10+,Episode start,2025-12-24,37
M0004876,E003318,K10+,Episode end,2026-06-02,24
M0004877,E003319,K10+,Episode start,2025-12-23,27
M0004878,E003320,K10+,Episode start,2025-12-24,45
M0004879,E003320,K10+,Episode end,2026-03-25,34
M0004880,E003321,K10+,Episode start,2025-12-26,35
M0004881,E003322,K10+,Episode start,2026-01-17,27
M0004882,E003322,K10+,Episode end,2026-04-03,14
M0004883,E003324,SDQ,Episode start,2026-01-15,15
M0004884,E003324,SDQ,Episode end,2026-03-01,13
M0004885,E003325,SDQ,Episode start,2025-12-24,23
M0004886,E003325,SDQ,Episode end,2026-03-23,12
M0004887,E003326,SDQ,Episode start,2026-01-06,17
M0004888,E003326,SDQ,Episode end,2026-05-07,10
M0004889,E003327,SDQ,Episode start,2026-01-10,15
M0004890,E003329,K10+,Episode start,2026-01-01,33
M0004891,E003329,K10+,Episode end,2026-04-16,24
M0004892,E003330,K10+,Episode start,2025-12-27,39
M0004893,E003331,SDQ,Episode start,2026-01-08,16
M0004894,E003331,SDQ,Episode end,2026-05-17,13
M0004895,E003332,SDQ,Episode start,2026-01-01,16
M0004896,E003333,SDQ,Episode start,2026-01-03,13
M0004897,E003333,SDQ,Episode end,2026-06-23,12
M0004898,E003334,K10+,Episode start,2025-12-29,23
M0004899,E003334,K10+,Episode end,2026-05-29,15
M0004900,E003335,K10+,Episode start,2026-01-31,28
M0004901,E003335,K10+,Episode end,2026-06-28,30
M0004902,E003336,K10+,Episode start,2025-12-29,35
M0004903,E003337,K10+,Episode start,2026-01-05,24
M0004904,E003338,K10+,Episode start,2026-01-04,35
M0004905,E003339,SDQ,Episode start,2026-01-07,25
M0004906,E003340,SDQ,Episode start,2026-01-11,21
M0004907,E003340,SDQ,Episode end,2026-04-05,20
M0004908,E003342,SDQ,Episode start,2026-01-09,16
M0004909,E003343,K10+,Episode start,2026-01-01,30
M0004910,E003343,K10+,Episode end,2026-04-20,25
M0004911,E003344,SDQ,Episode start,2026-01-12,20
M0004912,E003345,SDQ,Episode start,2026-02-13,23
M0004913,E003345,SDQ,Episode end,2026-04-25,27
M0004914,E003346,K10+,Episode start,2026-01-08,18
M0004915,E003346,K10+,Episode end,2026-03-24,15
M0004916,E003347,K10+,Episode start,2026-01-06,31
M0004917,E003347,K10+,Episode end,2026-04-23,17
M0004918,E003348,SDQ,Episode start,2026-01-08,27
M0004919,E003348,SDQ,Episode end,2026-03-12,28
M0004920,E003349,K10+,Episode start,2026-01-09,30
M0004921,E003350,SDQ,Episode start,2026-01-14,13
M0004922,E003350,SDQ,Episode end,2026-06-21,5
M0004923,E003351,SDQ,Episode start,2026-01-11,19
M0004924,E003351,SDQ,Episode end,2026-03-13,16
M0004925,E003352,SDQ,Episode end,2026-04-24,20
M0004926,E003353,K10+,Episode start,2026-02-05,22
M0004927,E003354,SDQ,Episode start,2026-01-14,15
M0004928,E003355,SDQ,Episode start,2026-01-28,15
M0004929,E003355,SDQ,Episode end,2026-03-20,9
M0004930,E003356,K10+,Episode start,2026-01-18,37
M0004931,E003356,K10+,Episode end,2026-04-07,34
M0004932,E003358,K10+,Episode end,2026-04-12,46
M0004933,E003359,SDQ,Episode start,2026-01-22,26
M0004934,E003359,SDQ,Episode end,2026-05-15,23
M0004935,E003360,SDQ,Episode start,2026-01-22,12
M0004936,E003360,SDQ,Episode end,2026-06-04,11
M0004937,E003361,SDQ,Episode start,2026-01-17,16
M0004938,E003361,SDQ,Episode end,2026-06-04,11
M0004939,E003363,SDQ,Episode start,2026-01-22,18
M0004940,E003365,K10+,Episode start,2026-01-17,36
M0004941,E003366,SDQ,Episode start,2026-01-22,17
M0004942,E003367,SDQ,Episode start,2026-01-25,18
M0004943,E003367,SDQ,Episode end,2026-04-08,13
M0004944,E003368,K10+,Episode start,2026-01-21,28
M0004945,E003368,K10+,Episode end,2026-05-13,33
M0004946,E003369,K10+,Episode start,2026-01-26,34
M0004947,E003370,K10+,Episode start,2026-01-21,26
M0004948,E003370,K10+,Episode end,2026-05-30,22
M0004949,E003371,K10+,Episode start,2026-01-22,27
M0004950,E003372,K10+,Episode start,2026-02-04,40
M0004951,E003372,K10+,Episode end,2026-03-27,34
M0004952,E003373,SDQ,Episode start,2026-01-27,10
M0004953,E003373,SDQ,Episode end,2026-04-12,2
M0004954,E003374,SDQ,Episode start,2026-01-20,17
M0004955,E003374,SDQ,Episode end,2026-05-17,10
M0004956,E003375,SDQ,Episode start,2026-02-05,18
M0004957,E003378,SDQ,Episode start,2026-01-22,16
M0004958,E003378,SDQ,Episode end,2026-04-26,9
M0004959,E003379,SDQ,Episode start,2026-01-23,18
M0004960,E003381,SDQ,Episode start,2026-02-01,24
M0004961,E003382,K10+,Episode start,2026-02-03,25
M0004962,E003383,K10+,Episode start,2026-01-25,42
M0004963,E003384,K10+,Episode start,2026-02-05,34
M0004964,E003385,K10+,Episode start,2026-02-09,31
M0004965,E003385,K10+,Episode end,2026-04-05,18
M0004966,E003386,K10+,Episode start,2026-02-14,29
M0004967,E003387,SDQ,Episode start,2026-02-01,20
M0004968,E003387,SDQ,Episode end,2026-03-23,12
M0004969,E003388,SDQ,Episode start,2026-02-04,18
M0004970,E003389,K10+,Episode start,2026-01-29,31
M0004971,E003390,SDQ,Episode start,2026-02-10,18
M0004972,E003391,SDQ,Episode start,2026-02-05,13
M0004973,E003391,SDQ,Episode end,2026-04-18,11
M0004974,E003393,SDQ,Episode start,2026-02-12,14
M0004975,E003394,SDQ,Episode start,2026-02-04,15
M0004976,E003395,SDQ,Episode start,2026-02-02,18
M0004977,E003395,SDQ,Episode end,2026-06-22,13
M0004978,E003396,SDQ,Episode start,2026-02-03,17
M0004979,E003397,K10+,Episode start,2026-02-14,26
M0004980,E003398,SDQ,Episode start,2026-02-12,14
M0004981,E003398,SDQ,Episode end,2026-04-07,11
M0004982,E003399,SDQ,Episode end,2026-05-06,5
M0004983,E003400,SDQ,Episode start,2026-02-14,22
M0004984,E003401,K10+,Episode start,2026-02-04,26
M0004985,E003402,K10+,Episode start,2026-02-09,37
M0004986,E003404,SDQ,Episode start,2026-02-13,18
M0004987,E003405,K10+,Episode start,2026-02-13,30
M0004988,E003405,K10+,Episode end,2026-05-14,26
M0004989,E003406,SDQ,Episode start,2026-02-26,19
M0004990,E003407,K10+,Episode start,2026-02-18,26
M0004991,E003408,SDQ,Episode start,2026-03-28,31
M0004992,E003408,SDQ,Episode end,2026-05-18,32
M0004993,E003409,K10+,Episode start,2026-03-01,33
M0004994,E003409,K10+,Episode end,2026-05-19,27
M0004995,E003410,SDQ,Episode start,2026-02-11,25
M0004996,E003410,SDQ,Episode end,2026-04-04,24
M0004997,E003411,SDQ,Episode start,2026-02-23,27
M0004998,E003411,SDQ,Episode end,2026-05-20,30
M0004999,E003412,K10+,Episode start,2026-02-27,23
M0005000,E003414,SDQ,Episode start,2026-02-25,24
M0005001,E003414,SDQ,Episode end,2026-06-08,22
M0005002,E003415,SDQ,Episode start,2026-02-16,16
M0005003,E003415,SDQ,Episode end,2026-06-04,7
M0005004,E003416,K10+,Episode start,2026-02-21,18
M0005005,E003418,K10+,Episode start,2026-03-02,22
M0005006,E003419,SDQ,Episode start,2026-02-23,19
M0005007,E003419,SDQ,Episode end,2026-04-05,20
M0005008,E003420,K10+,Episode start,2026-02-17,34
M0005009,E003421,K10+,Episode start,2026-02-22,38
M0005010,E003422,K10+,Episode start,2026-02-14,31
M0005011,E003423,K10+,Episode start,2026-02-19,29
M0005012,E003424,K10+,Episode start,2026-02-27,20
M0005013,E003424,K10+,Episode end,2026-06-23,10
M0005014,E003425,SDQ,Episode start,2026-02-24,30
M0005015,E003425,SDQ,Episode end,2026-05-01,19
M0005016,E003426,K10+,Episode start,2026-02-27,36
M0005017,E003427,SDQ,Episode start,2026-02-23,29
M0005018,E003427,SDQ,Episode end,2026-06-16,23
M0005019,E003428,SDQ,Episode start,2026-02-22,11
M0005020,E003428,SDQ,Episode end,2026-06-01,3
M0005021,E003429,SDQ,Episode start,2026-04-22,19
M0005022,E003430,K10+,Episode start,2026-03-05,33
M0005023,E003431,K10+,Episode start,2026-03-19,34
M0005024,E003432,SDQ,Episode start,2026-03-01,8
M0005025,E003432,SDQ,Episode end,2026-06-18,0
M0005026,E003434,SDQ,Episode start,2026-02-28,19
M0005027,E003435,SDQ,Episode start,2026-03-03,23
M0005028,E003436,SDQ,Episode start,2026-03-02,29
M0005029,E003437,K10+,Episode start,2026-02-21,28
M0005030,E003438,SDQ,Episode end,2026-04-27,19
M0005031,E003439,K10+,Episode start,2026-03-04,24
M0005032,E003440,SDQ,Episode start,2026-02-26,26
M0005033,E003441,SDQ,Episode end,2026-05-23,14
M0005034,E003442,SDQ,Episode start,2026-02-27,19
M0005035,E003443,K10+,Episode start,2026-03-02,31
M0005036,E003444,SDQ,Episode start,2026-02-26,22
M0005037,E003445,SDQ,Episode start,2026-02-27,17
M0005038,E003446,K10+,Episode start,2026-02-28,27
M0005039,E003447,SDQ,Episode start,2026-03-11,7
M0005040,E003447,SDQ,Episode end,2026-05-20,0
M0005041,E003448,SDQ,Episode start,2026-02-26,17
M0005042,E003449,SDQ,Episode start,2026-02-26,22
M0005043,E003450,SDQ,Episode start,2026-02-25,16
M0005044,E003450,SDQ,Episode end,2026-04-01,12
M0005045,E003451,SDQ,Episode start,2026-02-25,19
M0005046,E003451,SDQ,Episode end,2026-04-29,12
M0005047,E003452,K10+,Episode start,2026-03-15,29
M0005048,E003453,K10+,Episode start,2026-03-03,27
M0005049,E003453,K10+,Episode end,2026-06-02,12
M0005050,E003454,K10+,Episode start,2026-02-28,32
M0005051,E003455,K10+,Episode start,2026-02-28,36
M0005052,E003455,K10+,Episode end,2026-05-10,28
M0005053,E003456,SDQ,Episode start,2026-03-09,16
M0005054,E003456,SDQ,Episode end,2026-04-04,11
M0005055,E003457,K10+,Episode start,2026-03-04,32
M0005056,E003458,K10+,Episode start,2026-03-03,36
M0005057,E003459,SDQ,Episode start,2026-03-06,17
M0005058,E003459,SDQ,Episode end,2026-06-08,10
M0005059,E003460,K10+,Episode start,2026-03-05,35
M0005060,E003460,K10+,Episode end,2026-05-06,29
M0005061,E003461,K10+,Episode start,2026-03-08,36
M0005062,E003462,SDQ,Episode start,2026-03-10,21
M0005063,E003463,SDQ,Episode start,2026-03-05,12
M0005064,E003463,SDQ,Episode end,2026-05-08,6
M0005065,E003464,K10+,Episode start,2026-03-02,23
M0005066,E003465,K10+,Episode start,2026-03-09,25
M0005067,E003466,K10+,Episode start,2026-03-16,37
M0005068,E003467,K10+,Episode start,2026-03-05,30
M0005069,E003468,K10+,Episode start,2026-03-16,21
M0005070,E003468,K10+,Episode end,2026-06-18,10
M0005071,E003469,K10+,Episode start,2026-03-05,38
M0005072,E003470,SDQ,Episode start,2026-03-12,30
M0005073,E003471,K10+,Episode start,2026-03-06,41
M0005074,E003471,K10+,Episode end,2026-06-25,36
M0005075,E003472,K10+,Episode start,2026-03-31,32
M0005076,E003473,SDQ,Episode start,2026-03-07,22
M0005077,E003473,SDQ,Episode end,2026-06-19,16
M0005078,E003474,K10+,Episode start,2026-03-10,24
M0005079,E003475,SDQ,Episode start,2026-03-07,15
M0005080,E003475,SDQ,Episode end,2026-06-07,15
M0005081,E003476,K10+,Episode start,2026-03-19,26
M0005082,E003477,SDQ,Episode start,2026-03-20,18
M0005083,E003478,SDQ,Episode start,2026-03-11,14
M0005084,E003479,SDQ,Episode start,2026-03-09,19
M0005085,E003480,SDQ,Episode start,2026-03-20,15
M0005086,E003481,K10+,Episode start,2026-03-28,38
M0005087,E003482,SDQ,Episode start,2026-03-18,23
M0005088,E003483,K10+,Episode start,2026-03-16,35
M0005089,E003484,K10+,Episode start,2026-03-27,37
M0005090,E003485,SDQ,Episode start,2026-03-23,16
M0005091,E003485,SDQ,Episode end,2026-06-13,12
M0005092,E003486,SDQ,Episode start,2026-04-01,22
M0005093,E003486,SDQ,Episode end,2026-05-15,18
M0005094,E003487,SDQ,Episode start,2026-03-10,21
M0005095,E003488,K10+,Episode start,2026-03-17,33
M0005096,E003489,K10+,Episode start,2026-03-16,43
M0005097,E003490,K10+,Episode start,2026-03-14,27
M0005098,E003490,K10+,Episode end,2026-06-17,18
M0005099,E003491,K10+,Episode start,2026-03-17,27
M0005100,E003492,K10+,Episode start,2026-03-31,39
M0005101,E003493,SDQ,Episode start,2026-03-12,17
M0005102,E003494,SDQ,Episode start,2026-03-12,22
M0005103,E003494,SDQ,Episode end,2026-06-29,12
M0005104,E003495,K10+,Episode start,2026-03-14,25
M0005105,E003497,K10+,Episode start,2026-03-16,30
M0005106,E003497,K10+,Episode end,2026-06-04,19
M0005107,E003498,SDQ,Episode start,2026-03-14,22
M0005108,E003499,K10+,Episode start,2026-03-28,28
M0005109,E003500,K10+,Episode start,2026-04-01,30
M0005110,E003501,K10+,Episode start,2026-03-21,24
M0005111,E003502,SDQ,Episode start,2026-03-30,28
M0005112,E003503,SDQ,Episode start,2026-03-24,13
M0005113,E003503,SDQ,Episode end,2026-05-25,5
M0005114,E003504,K10+,Episode start,2026-03-21,29
M0005115,E003504,K10+,Episode end,2026-05-17,20
M0005116,E003507,K10+,Episode start,2026-03-31,35
M0005117,E003507,K10+,Episode end,2026-05-29,25
M0005118,E003508,SDQ,Episode start,2026-03-25,23
M0005119,E003509,K10+,Episode start,2026-03-23,22
M0005120,E003509,K10+,Episode end,2026-04-24,14
M0005121,E003510,SDQ,Episode start,2026-03-24,18
M0005122,E003511,SDQ,Episode start,2026-03-26,15
M0005123,E003511,SDQ,Episode end,2026-06-15,9
M0005124,E003512,SDQ,Episode start,2026-03-28,22
M0005125,E003512,SDQ,Episode end,2026-05-28,21
M0005126,E003513,K10+,Episode start,2026-03-31,28
M0005127,E003513,K10+,Episode end,2026-06-02,16
M0005128,E003514,K10+,Episode start,2026-04-01,48
M0005129,E003514,K10+,Episode end,2026-06-17,36
M0005130,E003516,K10+,Episode start,2026-03-26,36
M0005131,E003516,K10+,Episode end,2026-06-16,32
M0005132,E003517,SDQ,Episode start,2026-03-27,15
M0005133,E003518,SDQ,Episode start,2026-03-29,17
M0005134,E003518,SDQ,Episode end,2026-05-07,16
M0005135,E003519,SDQ,Episode start,2026-03-31,25
M0005136,E003520,SDQ,Episode start,2026-03-29,17
M0005137,E003520,SDQ,Episode end,2026-05-03,13
M0005138,E003521,K10+,Episode start,2026-04-04,27
M0005139,E003522,SDQ,Episode start,2026-04-05,16
M0005140,E003523,K10+,Episode start,2026-04-13,18
M0005141,E003524,SDQ,Episode start,2026-04-22,19
M0005142,E003525,K10+,Episode start,2026-04-01,37
M0005143,E003526,SDQ,Episode start,2026-04-01,17
M0005144,E003527,K10+,Episode start,2026-04-01,31
M0005145,E003528,SDQ,Episode start,2026-03-31,24
M0005146,E003528,SDQ,Episode end,2026-06-11,22
M0005147,E003529,K10+,Episode start,2026-03-30,27
M0005148,E003530,K10+,Episode end,2026-06-16,31
M0005149,E003531,SDQ,Episode start,2026-04-12,22
M0005150,E003532,SDQ,Episode start,2026-05-18,14
M0005151,E003533,K10+,Episode start,2026-04-18,33
M0005152,E003535,SDQ,Episode start,2026-04-14,20
M0005153,E003536,SDQ,Episode start,2026-04-08,22
M0005154,E003537,K10+,Episode start,2026-05-16,29
M0005155,E003538,SDQ,Episode start,2026-04-03,26
M0005156,E003539,SDQ,Episode start,2026-04-15,19
M0005157,E003540,K10+,Episode start,2026-04-17,34
M0005158,E003541,K10+,Episode start,2026-04-06,31
M0005159,E003542,K10+,Episode start,2026-04-12,33
M0005160,E003543,SDQ,Episode start,2026-04-14,30
M0005161,E003544,SDQ,Episode start,2026-04-08,24
M0005162,E003545,SDQ,Episode start,2026-04-08,25
M0005163,E003545,SDQ,Episode end,2026-06-20,25
M0005164,E003546,K10+,Episode start,2026-04-22,42
M0005165,E003546,K10+,Episode end,2026-06-30,47
M0005166,E003548,K10+,Episode start,2026-04-23,30
M0005167,E003549,K10+,Episode start,2026-04-15,28
M0005168,E003550,SDQ,Episode start,2026-04-18,16
M0005169,E003551,K10+,Episode start,2026-05-08,27
M0005170,E003552,SDQ,Episode start,2026-04-11,24
M0005171,E003552,SDQ,Episode end,2026-06-12,15
M0005172,E003553,K10+,Episode start,2026-04-16,23
M0005173,E003554,SDQ,Episode start,2026-04-15,16
M0005174,E003555,K10+,Episode start,2026-04-15,31
M0005175,E003556,SDQ,Episode start,2026-04-16,26
M0005176,E003558,SDQ,Episode start,2026-04-15,18
M0005177,E003559,SDQ,Episode start,2026-04-07,25
M0005178,E003560,SDQ,Episode start,2026-04-14,25
M0005179,E003561,K10+,Episode start,2026-04-15,32
M0005180,E003562,SDQ,Episode start,2026-04-11,12
M0005181,E003564,K10+,Episode start,2026-04-18,20
M0005182,E003565,K10+,Episode start,2026-05-02,21
M0005183,E003566,SDQ,Episode start,2026-04-15,18
M0005184,E003567,K10+,Episode start,2026-04-20,29
M0005185,E003568,K10+,Episode start,2026-04-30,30
M0005186,E003569,SDQ,Episode start,2026-04-17,28
M0005187,E003571,SDQ,Episode start,2026-04-16,18
M0005188,E003572,K10+,Episode start,2026-04-17,31
M0005189,E003573,SDQ,Episode start,2026-04-20,22
M0005190,E003574,K10+,Episode start,2026-04-15,26
M0005191,E003575,K10+,Episode start,2026-05-02,37
M0005192,E003576,SDQ,Episode start,2026-05-13,15
M0005193,E003577,K10+,Episode start,2026-04-20,26
M0005194,E003577,K10+,Episode end,2026-06-12,17
M0005195,E003578,K10+,Episode start,2026-05-19,38
M0005196,E003579,SDQ,Episode start,2026-04-27,19
M0005197,E003579,SDQ,Episode end,2026-05-27,16
M0005198,E003581,SDQ,Episode start,2026-05-07,25
M0005199,E003582,SDQ,Episode start,2026-04-19,19
M0005200,E003583,K10+,Episode start,2026-04-16,27
M0005201,E003584,SDQ,Episode start,2026-04-16,31
M0005202,E003585,K10+,Episode start,2026-04-24,36
M0005203,E003586,K10+,Episode start,2026-04-22,34
M0005204,E003586,K10+,Episode end,2026-06-18,20
M0005205,E003587,K10+,Episode start,2026-04-23,37
M0005206,E003589,SDQ,Episode start,2026-04-21,16
M0005207,E003589,SDQ,Episode end,2026-06-27,8
M0005208,E003590,SDQ,Episode start,2026-04-20,23
M0005209,E003592,K10+,Episode start,2026-05-02,36
M0005210,E003593,SDQ,Episode start,2026-05-12,22
M0005211,E003594,SDQ,Episode start,2026-04-23,20
M0005212,E003595,K10+,Episode start,2026-04-29,37
M0005213,E003596,K10+,Episode start,2026-04-27,29
M0005214,E003597,K10+,Episode start,2026-04-24,34
M0005215,E003598,SDQ,Episode start,2026-04-26,10
M0005216,E003599,SDQ,Episode start,2026-04-25,23
M0005217,E003600,K10+,Episode start,2026-04-27,44
M0005218,E003602,SDQ,Episode start,2026-05-02,22
M0005219,E003603,SDQ,Episode start,2026-05-05,18
M0005220,E003605,K10+,Episode start,2026-05-05,28
M0005221,E003605,K10+,Episode end,2026-06-18,20
M0005222,E003606,K10+,Episode start,2026-04-30,33
M0005223,E003608,SDQ,Episode start,2026-05-06,18
M0005224,E003609,SDQ,Episode start,2026-05-02,20
M0005225,E003610,SDQ,Episode start,2026-05-04,22
M0005226,E003611,SDQ,Episode start,2026-05-05,13
M0005227,E003612,K10+,Episode start,2026-04-28,26
M0005228,E003613,SDQ,Episode start,2026-06-05,16
M0005229,E003614,SDQ,Episode start,2026-05-10,17
M0005230,E003616,SDQ,Episode start,2026-05-05,23
M0005231,E003617,K10+,Episode start,2026-05-16,35
M0005232,E003618,SDQ,Episode start,2026-05-17,10
M0005233,E003619,SDQ,Episode start,2026-05-07,19
M0005234,E003620,SDQ,Episode start,2026-05-09,14
M0005235,E003621,SDQ,Episode start,2026-05-05,27
M0005236,E003623,SDQ,Episode start,2026-05-09,22
M0005237,E003624,K10+,Episode start,2026-05-24,39
M0005238,E003626,SDQ,Episode start,2026-05-11,15
M0005239,E003627,K10+,Episode start,2026-05-08,27
M0005240,E003627,K10+,Episode end,2026-06-16,19
M0005241,E003628,K10+,Episode start,2026-05-16,31
M0005242,E003629,K10+,Episode start,2026-05-18,28
M0005243,E003631,K10+,Episode start,2026-05-20,31
M0005244,E003632,SDQ,Episode start,2026-05-28,16
M0005245,E003633,SDQ,Episode start,2026-05-10,24
M0005246,E003634,SDQ,Episode start,2026-05-14,9
M0005247,E003634,SDQ,Episode end,2026-06-28,3
M0005248,E003635,SDQ,Episode start,2026-05-08,22
M0005249,E003636,SDQ,Episode start,2026-05-22,6
M0005250,E003637,K10+,Episode start,2026-05-20,28
M0005251,E003640,K10+,Episode start,2026-05-16,26
M0005252,E003641,K10+,Episode start,2026-05-21,29
M0005253,E003642,SDQ,Episode start,2026-05-22,19
M0005254,E003644,K10+,Episode start,2026-05-25,34
M0005255,E003645,SDQ,Episode start,2026-05-27,21
M0005256,E003646,SDQ,Episode start,2026-05-17,16
M0005257,E003647,SDQ,Episode start,2026-05-16,15
M0005258,E003648,SDQ,Episode start,2026-05-22,21
M0005259,E003649,SDQ,Episode start,2026-05-24,24
M0005260,E003650,K10+,Episode start,2026-05-26,41
M0005261,E003651,SDQ,Episode start,2026-05-25,28
M0005262,E003653,SDQ,Episode start,2026-05-26,16
M0005263,E003655,SDQ,Episode start,2026-05-23,22
M0005264,E003656,K10+,Episode start,2026-06-14,39
M0005265,E003657,SDQ,Episode start,2026-05-28,22
M0005266,E003658,K10+,Episode start,2026-06-05,36
M0005267,E003658,K10+,Episode end,2026-06-27,34
M0005268,E003659,SDQ,Episode start,2026-05-24,17
M0005269,E003660,K10+,Episode start,2026-05-22,30
M0005270,E003661,K10+,Episode start,2026-05-24,36
M0005271,E003662,K10+,Episode start,2026-05-23,32
M0005272,E003664,SDQ,Episode start,2026-05-24,11
M0005273,E003665,SDQ,Episode start,2026-05-27,19
M0005274,E003667,SDQ,Episode start,2026-06-04,22
M0005275,E003668,SDQ,Episode start,2026-05-27,14
M0005276,E003669,K10+,Episode start,2026-05-28,36
M0005277,E003670,SDQ,Episode start,2026-06-13,19
M0005278,E003671,K10+,Episode start,2026-05-30,36
M0005279,E003672,K10+,Episode start,2026-06-01,24
M0005280,E003674,K10+,Episode start,2026-06-01,27
M0005281,E003675,K10+,Episode start,2026-06-02,21
M0005282,E003677,SDQ,Episode start,2026-05-27,25
M0005283,E003678,K10+,Episode start,2026-05-29,32
M0005284,E003679,SDQ,Episode start,2026-05-28,14
M0005285,E003680,K10+,Episode start,2026-05-31,40
M0005286,E003681,SDQ,Episode start,2026-06-09,14
M0005287,E003682,K10+,Episode start,2026-06-06,45
M0005288,E003683,SDQ,Episode start,2026-06-10,23
M0005289,E003684,SDQ,Episode start,2026-05-30,25
M0005290,E003685,SDQ,Episode start,2026-05-29,22
M0005291,E003686,SDQ,Episode start,2026-06-07,17
M0005292,E003687,K10+,Episode start,2026-06-10,40
M0005293,E003688,SDQ,Episode start,2026-06-03,25
M0005294,E003689,SDQ,Episode start,2026-06-18,17
M0005295,E003690,K10+,Episode start,2026-06-18,30
M0005296,E003691,SDQ,Episode start,2026-06-11,21
M0005297,E003692,SDQ,Episode start,2026-06-25,18
M0005298,E003693,SDQ,Episode start,2026-06-05,14
M0005299,E003694,K10+,Episode start,2026-06-07,31
M0005300,E003695,K10+,Episode start,2026-06-08,28
M0005301,E003696,SDQ,Episode start,2026-06-03,21
M0005302,E003698,K10+,Episode start,2026-06-12,42
M0005303,E003699,SDQ,Episode start,2026-06-13,17
M0005304,E003700,SDQ,Episode start,2026-06-11,29
M0005305,E003701,K10+,Episode start,2026-06-19,26
M0005306,E003703,K10+,Episode start,2026-06-13,34
M0005307,E003704,K10+,Episode start,2026-06-11,34
M0005308,E003705,K10+,Episode start,2026-06-21,19
M0005309,E003706,SDQ,Episode start,2026-06-18,24
M0005310,E003707,SDQ,Episode start,2026-06-11,21
M0005311,E003708,K10+,Episode start,2026-06-14,35
M0005312,E003711,SDQ,Episode start,2026-06-15,20
M0005313,E003713,SDQ,Episode start,2026-06-24,16
M0005314,E003715,K10+,Episode start,2026-06-20,36
M0005315,E003716,SDQ,Episode start,2026-06-16,2
M0005316,E003717,K10+,Episode start,2026-06-21,31
M0005317,E003722,K10+,Episode start,2026-06-27,30
M0005318,E003723,SDQ,Episode start,2026-06-22,18
M0005319,E003724,SDQ,Episode start,2026-06-28,21
M0005320,E003725,SDQ,Episode start,2026-06-26,28
M0005321,E003726,K10+,Episode start,2026-06-25,33
M0005322,E003731,SDQ,Episode start,2026-06-29,29
M0005323,E003732,K10+,Episode start,2026-06-26,31
M0005324,E003734,SDQ,Episode start,2026-06-27,16
M0005325,E003740,K10+,Episode start,2026-06-28,30
M0005326,E003743,SDQ,Episode start,2026-06-29,11
M0005327,E003749,K10+,Episode start,2025-01-16,27
M0005328,E003749,K10+,Episode end,2025-03-20,18
M0005329,E003750,K10+,Episode start,2025-01-17,39
M0005330,E003750,K10+,Episode end,2025-01-27,36
M0005331,E003751,K10+,Episode start,2025-01-09,42
M0005332,E003751,K10+,Episode end,2025-02-11,41
M0005333,E003753,K10+,Episode start,2025-02-06,46
M0005334,E003754,K10+,Episode start,2025-01-09,25
M0005335,E003754,K10+,Episode end,2025-02-04,21
M0005336,E003755,K10+,Episode start,2025-01-06,31
M0005337,E003755,K10+,Episode end,2025-01-23,37
M0005338,E003757,K10+,Episode start,2025-01-16,37
M0005339,E003757,K10+,Episode end,2025-06-20,29
M0005340,E003759,K10+,Episode start,2025-01-05,31
M0005341,E003759,K10+,Episode end,2025-02-25,20
M0005342,E003760,K10+,Episode start,2025-01-12,33
M0005343,E003760,K10+,Episode end,2025-03-05,38
M0005344,E003761,K10+,Episode start,2025-01-09,39
M0005345,E003762,K10+,Episode start,2025-01-19,39
M0005346,E003762,K10+,Episode end,2025-04-04,39
M0005347,E003763,K10+,Episode start,2025-01-11,30
M0005348,E003763,K10+,Episode end,2025-02-13,23
M0005349,E003764,K10+,Episode start,2025-01-18,25
M0005350,E003764,K10+,Episode end,2025-02-19,23
M0005351,E003765,K10+,Episode start,2025-02-01,26
M0005352,E003765,K10+,Episode end,2025-03-11,24
M0005353,E003766,K10+,Episode start,2025-01-13,34
M0005354,E003766,K10+,Episode end,2025-02-20,36
M0005355,E003767,K10+,Episode start,2025-01-13,29
M0005356,E003768,K10+,Episode start,2025-01-10,26
M0005357,E003768,K10+,Episode end,2025-03-03,17
M0005358,E003770,K10+,Episode start,2025-01-12,19
M0005359,E003770,K10+,Episode end,2025-03-07,10
M0005360,E003771,K10+,Episode start,2025-01-19,24
M0005361,E003772,K10+,Episode start,2025-01-13,30
M0005362,E003772,K10+,Episode end,2025-02-10,23
M0005363,E003773,K10+,Episode start,2025-01-22,37
M0005364,E003773,K10+,Episode end,2025-02-22,33
M0005365,E003774,K10+,Episode start,2025-01-25,30
M0005366,E003774,K10+,Episode end,2025-02-21,28
M0005367,E003775,K10+,Episode start,2025-01-16,32
M0005368,E003775,K10+,Episode end,2025-03-21,30
M0005369,E003776,K10+,Episode start,2025-02-07,38
M0005370,E003776,K10+,Episode end,2025-03-06,28
M0005371,E003777,K10+,Episode start,2025-01-20,38
M0005372,E003777,K10+,Episode end,2025-02-08,33
M0005373,E003778,K10+,Episode start,2025-01-15,41
M0005374,E003778,K10+,Episode end,2025-02-23,38
M0005375,E003779,K10+,Episode start,2025-01-20,34
M0005376,E003780,K10+,Episode start,2025-01-14,35
M0005377,E003781,K10+,Episode start,2025-01-24,25
M0005378,E003781,K10+,Episode end,2025-04-19,13
M0005379,E003782,K10+,Episode start,2025-01-27,17
M0005380,E003782,K10+,Episode end,2025-02-27,11
M0005381,E003783,K10+,Episode start,2025-01-19,41
M0005382,E003783,K10+,Episode end,2025-04-04,31
M0005383,E003784,K10+,Episode start,2025-01-29,26
M0005384,E003784,K10+,Episode end,2025-03-28,32
M0005385,E003787,K10+,Episode start,2025-01-27,37
M0005386,E003787,K10+,Episode end,2025-02-15,34
M0005387,E003788,K10+,Episode start,2025-01-15,33
M0005388,E003788,K10+,Episode end,2025-02-28,32
M0005389,E003789,K10+,Episode start,2025-01-18,35
M0005390,E003789,K10+,Episode end,2025-02-04,24
M0005391,E003790,K10+,Episode start,2025-01-22,38
M0005392,E003790,K10+,Episode end,2025-03-06,36
M0005393,E003791,K10+,Episode start,2025-01-19,30
M0005394,E003791,K10+,Episode end,2025-02-26,33
M0005395,E003792,K10+,Episode start,2025-01-28,29
M0005396,E003792,K10+,Episode end,2025-03-11,18
M0005397,E003793,K10+,Episode start,2025-01-20,32
M0005398,E003794,K10+,Episode start,2025-01-25,27
M0005399,E003794,K10+,Episode end,2025-03-07,25
M0005400,E003795,K10+,Episode start,2025-01-26,20
M0005401,E003795,K10+,Episode end,2025-03-23,20
M0005402,E003796,K10+,Episode start,2025-01-23,27
M0005403,E003796,K10+,Episode end,2025-02-02,10
M0005404,E003797,K10+,Episode start,2025-01-25,26
M0005405,E003798,K10+,Episode end,2025-03-30,10
M0005406,E003799,K10+,Episode end,2025-04-03,11
M0005407,E003800,K10+,Episode start,2025-03-03,38
M0005408,E003800,K10+,Episode end,2025-05-02,32
M0005409,E003801,K10+,Episode start,2025-02-05,32
M0005410,E003801,K10+,Episode end,2025-04-16,26
M0005411,E003802,K10+,Episode start,2025-01-30,35
M0005412,E003802,K10+,Episode end,2025-02-10,33
M0005413,E003803,K10+,Episode start,2025-01-23,29
M0005414,E003805,K10+,Episode start,2025-01-30,45
M0005415,E003805,K10+,Episode end,2025-02-20,36
M0005416,E003806,K10+,Episode start,2025-02-01,39
M0005417,E003806,K10+,Episode end,2025-03-06,37
M0005418,E003807,K10+,Episode start,2025-02-09,29
M0005419,E003807,K10+,Episode end,2025-04-04,25
M0005420,E003808,K10+,Episode start,2025-01-25,30
M0005421,E003808,K10+,Episode end,2025-04-20,30
M0005422,E003809,K10+,Episode start,2025-02-01,25
M0005423,E003809,K10+,Episode end,2025-03-31,15
M0005424,E003810,K10+,Episode start,2025-02-05,24
M0005425,E003810,K10+,Episode end,2025-03-31,15
M0005426,E003811,SDQ,Episode start,2025-02-03,15
M0005427,E003811,SDQ,Episode end,2025-03-27,11
M0005428,E003812,K10+,Episode start,2025-02-16,22
M0005429,E003812,K10+,Episode end,2025-03-15,13
M0005430,E003813,K10+,Episode start,2025-01-31,31
M0005431,E003814,K10+,Episode start,2025-02-15,27
M0005432,E003814,K10+,Episode end,2025-03-11,19
M0005433,E003815,K10+,Episode start,2025-02-01,19
M0005434,E003815,K10+,Episode end,2025-03-08,12
M0005435,E003817,K10+,Episode start,2025-03-02,35
M0005436,E003818,K10+,Episode end,2025-03-22,25
M0005437,E003819,K10+,Episode start,2025-02-02,31
M0005438,E003819,K10+,Episode end,2025-03-06,15
M0005439,E003820,K10+,Episode start,2025-02-04,35
M0005440,E003820,K10+,Episode end,2025-02-24,31
M0005441,E003821,K10+,Episode start,2025-02-10,37
M0005442,E003823,K10+,Episode start,2025-02-16,29
M0005443,E003823,K10+,Episode end,2025-04-30,28
M0005444,E003824,K10+,Episode start,2025-02-05,29
M0005445,E003824,K10+,Episode end,2025-03-21,11
M0005446,E003825,SDQ,Episode start,2025-02-09,12
M0005447,E003825,SDQ,Episode end,2025-03-02,4
M0005448,E003826,K10+,Episode start,2025-02-05,32
M0005449,E003826,K10+,Episode end,2025-03-03,28
M0005450,E003827,K10+,Episode start,2025-02-23,29
M0005451,E003827,K10+,Episode end,2025-03-16,20
M0005452,E003828,K10+,Episode start,2025-02-25,34
M0005453,E003828,K10+,Episode end,2025-04-06,30
M0005454,E003829,K10+,Episode start,2025-02-03,32
M0005455,E003830,K10+,Episode start,2025-02-02,29
M0005456,E003830,K10+,Episode end,2025-04-10,18
M0005457,E003831,K10+,Episode start,2025-02-03,30
M0005458,E003831,K10+,Episode end,2025-04-06,27
M0005459,E003832,K10+,Episode start,2025-02-02,20
M0005460,E003832,K10+,Episode end,2025-03-13,21
M0005461,E003833,K10+,Episode start,2025-01-30,27
M0005462,E003833,K10+,Episode end,2025-04-30,23
M0005463,E003834,K10+,Episode start,2025-02-06,31
M0005464,E003834,K10+,Episode end,2025-03-12,24
M0005465,E003835,K10+,Episode start,2025-02-06,27
M0005466,E003835,K10+,Episode end,2025-03-18,12
M0005467,E003837,SDQ,Episode end,2025-03-09,14
M0005468,E003838,K10+,Episode start,2025-03-05,32
M0005469,E003838,K10+,Episode end,2025-04-16,24
M0005470,E003839,K10+,Episode start,2025-02-10,24
M0005471,E003839,K10+,Episode end,2025-03-11,26
M0005472,E003840,K10+,Episode start,2025-02-07,43
M0005473,E003840,K10+,Episode end,2025-03-11,43
M0005474,E003841,K10+,Episode start,2025-02-26,28
M0005475,E003841,K10+,Episode end,2025-04-05,13
M0005476,E003843,K10+,Episode start,2025-02-15,33
M0005477,E003843,K10+,Episode end,2025-03-27,36
M0005478,E003844,K10+,Episode start,2025-02-10,24
M0005479,E003844,K10+,Episode end,2025-03-26,20
M0005480,E003845,K10+,Episode start,2025-02-07,29
M0005481,E003845,K10+,Episode end,2025-03-10,15
M0005482,E003846,K10+,Episode start,2025-02-22,19
M0005483,E003846,K10+,Episode end,2025-04-05,12
M0005484,E003847,K10+,Episode start,2025-02-19,20
M0005485,E003847,K10+,Episode end,2025-04-20,12
M0005486,E003848,K10+,Episode start,2025-02-20,34
M0005487,E003848,K10+,Episode end,2025-04-14,33
M0005488,E003849,K10+,Episode start,2025-03-07,40
M0005489,E003849,K10+,Episode end,2025-05-12,25
M0005490,E003850,K10+,Episode start,2025-02-16,28
M0005491,E003850,K10+,Episode end,2025-03-18,26
M0005492,E003851,K10+,Episode start,2025-02-18,41
M0005493,E003851,K10+,Episode end,2025-03-02,29
M0005494,E003852,K10+,Episode start,2025-02-14,42
M0005495,E003853,K10+,Episode start,2025-02-16,24
M0005496,E003854,K10+,Episode start,2025-03-03,28
M0005497,E003855,K10+,Episode start,2025-02-13,38
M0005498,E003855,K10+,Episode end,2025-04-18,42
M0005499,E003856,K10+,Episode start,2025-02-16,24
M0005500,E003857,K10+,Episode start,2025-03-05,25
M0005501,E003857,K10+,Episode end,2025-04-15,11
M0005502,E003859,K10+,Episode start,2025-02-14,31
M0005503,E003859,K10+,Episode end,2025-03-21,19
M0005504,E003860,K10+,Episode start,2025-02-14,33
M0005505,E003860,K10+,Episode end,2025-03-12,24
M0005506,E003862,K10+,Episode start,2025-03-25,26
M0005507,E003863,K10+,Episode end,2025-03-20,22
M0005508,E003864,K10+,Episode start,2025-02-20,31
M0005509,E003864,K10+,Episode end,2025-04-21,27
M0005510,E003865,K10+,Episode start,2025-02-22,34
M0005511,E003866,K10+,Episode start,2025-02-16,31
M0005512,E003866,K10+,Episode end,2025-03-08,28
M0005513,E003867,K10+,Episode start,2025-02-18,19
M0005514,E003868,K10+,Episode start,2025-02-25,27
M0005515,E003868,K10+,Episode end,2025-04-19,10
M0005516,E003869,K10+,Episode start,2025-02-14,42
M0005517,E003869,K10+,Episode end,2025-05-06,35
M0005518,E003870,K10+,Episode start,2025-02-16,34
M0005519,E003871,K10+,Episode start,2025-02-15,32
M0005520,E003871,K10+,Episode end,2025-04-13,16
M0005521,E003872,K10+,Episode start,2025-02-24,43
M0005522,E003872,K10+,Episode end,2025-04-04,39
M0005523,E003873,K10+,Episode start,2025-02-27,32
M0005524,E003873,K10+,Episode end,2025-04-16,28
M0005525,E003874,K10+,Episode start,2025-02-16,24
M0005526,E003874,K10+,Episode end,2025-05-04,10
M0005527,E003875,K10+,Episode start,2025-02-25,32
M0005528,E003875,K10+,Episode end,2025-04-11,31
M0005529,E003876,K10+,Episode start,2025-03-18,39
M0005530,E003876,K10+,Episode end,2025-05-18,39
M0005531,E003877,K10+,Episode start,2025-02-24,32
M0005532,E003877,K10+,Episode end,2025-04-18,26
M0005533,E003878,K10+,Episode start,2025-02-18,23
M0005534,E003878,K10+,Episode end,2025-04-25,11
M0005535,E003879,K10+,Episode start,2025-03-04,42
M0005536,E003879,K10+,Episode end,2025-05-06,39
M0005537,E003880,K10+,Episode start,2025-02-26,19
M0005538,E003881,K10+,Episode start,2025-02-23,27
M0005539,E003881,K10+,Episode end,2025-04-03,20
M0005540,E003882,K10+,Episode end,2025-04-04,29
M0005541,E003883,K10+,Episode start,2025-02-19,23
M0005542,E003883,K10+,Episode end,2025-03-04,15
M0005543,E003884,K10+,Episode start,2025-02-20,28
M0005544,E003884,K10+,Episode end,2025-04-03,26
M0005545,E003885,K10+,Episode start,2025-02-26,24
M0005546,E003886,K10+,Episode start,2025-02-23,27
M0005547,E003886,K10+,Episode end,2025-05-05,11
M0005548,E003887,K10+,Episode start,2025-03-09,37
M0005549,E003888,K10+,Episode start,2025-02-22,33
M0005550,E003888,K10+,Episode end,2025-05-28,29
M0005551,E003889,SDQ,Episode start,2025-02-22,25
M0005552,E003889,SDQ,Episode end,2025-03-29,21
M0005553,E003890,K10+,Episode start,2025-03-01,32
M0005554,E003890,K10+,Episode end,2025-03-20,37
M0005555,E003892,K10+,Episode start,2025-03-03,24
M0005556,E003892,K10+,Episode end,2025-04-24,14
M0005557,E003893,K10+,Episode start,2025-02-21,41
M0005558,E003893,K10+,Episode end,2025-04-04,40
M0005559,E003894,K10+,Episode start,2025-03-01,38
M0005560,E003894,K10+,Episode end,2025-04-21,33
M0005561,E003895,K10+,Episode start,2025-02-21,32
M0005562,E003895,K10+,Episode end,2025-06-11,30
M0005563,E003896,K10+,Episode start,2025-02-26,20
M0005564,E003896,K10+,Episode end,2025-04-13,14
M0005565,E003897,K10+,Episode start,2025-03-02,29
M0005566,E003897,K10+,Episode end,2025-04-16,23
M0005567,E003898,K10+,Episode start,2025-03-10,22
M0005568,E003898,K10+,Episode end,2025-05-12,20
M0005569,E003899,K10+,Episode start,2025-02-25,36
M0005570,E003899,K10+,Episode end,2025-04-17,32
M0005571,E003900,K10+,Episode start,2025-02-24,31
M0005572,E003900,K10+,Episode end,2025-03-26,31
M0005573,E003901,K10+,Episode start,2025-02-24,34
M0005574,E003902,K10+,Episode start,2025-03-03,32
M0005575,E003902,K10+,Episode end,2025-03-28,30
M0005576,E003903,K10+,Episode start,2025-03-08,35
M0005577,E003903,K10+,Episode end,2025-04-25,43
M0005578,E003905,K10+,Episode start,2025-03-07,25
M0005579,E003905,K10+,Episode end,2025-05-31,17
M0005580,E003906,K10+,Episode start,2025-02-28,27
M0005581,E003906,K10+,Episode end,2025-03-26,27
M0005582,E003907,K10+,Episode start,2025-03-13,38
M0005583,E003907,K10+,Episode end,2025-04-10,34
M0005584,E003908,K10+,Episode start,2025-04-10,31
M0005585,E003908,K10+,Episode end,2025-05-17,27
M0005586,E003909,K10+,Episode start,2025-03-01,27
M0005587,E003909,K10+,Episode end,2025-03-22,19
M0005588,E003910,K10+,Episode start,2025-02-26,30
M0005589,E003910,K10+,Episode end,2025-03-31,33
M0005590,E003912,K10+,Episode start,2025-02-27,30
M0005591,E003912,K10+,Episode end,2025-04-08,24
M0005592,E003913,K10+,Episode start,2025-03-06,24
M0005593,E003914,K10+,Episode start,2025-03-05,33
M0005594,E003915,K10+,Episode start,2025-03-06,32
M0005595,E003915,K10+,Episode end,2025-04-04,26
M0005596,E003916,K10+,Episode start,2025-03-04,29
M0005597,E003916,K10+,Episode end,2025-04-19,21
M0005598,E003917,K10+,Episode start,2025-03-08,24
M0005599,E003917,K10+,Episode end,2025-04-25,21
M0005600,E003918,K10+,Episode start,2025-03-11,30
M0005601,E003918,K10+,Episode end,2025-04-19,27
M0005602,E003919,SDQ,Episode start,2025-03-09,22
M0005603,E003919,SDQ,Episode end,2025-03-31,21
M0005604,E003922,K10+,Episode start,2025-02-27,37
M0005605,E003922,K10+,Episode end,2025-03-13,24
M0005606,E003923,K10+,Episode start,2025-03-08,27
M0005607,E003923,K10+,Episode end,2025-05-03,20
M0005608,E003924,K10+,Episode start,2025-03-05,39
M0005609,E003924,K10+,Episode end,2025-04-28,29
M0005610,E003925,K10+,Episode start,2025-03-12,30
M0005611,E003925,K10+,Episode end,2025-04-19,23
M0005612,E003926,K10+,Episode start,2025-03-03,34
M0005613,E003926,K10+,Episode end,2025-03-16,29
M0005614,E003927,K10+,Episode end,2025-06-05,18
M0005615,E003928,K10+,Episode start,2025-03-06,34
M0005616,E003929,SDQ,Episode start,2025-03-03,12
M0005617,E003929,SDQ,Episode end,2025-04-06,7
M0005618,E003930,K10+,Episode start,2025-03-06,29
M0005619,E003931,K10+,Episode start,2025-03-10,36
M0005620,E003931,K10+,Episode end,2025-05-07,34
M0005621,E003932,K10+,Episode start,2025-03-05,25
M0005622,E003932,K10+,Episode end,2025-03-09,15
M0005623,E003933,SDQ,Episode start,2025-03-08,19
M0005624,E003933,SDQ,Episode end,2025-03-26,24
M0005625,E003934,K10+,Episode start,2025-04-14,45
M0005626,E003934,K10+,Episode end,2025-06-03,37
M0005627,E003935,K10+,Episode start,2025-03-20,22
M0005628,E003935,K10+,Episode end,2025-05-04,23
M0005629,E003936,K10+,Episode start,2025-03-20,31
M0005630,E003937,K10+,Episode start,2025-03-08,33
M0005631,E003938,K10+,Episode start,2025-03-07,27
M0005632,E003938,K10+,Episode end,2025-04-29,24
M0005633,E003939,K10+,Episode start,2025-03-08,38
M0005634,E003939,K10+,Episode end,2025-04-20,23
M0005635,E003940,K10+,Episode start,2025-03-13,36
M0005636,E003940,K10+,Episode end,2025-05-15,32
M0005637,E003941,K10+,Episode start,2025-04-12,37
M0005638,E003942,K10+,Episode start,2025-03-14,26
M0005639,E003942,K10+,Episode end,2025-05-03,24
M0005640,E003943,K10+,Episode start,2025-03-11,35
M0005641,E003943,K10+,Episode end,2025-05-11,32
M0005642,E003944,K10+,Episode start,2025-03-21,28
M0005643,E003945,K10+,Episode start,2025-03-08,27
M0005644,E003945,K10+,Episode end,2025-04-07,25
M0005645,E003946,K10+,Episode start,2025-03-09,24
M0005646,E003947,K10+,Episode start,2025-03-11,38
M0005647,E003947,K10+,Episode end,2025-04-16,26
M0005648,E003948,K10+,Episode start,2025-03-17,45
M0005649,E003948,K10+,Episode end,2025-04-03,43
M0005650,E003949,K10+,Episode start,2025-03-18,26
M0005651,E003949,K10+,Episode end,2025-04-20,21
M0005652,E003950,K10+,Episode start,2025-03-24,30
M0005653,E003951,K10+,Episode end,2025-06-03,30
M0005654,E003952,K10+,Episode start,2025-03-07,34
M0005655,E003952,K10+,Episode end,2025-04-01,32
M0005656,E003953,K10+,Episode start,2025-03-08,29
M0005657,E003953,K10+,Episode end,2025-05-11,24
M0005658,E003954,K10+,Episode start,2025-03-10,29
M0005659,E003955,K10+,Episode start,2025-03-17,32
M0005660,E003955,K10+,Episode end,2025-04-28,26
M0005661,E003956,K10+,Episode start,2025-07-01,29
M0005662,E003957,K10+,Episode start,2025-03-24,27
M0005663,E003957,K10+,Episode end,2025-05-08,23
M0005664,E003958,K10+,Episode start,2025-03-19,41
M0005665,E003958,K10+,Episode end,2025-04-15,36
M0005666,E003959,K10+,Episode start,2025-03-10,24
M0005667,E003959,K10+,Episode end,2025-04-03,19
M0005668,E003961,K10+,Episode start,2025-04-02,35
M0005669,E003961,K10+,Episode end,2025-07-17,32
M0005670,E003962,K10+,Episode start,2025-03-19,33
M0005671,E003962,K10+,Episode end,2025-05-11,30
M0005672,E003963,K10+,Episode start,2025-03-13,30
M0005673,E003964,K10+,Episode start,2025-04-04,24
M0005674,E003964,K10+,Episode end,2025-07-02,13
M0005675,E003965,K10+,Episode start,2025-03-17,33
M0005676,E003966,K10+,Episode start,2025-03-16,32
M0005677,E003966,K10+,Episode end,2025-04-25,33
M0005678,E003967,K10+,Episode start,2025-03-10,26
M0005679,E003969,K10+,Episode start,2025-03-25,26
M0005680,E003970,K10+,Episode start,2025-03-18,36
M0005681,E003970,K10+,Episode end,2025-05-06,34
M0005682,E003971,K10+,Episode start,2025-03-24,26
M0005683,E003971,K10+,Episode end,2025-06-11,17
M0005684,E003972,K10+,Episode start,2025-03-24,24
M0005685,E003972,K10+,Episode end,2025-06-21,13
M0005686,E003973,K10+,Episode start,2025-03-12,32
M0005687,E003973,K10+,Episode end,2025-04-09,27
M0005688,E003974,K10+,Episode start,2025-03-20,33
M0005689,E003974,K10+,Episode end,2025-05-15,26
M0005690,E003975,K10+,Episode start,2025-03-28,21
M0005691,E003975,K10+,Episode end,2025-04-28,21
M0005692,E003976,K10+,Episode start,2025-03-24,26
M0005693,E003976,K10+,Episode end,2025-05-22,17
M0005694,E003977,K10+,Episode start,2025-04-09,27
M0005695,E003977,K10+,Episode end,2025-05-06,21
M0005696,E003978,K10+,Episode start,2025-03-18,31
M0005697,E003978,K10+,Episode end,2025-04-29,22
M0005698,E003979,K10+,Episode start,2025-04-04,37
M0005699,E003980,K10+,Episode start,2025-04-06,23
M0005700,E003980,K10+,Episode end,2025-05-11,13
M0005701,E003981,K10+,Episode start,2025-03-26,31
M0005702,E003981,K10+,Episode end,2025-04-27,27
M0005703,E003982,K10+,Episode end,2025-04-05,17
M0005704,E003983,K10+,Episode start,2025-03-17,34
M0005705,E003983,K10+,Episode end,2025-04-06,36
M0005706,E003985,K10+,Episode start,2025-05-01,37
M0005707,E003985,K10+,Episode end,2025-07-05,42
M0005708,E003986,K10+,Episode start,2025-03-28,27
M0005709,E003987,K10+,Episode start,2025-03-19,28
M0005710,E003987,K10+,Episode end,2025-05-28,16
M0005711,E003988,K10+,Episode start,2025-03-18,32
M0005712,E003989,K10+,Episode end,2025-04-05,35
M0005713,E003990,K10+,Episode start,2025-03-22,28
M0005714,E003990,K10+,Episode end,2025-05-19,29
M0005715,E003992,K10+,Episode start,2025-03-27,38
M0005716,E003992,K10+,Episode end,2025-05-07,27
M0005717,E003993,K10+,Episode start,2025-03-25,34
M0005718,E003993,K10+,Episode end,2025-05-13,33
M0005719,E003994,K10+,Episode start,2025-03-20,17
M0005720,E003994,K10+,Episode end,2025-04-10,12
M0005721,E003995,K10+,Episode start,2025-03-26,31
M0005722,E003996,K10+,Episode start,2025-03-28,26
M0005723,E003997,K10+,Episode start,2025-03-28,28
M0005724,E003997,K10+,Episode end,2025-04-24,20
M0005725,E003998,K10+,Episode start,2025-03-23,27
M0005726,E003998,K10+,Episode end,2025-04-12,11
M0005727,E003999,K10+,Episode end,2025-04-14,19
M0005728,E004000,K10+,Episode start,2025-03-26,34
M0005729,E004000,K10+,Episode end,2025-04-13,22
M0005730,E004001,K10+,Episode end,2025-04-27,22
M0005731,E004002,K10+,Episode start,2025-03-26,36
M0005732,E004003,K10+,Episode end,2025-04-06,25
M0005733,E004004,K10+,Episode start,2025-03-29,31
M0005734,E004005,K10+,Episode start,2025-03-30,29
M0005735,E004005,K10+,Episode end,2025-05-01,21
M0005736,E004006,K10+,Episode start,2025-03-26,31
M0005737,E004006,K10+,Episode end,2025-04-16,29
M0005738,E004007,K10+,Episode start,2025-03-26,32
M0005739,E004007,K10+,Episode end,2025-04-26,29
M0005740,E004008,K10+,Episode start,2025-03-27,31
M0005741,E004008,K10+,Episode end,2025-04-22,28
M0005742,E004009,K10+,Episode start,2025-03-21,38
M0005743,E004009,K10+,Episode end,2025-04-04,32
M0005744,E004010,K10+,Episode start,2025-03-27,22
M0005745,E004010,K10+,Episode end,2025-04-26,14
M0005746,E004011,K10+,Episode start,2025-03-27,25
M0005747,E004011,K10+,Episode end,2025-05-29,18
M0005748,E004012,K10+,Episode start,2025-05-10,23
M0005749,E004012,K10+,Episode end,2025-06-27,21
M0005750,E004013,K10+,Episode start,2025-03-24,40
M0005751,E004013,K10+,Episode end,2025-04-04,40
M0005752,E004014,K10+,Episode start,2025-03-28,28
M0005753,E004014,K10+,Episode end,2025-04-29,29
M0005754,E004016,K10+,Episode start,2025-03-27,36
M0005755,E004016,K10+,Episode end,2025-05-31,39
M0005756,E004017,K10+,Episode start,2025-03-27,35
M0005757,E004017,K10+,Episode end,2025-05-15,34
M0005758,E004018,K10+,Episode end,2025-04-26,39
M0005759,E004019,K10+,Episode start,2025-03-30,27
M0005760,E004019,K10+,Episode end,2025-05-16,24
M0005761,E004020,K10+,Episode start,2025-04-16,33
M0005762,E004020,K10+,Episode end,2025-05-06,32
M0005763,E004021,K10+,Episode start,2025-04-04,40
M0005764,E004021,K10+,Episode end,2025-06-08,35
M0005765,E004022,K10+,Episode start,2025-03-24,30
M0005766,E004022,K10+,Episode end,2025-04-09,24
M0005767,E004023,K10+,Episode start,2025-04-13,28
M0005768,E004023,K10+,Episode end,2025-05-17,26
M0005769,E004025,K10+,Episode start,2025-04-07,27
M0005770,E004025,K10+,Episode end,2025-06-12,10
M0005771,E004026,K10+,Episode start,2025-03-29,27
M0005772,E004027,K10+,Episode start,2025-03-30,28
M0005773,E004027,K10+,Episode end,2025-05-14,20
M0005774,E004028,K10+,Episode start,2025-03-27,34
M0005775,E004028,K10+,Episode end,2025-04-10,30
M0005776,E004029,K10+,Episode start,2025-04-09,38
M0005777,E004029,K10+,Episode end,2025-06-28,37
M0005778,E004030,K10+,Episode start,2025-03-27,29
M0005779,E004030,K10+,Episode end,2025-04-04,28
M0005780,E004031,SDQ,Episode start,2025-04-03,21
M0005781,E004031,SDQ,Episode end,2025-04-30,19
M0005782,E004032,K10+,Episode start,2025-04-07,36
M0005783,E004032,K10+,Episode end,2025-05-03,42
M0005784,E004033,K10+,Episode start,2025-05-06,30
M0005785,E004033,K10+,Episode end,2025-08-19,25
M0005786,E004034,K10+,Episode start,2025-04-07,50
M0005787,E004034,K10+,Episode end,2025-06-12,50
M0005788,E004035,K10+,Episode start,2025-04-13,29
M0005789,E004035,K10+,Episode end,2025-05-10,15
M0005790,E004037,K10+,Episode start,2025-04-06,39
M0005791,E004037,K10+,Episode end,2025-06-10,36
M0005792,E004038,K10+,Episode start,2025-04-01,28
M0005793,E004038,K10+,Episode end,2025-04-21,34
M0005794,E004039,K10+,Episode start,2025-04-02,35
M0005795,E004039,K10+,Episode end,2025-05-11,32
M0005796,E004040,K10+,Episode start,2025-03-28,37
M0005797,E004040,K10+,Episode end,2025-06-10,39
M0005798,E004041,K10+,Episode start,2025-03-29,43
M0005799,E004041,K10+,Episode end,2025-06-17,43
M0005800,E004042,K10+,Episode start,2025-03-29,27
M0005801,E004042,K10+,Episode end,2025-05-01,21
M0005802,E004043,K10+,Episode start,2025-04-03,42
M0005803,E004043,K10+,Episode end,2025-04-10,43
M0005804,E004044,K10+,Episode start,2025-04-14,29
M0005805,E004044,K10+,Episode end,2025-05-19,25
M0005806,E004045,K10+,Episode start,2025-04-01,28
M0005807,E004045,K10+,Episode end,2025-05-12,26
M0005808,E004046,K10+,Episode start,2025-04-27,35
M0005809,E004046,K10+,Episode end,2025-05-25,29
M0005810,E004047,K10+,Episode start,2025-04-13,20
M0005811,E004047,K10+,Episode end,2025-05-21,26
M0005812,E004048,K10+,Episode start,2025-04-12,29
M0005813,E004049,K10+,Episode start,2025-04-23,42
M0005814,E004049,K10+,Episode end,2025-06-04,28
M0005815,E004050,K10+,Episode start,2025-04-06,23
M0005816,E004051,K10+,Episode start,2025-04-05,29
M0005817,E004052,K10+,Episode start,2025-04-13,37
M0005818,E004052,K10+,Episode end,2025-06-14,35
M0005819,E004053,K10+,Episode start,2025-04-21,41
M0005820,E004053,K10+,Episode end,2025-07-29,21
M0005821,E004054,K10+,Episode start,2025-04-04,27
M0005822,E004055,K10+,Episode start,2025-04-13,32
M0005823,E004055,K10+,Episode end,2025-05-29,16
M0005824,E004056,K10+,Episode start,2025-04-19,34
M0005825,E004056,K10+,Episode end,2025-05-20,26
M0005826,E004057,K10+,Episode start,2025-04-15,37
M0005827,E004057,K10+,Episode end,2025-05-07,41
M0005828,E004058,K10+,Episode start,2025-04-10,30
M0005829,E004059,K10+,Episode start,2025-04-05,42
M0005830,E004059,K10+,Episode end,2025-05-27,35
M0005831,E004060,K10+,Episode start,2025-04-05,30
M0005832,E004060,K10+,Episode end,2025-05-15,27
M0005833,E004061,K10+,Episode start,2025-04-18,28
M0005834,E004061,K10+,Episode end,2025-05-18,19
M0005835,E004062,K10+,Episode end,2025-05-24,22
M0005836,E004063,K10+,Episode start,2025-04-09,23
M0005837,E004063,K10+,Episode end,2025-04-30,25
M0005838,E004064,K10+,Episode start,2025-04-07,31
M0005839,E004064,K10+,Episode end,2025-04-28,33
M0005840,E004065,K10+,Episode start,2025-04-22,37
M0005841,E004065,K10+,Episode end,2025-08-15,33
M0005842,E004066,K10+,Episode start,2025-05-02,45
M0005843,E004066,K10+,Episode end,2025-06-24,38
M0005844,E004067,K10+,Episode start,2025-04-07,33
M0005845,E004067,K10+,Episode end,2025-05-16,30
M0005846,E004068,K10+,Episode start,2025-04-08,31
M0005847,E004068,K10+,Episode end,2025-07-05,34
M0005848,E004069,K10+,Episode start,2025-04-23,34
M0005849,E004069,K10+,Episode end,2025-06-04,20
M0005850,E004070,K10+,Episode start,2025-04-06,30
M0005851,E004070,K10+,Episode end,2025-06-11,21
M0005852,E004071,K10+,Episode start,2025-04-25,29
M0005853,E004071,K10+,Episode end,2025-06-21,17
M0005854,E004072,K10+,Episode start,2025-04-08,29
M0005855,E004072,K10+,Episode end,2025-05-10,13
M0005856,E004073,K10+,Episode start,2025-04-21,25
M0005857,E004073,K10+,Episode end,2025-06-02,21
M0005858,E004074,K10+,Episode start,2025-04-08,35
M0005859,E004074,K10+,Episode end,2025-05-31,34
M0005860,E004075,K10+,Episode start,2025-04-08,31
M0005861,E004075,K10+,Episode end,2025-05-13,22
M0005862,E004076,K10+,Episode start,2025-04-19,38
M0005863,E004077,K10+,Episode start,2025-04-16,30
M0005864,E004077,K10+,Episode end,2025-05-11,21
M0005865,E004078,K10+,Episode start,2025-04-17,29
M0005866,E004080,K10+,Episode start,2025-04-09,32
M0005867,E004080,K10+,Episode end,2025-05-27,28
M0005868,E004082,K10+,Episode start,2025-04-07,26
M0005869,E004082,K10+,Episode end,2025-05-03,28
M0005870,E004083,K10+,Episode start,2025-04-17,38
M0005871,E004083,K10+,Episode end,2025-05-13,25
M0005872,E004084,K10+,Episode start,2025-04-13,29
M0005873,E004084,K10+,Episode end,2025-05-25,40
M0005874,E004086,K10+,Episode start,2025-04-16,29
M0005875,E004086,K10+,Episode end,2025-05-24,16
M0005876,E004087,K10+,Episode end,2025-05-30,31
M0005877,E004088,SDQ,Episode start,2025-05-09,18
M0005878,E004088,SDQ,Episode end,2025-06-03,16
M0005879,E004091,K10+,Episode start,2025-04-12,27
M0005880,E004091,K10+,Episode end,2025-06-24,34
M0005881,E004092,K10+,Episode start,2025-04-23,24
M0005882,E004093,K10+,Episode start,2025-04-14,28
M0005883,E004093,K10+,Episode end,2025-06-05,19
M0005884,E004094,K10+,Episode start,2025-04-19,23
M0005885,E004094,K10+,Episode end,2025-06-04,20
M0005886,E004098,K10+,Episode start,2025-04-18,31
M0005887,E004098,K10+,Episode end,2025-06-25,28
M0005888,E004099,K10+,Episode start,2025-04-20,34
M0005889,E004100,K10+,Episode end,2025-06-26,28
M0005890,E004101,K10+,Episode start,2025-05-04,33
M0005891,E004101,K10+,Episode end,2025-06-08,22
M0005892,E004102,K10+,Episode start,2025-05-02,42
M0005893,E004102,K10+,Episode end,2025-06-13,40
M0005894,E004104,K10+,Episode start,2025-04-23,39
M0005895,E004104,K10+,Episode end,2025-05-18,35
M0005896,E004105,K10+,Episode start,2025-04-20,42
M0005897,E004106,K10+,Episode start,2025-05-14,35
M0005898,E004106,K10+,Episode end,2025-06-02,27
M0005899,E004107,K10+,Episode start,2025-05-03,22
M0005900,E004107,K10+,Episode end,2025-06-28,18
M0005901,E004109,K10+,Episode start,2025-04-18,30
M0005902,E004109,K10+,Episode end,2025-05-23,26
M0005903,E004110,K10+,Episode start,2025-04-28,32
M0005904,E004111,K10+,Episode start,2025-04-21,24
M0005905,E004111,K10+,Episode end,2025-06-10,22
M0005906,E004112,K10+,Episode start,2025-04-19,28
M0005907,E004112,K10+,Episode end,2025-07-05,15
M0005908,E004113,K10+,Episode end,2025-06-30,24
M0005909,E004114,K10+,Episode start,2025-04-20,25
M0005910,E004114,K10+,Episode end,2025-05-25,16
M0005911,E004115,K10+,Episode start,2025-04-26,30
M0005912,E004115,K10+,Episode end,2025-06-21,30
M0005913,E004116,K10+,Episode start,2025-04-24,36
M0005914,E004116,K10+,Episode end,2025-08-09,33
M0005915,E004117,K10+,Episode start,2025-04-28,32
M0005916,E004117,K10+,Episode end,2025-06-05,25
M0005917,E004119,SDQ,Episode start,2025-05-03,19
M0005918,E004119,SDQ,Episode end,2025-06-07,15
M0005919,E004120,K10+,Episode start,2025-04-25,33
M0005920,E004120,K10+,Episode end,2025-05-30,31
M0005921,E004122,K10+,Episode start,2025-04-29,36
M0005922,E004122,K10+,Episode end,2025-05-26,32
M0005923,E004123,K10+,Episode end,2025-07-07,31
M0005924,E004126,K10+,Episode start,2025-04-24,36
M0005925,E004126,K10+,Episode end,2025-06-08,33
M0005926,E004127,K10+,Episode start,2025-05-04,38
M0005927,E004127,K10+,Episode end,2025-07-16,23
M0005928,E004128,K10+,Episode start,2025-05-07,33
M0005929,E004128,K10+,Episode end,2025-06-16,24
M0005930,E004129,K10+,Episode start,2025-05-09,24
M0005931,E004129,K10+,Episode end,2025-05-30,28
M0005932,E004130,K10+,Episode start,2025-04-30,39
M0005933,E004130,K10+,Episode end,2025-06-01,35
M0005934,E004131,K10+,Episode start,2025-05-03,35
M0005935,E004131,K10+,Episode end,2025-05-27,26
M0005936,E004132,K10+,Episode start,2025-04-29,30
M0005937,E004132,K10+,Episode end,2025-06-29,29
M0005938,E004133,K10+,Episode start,2025-05-02,37
M0005939,E004133,K10+,Episode end,2025-06-06,36
M0005940,E004134,K10+,Episode start,2025-05-09,23
M0005941,E004134,K10+,Episode end,2025-06-21,22
M0005942,E004135,K10+,Episode start,2025-05-06,27
M0005943,E004135,K10+,Episode end,2025-06-03,25
M0005944,E004136,K10+,Episode start,2025-05-25,32
M0005945,E004137,K10+,Episode start,2025-05-10,31
M0005946,E004137,K10+,Episode end,2025-06-23,35
M0005947,E004138,K10+,Episode start,2025-05-01,42
M0005948,E004139,K10+,Episode end,2025-06-28,29
M0005949,E004140,K10+,Episode start,2025-05-02,30
M0005950,E004140,K10+,Episode end,2025-06-21,16
M0005951,E004141,K10+,Episode start,2025-05-03,42
M0005952,E004141,K10+,Episode end,2025-06-11,26
M0005953,E004142,K10+,Episode start,2025-05-22,31
M0005954,E004142,K10+,Episode end,2025-06-29,20
M0005955,E004143,K10+,Episode start,2025-05-11,40
M0005956,E004143,K10+,Episode end,2025-06-06,35
M0005957,E004144,K10+,Episode start,2025-05-04,35
M0005958,E004144,K10+,Episode end,2025-07-04,29
M0005959,E004145,K10+,Episode start,2025-05-05,27
M0005960,E004145,K10+,Episode end,2025-07-02,23
M0005961,E004147,K10+,Episode start,2025-05-19,40
M0005962,E004147,K10+,Episode end,2025-06-20,35
M0005963,E004148,K10+,Episode end,2025-06-12,31
M0005964,E004149,K10+,Episode start,2025-05-14,36
M0005965,E004149,K10+,Episode end,2025-07-27,33
M0005966,E004150,K10+,Episode start,2025-05-20,27
M0005967,E004150,K10+,Episode end,2025-08-05,27
M0005968,E004151,K10+,Episode start,2025-05-11,17
M0005969,E004152,SDQ,Episode start,2025-05-03,12
M0005970,E004152,SDQ,Episode end,2025-06-11,13
M0005971,E004153,K10+,Episode start,2025-05-03,30
M0005972,E004153,K10+,Episode end,2025-06-10,28
M0005973,E004154,K10+,Episode start,2025-05-07,30
M0005974,E004154,K10+,Episode end,2025-06-28,25
M0005975,E004155,K10+,Episode start,2025-05-22,46
M0005976,E004155,K10+,Episode end,2025-06-29,46
M0005977,E004156,K10+,Episode start,2025-05-01,25
M0005978,E004156,K10+,Episode end,2025-05-20,24
M0005979,E004157,K10+,Episode start,2025-05-10,33
M0005980,E004158,K10+,Episode start,2025-05-07,31
M0005981,E004158,K10+,Episode end,2025-06-11,29
M0005982,E004159,K10+,Episode start,2025-06-18,31
M0005983,E004159,K10+,Episode end,2025-07-22,33
M0005984,E004160,K10+,Episode start,2025-06-06,35
M0005985,E004160,K10+,Episode end,2025-06-28,37
M0005986,E004162,K10+,Episode start,2025-05-12,17
M0005987,E004163,K10+,Episode start,2025-05-13,28
M0005988,E004163,K10+,Episode end,2025-06-25,21
M0005989,E004164,K10+,Episode start,2025-05-23,32
M0005990,E004164,K10+,Episode end,2025-07-06,18
M0005991,E004165,K10+,Episode start,2025-05-23,19
M0005992,E004165,K10+,Episode end,2025-07-04,16
M0005993,E004166,K10+,Episode start,2025-05-10,28
M0005994,E004166,K10+,Episode end,2025-07-04,11
M0005995,E004167,K10+,Episode start,2025-05-21,40
M0005996,E004167,K10+,Episode end,2025-08-11,38
M0005997,E004168,K10+,Episode start,2025-05-11,31
M0005998,E004168,K10+,Episode end,2025-07-04,25
M0005999,E004169,K10+,Episode start,2025-05-06,26
M0006000,E004169,K10+,Episode end,2025-07-01,25
M0006001,E004170,K10+,Episode start,2025-05-11,35
M0006002,E004170,K10+,Episode end,2025-07-10,35
M0006003,E004171,K10+,Episode start,2025-05-09,35
M0006004,E004171,K10+,Episode end,2025-07-04,36
M0006005,E004172,K10+,Episode start,2025-05-12,29
M0006006,E004172,K10+,Episode end,2025-06-04,24
M0006007,E004173,K10+,Episode start,2025-05-10,24
M0006008,E004173,K10+,Episode end,2025-05-30,15
M0006009,E004174,K10+,Episode start,2025-05-09,31
M0006010,E004177,K10+,Episode start,2025-05-15,29
M0006011,E004177,K10+,Episode end,2025-06-12,21
M0006012,E004178,K10+,Episode start,2025-05-11,21
M0006013,E004178,K10+,Episode end,2025-06-17,28
M0006014,E004179,K10+,Episode start,2025-05-07,37
M0006015,E004179,K10+,Episode end,2025-06-09,31
M0006016,E004180,K10+,Episode start,2025-05-11,18
M0006017,E004180,K10+,Episode end,2025-07-13,18
M0006018,E004181,K10+,Episode start,2025-05-17,25
M0006019,E004181,K10+,Episode end,2025-07-06,24
M0006020,E004182,K10+,Episode end,2025-07-27,33
M0006021,E004183,K10+,Episode start,2025-05-10,25
M0006022,E004183,K10+,Episode end,2025-07-24,26
M0006023,E004184,K10+,Episode start,2025-05-25,27
M0006024,E004184,K10+,Episode end,2025-07-15,18
M0006025,E004185,K10+,Episode start,2025-06-04,42
M0006026,E004186,K10+,Episode start,2025-05-17,30
M0006027,E004186,K10+,Episode end,2025-06-11,27
M0006028,E004187,K10+,Episode start,2025-05-10,40
M0006029,E004187,K10+,Episode end,2025-05-29,34
M0006030,E004188,K10+,Episode start,2025-05-22,39
M0006031,E004188,K10+,Episode end,2025-07-07,32
M0006032,E004189,K10+,Episode start,2025-05-14,21
M0006033,E004191,K10+,Episode start,2025-05-13,20
M0006034,E004191,K10+,Episode end,2025-07-17,10
M0006035,E004192,K10+,Episode start,2025-05-26,45
M0006036,E004192,K10+,Episode end,2025-07-03,46
M0006037,E004193,K10+,Episode start,2025-05-12,36
M0006038,E004193,K10+,Episode end,2025-07-07,37
M0006039,E004194,K10+,Episode start,2025-05-12,34
M0006040,E004194,K10+,Episode end,2025-06-13,33
M0006041,E004195,K10+,Episode start,2025-05-26,26
M0006042,E004195,K10+,Episode end,2025-06-10,26
M0006043,E004196,K10+,Episode start,2025-05-15,42
M0006044,E004197,K10+,Episode start,2025-05-16,29
M0006045,E004197,K10+,Episode end,2025-06-10,19
M0006046,E004198,K10+,Episode start,2025-05-09,39
M0006047,E004198,K10+,Episode end,2025-05-23,25
M0006048,E004199,K10+,Episode start,2025-05-13,37
M0006049,E004201,K10+,Episode end,2025-08-20,28
M0006050,E004202,K10+,Episode end,2025-07-10,15
M0006051,E004204,K10+,Episode start,2025-05-20,27
M0006052,E004204,K10+,Episode end,2025-07-28,28
M0006053,E004206,K10+,Episode start,2025-05-12,23
M0006054,E004206,K10+,Episode end,2025-06-20,15
M0006055,E004207,K10+,Episode end,2025-08-21,26
M0006056,E004208,K10+,Episode start,2025-06-06,24
M0006057,E004209,K10+,Episode start,2025-05-20,35
M0006058,E004209,K10+,Episode end,2025-06-17,36
M0006059,E004210,K10+,Episode start,2025-05-18,34
M0006060,E004210,K10+,Episode end,2025-07-15,23
M0006061,E004211,SDQ,Episode start,2025-05-19,13
M0006062,E004211,SDQ,Episode end,2025-08-24,9
M0006063,E004212,K10+,Episode start,2025-05-31,34
M0006064,E004212,K10+,Episode end,2025-08-07,22
M0006065,E004213,K10+,Episode start,2025-05-28,28
M0006066,E004213,K10+,Episode end,2025-08-15,24
M0006067,E004214,K10+,Episode start,2025-05-16,32
M0006068,E004214,K10+,Episode end,2025-06-12,24
M0006069,E004215,K10+,Episode start,2025-05-28,32
M0006070,E004215,K10+,Episode end,2025-07-14,19
M0006071,E004216,K10+,Episode start,2025-05-20,42
M0006072,E004216,K10+,Episode end,2025-08-11,35
M0006073,E004217,K10+,Episode start,2025-05-27,20
M0006074,E004217,K10+,Episode end,2025-07-20,12
M0006075,E004218,K10+,Episode start,2025-06-07,28
M0006076,E004218,K10+,Episode end,2025-07-28,18
M0006077,E004219,K10+,Episode start,2025-05-22,34
M0006078,E004220,K10+,Episode start,2025-05-18,29
M0006079,E004220,K10+,Episode end,2025-07-27,18
M0006080,E004221,K10+,Episode start,2025-05-19,17
M0006081,E004221,K10+,Episode end,2025-09-07,20
M0006082,E004222,K10+,Episode start,2025-05-28,26
M0006083,E004222,K10+,Episode end,2025-07-20,22
M0006084,E004223,K10+,Episode start,2025-05-20,32
M0006085,E004223,K10+,Episode end,2025-07-16,30
M0006086,E004224,K10+,Episode start,2025-05-23,32
M0006087,E004224,K10+,Episode end,2025-05-30,26
M0006088,E004225,K10+,Episode start,2025-06-04,32
M0006089,E004225,K10+,Episode end,2025-06-28,26
M0006090,E004226,K10+,Episode start,2025-05-24,36
M0006091,E004227,K10+,Episode start,2025-05-26,38
M0006092,E004227,K10+,Episode end,2025-08-13,20
M0006093,E004228,K10+,Episode start,2025-05-24,26
M0006094,E004228,K10+,Episode end,2025-06-12,10
M0006095,E004229,K10+,Episode end,2025-07-10,22
M0006096,E004230,K10+,Episode start,2025-05-25,39
M0006097,E004230,K10+,Episode end,2025-06-24,29
M0006098,E004231,SDQ,Episode start,2025-05-28,15
M0006099,E004231,SDQ,Episode end,2025-06-13,13
M0006100,E004232,K10+,Episode start,2025-06-06,25
M0006101,E004233,K10+,Episode start,2025-05-29,20
M0006102,E004233,K10+,Episode end,2025-07-17,10
M0006103,E004234,K10+,Episode start,2025-05-30,31
M0006104,E004234,K10+,Episode end,2025-08-07,17
M0006105,E004235,K10+,Episode start,2025-05-23,35
M0006106,E004235,K10+,Episode end,2025-07-21,37
M0006107,E004236,K10+,Episode start,2025-05-26,27
M0006108,E004236,K10+,Episode end,2025-06-08,24
M0006109,E004237,K10+,Episode start,2025-06-03,29
M0006110,E004237,K10+,Episode end,2025-08-27,20
M0006111,E004239,K10+,Episode start,2025-06-02,28
M0006112,E004239,K10+,Episode end,2025-07-25,15
M0006113,E004240,K10+,Episode start,2025-05-28,37
M0006114,E004240,K10+,Episode end,2025-07-21,29
M0006115,E004241,K10+,Episode start,2025-05-27,41
M0006116,E004241,K10+,Episode end,2025-06-12,35
M0006117,E004242,K10+,Episode start,2025-05-27,41
M0006118,E004243,K10+,Episode start,2025-05-26,45
M0006119,E004244,K10+,Episode start,2025-05-25,30
M0006120,E004244,K10+,Episode end,2025-07-16,25
M0006121,E004245,K10+,Episode start,2025-06-02,30
M0006122,E004245,K10+,Episode end,2025-09-27,25
M0006123,E004246,K10+,Episode start,2025-05-27,31
M0006124,E004246,K10+,Episode end,2025-06-22,28
M0006125,E004247,K10+,Episode start,2025-05-26,29
M0006126,E004247,K10+,Episode end,2025-06-16,23
M0006127,E004248,K10+,Episode start,2025-05-28,34
M0006128,E004248,K10+,Episode end,2025-07-02,35
M0006129,E004249,SDQ,Episode start,2025-05-31,20
M0006130,E004249,SDQ,Episode end,2025-07-12,14
M0006131,E004251,K10+,Episode start,2025-06-03,36
M0006132,E004251,K10+,Episode end,2025-07-15,28
M0006133,E004252,K10+,Episode start,2025-06-19,36
M0006134,E004252,K10+,Episode end,2025-07-10,32
M0006135,E004253,K10+,Episode start,2025-05-30,29
M0006136,E004253,K10+,Episode end,2025-06-14,17
M0006137,E004254,K10+,Episode start,2025-06-06,18
M0006138,E004254,K10+,Episode end,2025-08-11,10
M0006139,E004255,K10+,Episode start,2025-06-26,33
M0006140,E004255,K10+,Episode end,2025-08-21,24
M0006141,E004256,K10+,Episode start,2025-06-01,36
M0006142,E004257,K10+,Episode start,2025-06-18,42
M0006143,E004258,K10+,Episode start,2025-06-10,30
M0006144,E004258,K10+,Episode end,2025-08-16,27
M0006145,E004259,K10+,Episode end,2025-07-01,38
M0006146,E004260,K10+,Episode start,2025-06-02,33
M0006147,E004260,K10+,Episode end,2025-06-14,27
M0006148,E004261,K10+,Episode start,2025-06-20,35
M0006149,E004261,K10+,Episode end,2025-07-21,28
M0006150,E004262,K10+,Episode start,2025-05-29,24
M0006151,E004263,K10+,Episode end,2025-07-10,10
M0006152,E004264,K10+,Episode start,2025-05-30,27
M0006153,E004264,K10+,Episode end,2025-07-16,12
M0006154,E004265,K10+,Episode start,2025-06-01,19
M0006155,E004266,K10+,Episode start,2025-06-01,31
M0006156,E004266,K10+,Episode end,2025-07-05,16
M0006157,E004267,K10+,Episode start,2025-06-17,35
M0006158,E004267,K10+,Episode end,2025-09-06,14
M0006159,E004268,K10+,Episode end,2025-07-14,24
M0006160,E004269,K10+,Episode start,2025-05-31,34
M0006161,E004269,K10+,Episode end,2025-07-12,22
M0006162,E004270,K10+,Episode end,2025-08-13,17
M0006163,E004271,K10+,Episode start,2025-06-11,25
M0006164,E004273,K10+,Episode start,2025-06-08,40
M0006165,E004273,K10+,Episode end,2025-08-08,33
M0006166,E004274,K10+,Episode start,2025-06-04,33
M0006167,E004274,K10+,Episode end,2025-07-07,35
M0006168,E004275,K10+,Episode start,2025-06-13,27
M0006169,E004275,K10+,Episode end,2025-08-03,27
M0006170,E004276,K10+,Episode start,2025-06-12,18
M0006171,E004276,K10+,Episode end,2025-08-13,11
M0006172,E004277,K10+,Episode start,2025-06-01,30
M0006173,E004277,K10+,Episode end,2025-07-12,22
M0006174,E004278,K10+,Episode start,2025-06-03,41
M0006175,E004278,K10+,Episode end,2025-07-29,37
M0006176,E004279,K10+,Episode start,2025-06-08,29
M0006177,E004279,K10+,Episode end,2025-09-14,10
M0006178,E004281,K10+,Episode start,2025-06-24,32
M0006179,E004281,K10+,Episode end,2025-08-07,31
M0006180,E004282,K10+,Episode start,2025-06-25,38
M0006181,E004282,K10+,Episode end,2025-07-29,38
M0006182,E004283,K10+,Episode start,2025-06-05,38
M0006183,E004283,K10+,Episode end,2025-06-25,30
M0006184,E004284,K10+,Episode start,2025-06-19,42
M0006185,E004284,K10+,Episode end,2025-07-20,35
M0006186,E004285,K10+,Episode start,2025-06-17,20
M0006187,E004285,K10+,Episode end,2025-08-02,17
M0006188,E004286,K10+,Episode start,2025-06-25,31
M0006189,E004286,K10+,Episode end,2025-08-05,14
M0006190,E004287,K10+,Episode start,2025-06-10,27
M0006191,E004287,K10+,Episode end,2025-09-11,15
M0006192,E004288,K10+,Episode start,2025-06-19,21
M0006193,E004289,K10+,Episode start,2025-06-09,29
M0006194,E004289,K10+,Episode end,2025-07-10,30
M0006195,E004290,K10+,Episode start,2025-06-05,33
M0006196,E004290,K10+,Episode end,2025-09-01,18
M0006197,E004291,K10+,Episode start,2025-06-11,31
M0006198,E004291,K10+,Episode end,2025-08-15,22
M0006199,E004292,K10+,Episode start,2025-06-13,39
M0006200,E004292,K10+,Episode end,2025-08-02,30
M0006201,E004293,K10+,Episode start,2025-06-19,30
M0006202,E004293,K10+,Episode end,2025-08-25,32
M0006203,E004294,K10+,Episode start,2025-06-17,35
M0006204,E004294,K10+,Episode end,2025-08-20,25
M0006205,E004295,K10+,Episode end,2025-08-03,25
M0006206,E004296,K10+,Episode start,2025-06-09,32
M0006207,E004297,K10+,Episode start,2025-07-05,40
M0006208,E004297,K10+,Episode end,2025-09-05,34
M0006209,E004298,K10+,Episode start,2025-06-15,27
M0006210,E004298,K10+,Episode end,2025-08-13,12
M0006211,E004299,K10+,Episode start,2025-06-11,31
M0006212,E004299,K10+,Episode end,2025-07-09,18
M0006213,E004300,K10+,Episode start,2025-08-11,24
M0006214,E004300,K10+,Episode end,2025-08-16,25
M0006215,E004301,K10+,Episode start,2025-06-21,42
M0006216,E004302,K10+,Episode start,2025-06-19,30
M0006217,E004302,K10+,Episode end,2025-07-05,21
M0006218,E004303,K10+,Episode start,2025-06-30,25
M0006219,E004303,K10+,Episode end,2025-08-20,34
M0006220,E004304,K10+,Episode start,2025-06-13,24
M0006221,E004304,K10+,Episode end,2025-07-17,20
M0006222,E004305,K10+,Episode start,2025-06-11,18
M0006223,E004305,K10+,Episode end,2025-09-23,10
M0006224,E004306,K10+,Episode start,2025-06-16,36
M0006225,E004306,K10+,Episode end,2025-07-18,42
M0006226,E004307,K10+,Episode start,2025-06-14,32
M0006227,E004307,K10+,Episode end,2025-07-19,26
M0006228,E004308,K10+,Episode start,2025-06-29,37
M0006229,E004309,K10+,Episode start,2025-06-17,32
M0006230,E004309,K10+,Episode end,2025-07-28,27
M0006231,E004310,K10+,Episode start,2025-07-04,43
M0006232,E004310,K10+,Episode end,2025-08-16,36
M0006233,E004311,K10+,Episode start,2025-06-26,22
M0006234,E004311,K10+,Episode end,2025-07-26,23
M0006235,E004312,K10+,Episode start,2025-06-14,41
M0006236,E004312,K10+,Episode end,2025-06-22,22
M0006237,E004313,K10+,Episode start,2025-06-14,37
M0006238,E004313,K10+,Episode end,2025-07-26,30
M0006239,E004314,K10+,Episode start,2025-06-14,15
M0006240,E004315,K10+,Episode start,2025-06-20,36
M0006241,E004315,K10+,Episode end,2025-07-11,30
M0006242,E004316,K10+,Episode start,2025-06-23,21
M0006243,E004316,K10+,Episode end,2025-07-09,19
M0006244,E004317,K10+,Episode start,2025-06-28,28
M0006245,E004318,K10+,Episode end,2025-08-28,24
M0006246,E004319,K10+,Episode start,2025-06-19,26
M0006247,E004319,K10+,Episode end,2025-07-23,10
M0006248,E004320,SDQ,Episode start,2025-06-15,27
M0006249,E004320,SDQ,Episode end,2025-09-02,24
M0006250,E004321,K10+,Episode start,2025-06-21,36
M0006251,E004322,K10+,Episode start,2025-06-28,26
M0006252,E004322,K10+,Episode end,2025-08-02,24
M0006253,E004323,K10+,Episode start,2025-06-16,35
M0006254,E004323,K10+,Episode end,2025-08-11,33
M0006255,E004325,K10+,Episode start,2025-06-18,29
M0006256,E004325,K10+,Episode end,2025-07-21,10
M0006257,E004327,K10+,Episode start,2025-06-23,35
M0006258,E004328,K10+,Episode start,2025-06-22,32
M0006259,E004328,K10+,Episode end,2025-08-13,33
M0006260,E004329,K10+,Episode start,2025-07-05,29
M0006261,E004329,K10+,Episode end,2025-08-07,18
M0006262,E004330,K10+,Episode start,2025-06-25,33
M0006263,E004330,K10+,Episode end,2025-08-13,28
M0006264,E004331,K10+,Episode start,2025-06-28,42
M0006265,E004331,K10+,Episode end,2025-09-04,38
M0006266,E004332,K10+,Episode start,2025-06-24,32
M0006267,E004332,K10+,Episode end,2025-08-15,27
M0006268,E004333,K10+,Episode start,2025-06-30,32
M0006269,E004333,K10+,Episode end,2025-08-15,28
M0006270,E004335,K10+,Episode start,2025-06-28,29
M0006271,E004335,K10+,Episode end,2025-08-29,20
M0006272,E004336,K10+,Episode start,2025-06-22,25
M0006273,E004336,K10+,Episode end,2025-07-26,18
M0006274,E004337,K10+,Episode start,2025-06-27,26
M0006275,E004337,K10+,Episode end,2025-07-26,22
M0006276,E004338,K10+,Episode start,2025-06-30,41
M0006277,E004338,K10+,Episode end,2025-08-31,41
M0006278,E004339,K10+,Episode start,2025-07-03,38
M0006279,E004339,K10+,Episode end,2025-09-29,28
M0006280,E004340,K10+,Episode start,2025-07-01,24
M0006281,E004340,K10+,Episode end,2025-07-15,15
M0006282,E004341,K10+,Episode start,2025-07-12,28
M0006283,E004343,K10+,Episode start,2025-06-25,36
M0006284,E004343,K10+,Episode end,2025-08-14,34
M0006285,E004345,K10+,Episode end,2025-08-23,24
M0006286,E004346,K10+,Episode start,2025-06-25,38
M0006287,E004346,K10+,Episode end,2025-08-12,23
M0006288,E004347,K10+,Episode start,2025-06-25,29
M0006289,E004347,K10+,Episode end,2025-07-28,20
M0006290,E004348,K10+,Episode start,2025-06-30,30
M0006291,E004348,K10+,Episode end,2025-08-13,23
M0006292,E004349,K10+,Episode start,2025-06-29,41
M0006293,E004349,K10+,Episode end,2025-09-17,28
M0006294,E004350,K10+,Episode start,2025-06-29,37
M0006295,E004351,K10+,Episode start,2025-07-22,44
M0006296,E004351,K10+,Episode end,2025-08-22,35
M0006297,E004352,K10+,Episode start,2025-07-03,28
M0006298,E004352,K10+,Episode end,2025-09-04,23
M0006299,E004353,K10+,Episode start,2025-06-24,39
M0006300,E004353,K10+,Episode end,2025-07-17,27
M0006301,E004354,K10+,Episode start,2025-06-30,25
M0006302,E004354,K10+,Episode end,2025-07-19,24
M0006303,E004356,K10+,Episode start,2025-06-24,32
M0006304,E004356,K10+,Episode end,2025-08-07,22
M0006305,E004358,K10+,Episode start,2025-06-23,28
M0006306,E004358,K10+,Episode end,2025-07-28,20
M0006307,E004359,SDQ,Episode start,2025-06-30,20
M0006308,E004359,SDQ,Episode end,2025-07-25,21
M0006309,E004360,K10+,Episode start,2025-06-25,27
M0006310,E004360,K10+,Episode end,2025-08-01,24
M0006311,E004361,K10+,Episode start,2025-07-01,29
M0006312,E004361,K10+,Episode end,2025-08-21,29
M0006313,E004362,K10+,Episode start,2025-06-27,27
M0006314,E004364,K10+,Episode start,2025-06-28,40
M0006315,E004364,K10+,Episode end,2025-08-25,31
M0006316,E004366,K10+,Episode start,2025-06-27,28
M0006317,E004366,K10+,Episode end,2025-08-24,14
M0006318,E004367,K10+,Episode start,2025-07-12,26
M0006319,E004368,K10+,Episode start,2025-07-07,38
M0006320,E004369,K10+,Episode start,2025-07-06,23
M0006321,E004369,K10+,Episode end,2025-08-13,15
M0006322,E004370,K10+,Episode start,2025-07-05,34
M0006323,E004371,K10+,Episode start,2025-07-03,33
M0006324,E004371,K10+,Episode end,2025-09-10,27
M0006325,E004372,K10+,Episode start,2025-07-01,32
M0006326,E004373,K10+,Episode start,2025-07-07,28
M0006327,E004373,K10+,Episode end,2025-08-31,29
M0006328,E004375,K10+,Episode start,2025-07-01,32
M0006329,E004375,K10+,Episode end,2025-07-22,22
M0006330,E004376,K10+,Episode end,2025-07-25,22
M0006331,E004377,K10+,Episode start,2025-07-06,30
M0006332,E004377,K10+,Episode end,2025-11-09,27
M0006333,E004378,K10+,Episode start,2025-07-02,30
M0006334,E004378,K10+,Episode end,2025-08-02,31
M0006335,E004379,K10+,Episode start,2025-07-08,31
M0006336,E004379,K10+,Episode end,2025-08-27,32
M0006337,E004380,K10+,Episode start,2025-06-30,32
M0006338,E004380,K10+,Episode end,2025-07-31,21
M0006339,E004381,K10+,Episode start,2025-07-08,34
M0006340,E004381,K10+,Episode end,2025-09-20,28
M0006341,E004382,K10+,Episode start,2025-07-12,25
M0006342,E004383,K10+,Episode start,2025-07-13,34
M0006343,E004383,K10+,Episode end,2025-08-25,29
M0006344,E004384,K10+,Episode start,2025-07-11,25
M0006345,E004384,K10+,Episode end,2025-08-29,22
M0006346,E004385,K10+,Episode start,2025-07-12,36
M0006347,E004385,K10+,Episode end,2025-08-20,34
M0006348,E004386,K10+,Episode start,2025-07-05,31
M0006349,E004386,K10+,Episode end,2025-07-30,21
M0006350,E004387,K10+,Episode start,2025-07-06,40
M0006351,E004387,K10+,Episode end,2025-08-18,28
M0006352,E004388,K10+,Episode start,2025-07-16,25
M0006353,E004388,K10+,Episode end,2025-09-05,20
M0006354,E004389,K10+,Episode start,2025-07-07,36
M0006355,E004390,K10+,Episode start,2025-07-14,31
M0006356,E004390,K10+,Episode end,2025-10-11,18
M0006357,E004391,K10+,Episode start,2025-07-06,30
M0006358,E004391,K10+,Episode end,2025-08-09,19
M0006359,E004392,K10+,Episode start,2025-07-17,29
M0006360,E004392,K10+,Episode end,2025-08-04,17
M0006361,E004393,K10+,Episode start,2025-07-08,33
M0006362,E004393,K10+,Episode end,2025-08-12,29
M0006363,E004394,K10+,Episode start,2025-07-10,32
M0006364,E004394,K10+,Episode end,2025-08-27,30
M0006365,E004395,K10+,Episode start,2025-07-08,30
M0006366,E004395,K10+,Episode end,2025-08-21,21
M0006367,E004396,K10+,Episode start,2025-07-10,42
M0006368,E004396,K10+,Episode end,2025-08-18,31
M0006369,E004397,K10+,Episode start,2025-07-09,38
M0006370,E004398,K10+,Episode start,2025-07-15,42
M0006371,E004399,K10+,Episode start,2025-07-07,43
M0006372,E004399,K10+,Episode end,2025-10-03,41
M0006373,E004400,K10+,Episode start,2025-07-09,41
M0006374,E004401,K10+,Episode start,2025-07-07,32
M0006375,E004402,K10+,Episode start,2025-07-08,23
M0006376,E004403,K10+,Episode start,2025-07-18,31
M0006377,E004404,K10+,Episode start,2025-07-15,31
M0006378,E004404,K10+,Episode end,2025-08-31,29
M0006379,E004405,K10+,Episode start,2025-07-09,28
M0006380,E004406,K10+,Episode start,2025-07-15,41
M0006381,E004406,K10+,Episode end,2025-07-28,32
M0006382,E004407,K10+,Episode start,2025-07-18,29
M0006383,E004407,K10+,Episode end,2025-10-08,32
M0006384,E004409,K10+,Episode start,2025-07-22,31
M0006385,E004409,K10+,Episode end,2025-08-21,19
M0006386,E004410,K10+,Episode start,2025-07-17,33
M0006387,E004410,K10+,Episode end,2025-10-03,31
M0006388,E004411,K10+,Episode start,2025-07-10,25
M0006389,E004411,K10+,Episode end,2025-08-05,29
M0006390,E004412,K10+,Episode start,2025-07-18,28
M0006391,E004413,K10+,Episode start,2025-07-09,35
M0006392,E004413,K10+,Episode end,2025-07-30,24
M0006393,E004414,K10+,Episode start,2025-07-17,36
M0006394,E004414,K10+,Episode end,2025-10-10,28
M0006395,E004415,K10+,Episode start,2025-07-25,22
M0006396,E004415,K10+,Episode end,2025-08-27,18
M0006397,E004416,K10+,Episode start,2025-07-22,29
M0006398,E004416,K10+,Episode end,2025-10-24,18
M0006399,E004417,K10+,Episode start,2025-07-15,38
M0006400,E004417,K10+,Episode end,2025-09-13,21
M0006401,E004418,K10+,Episode start,2025-07-24,37
M0006402,E004418,K10+,Episode end,2025-10-12,22
M0006403,E004419,K10+,Episode start,2025-07-15,34
M0006404,E004419,K10+,Episode end,2025-08-06,33
M0006405,E004420,K10+,Episode start,2025-07-25,30
M0006406,E004420,K10+,Episode end,2025-09-24,16
M0006407,E004421,K10+,Episode start,2025-07-24,29
M0006408,E004421,K10+,Episode end,2025-09-25,18
M0006409,E004422,K10+,Episode start,2025-07-24,27
M0006410,E004423,K10+,Episode start,2025-07-24,36
M0006411,E004424,K10+,Episode start,2025-08-01,32
M0006412,E004424,K10+,Episode end,2025-10-07,31
M0006413,E004425,K10+,Episode start,2025-08-16,34
M0006414,E004425,K10+,Episode end,2025-09-07,27
M0006415,E004426,K10+,Episode start,2025-07-22,34
M0006416,E004427,K10+,Episode start,2025-07-15,32
M0006417,E004427,K10+,Episode end,2025-08-17,30
M0006418,E004428,K10+,Episode start,2025-07-19,30
M0006419,E004429,K10+,Episode start,2025-08-05,22
M0006420,E004430,K10+,Episode start,2025-07-22,29
M0006421,E004430,K10+,Episode end,2025-10-01,30
M0006422,E004431,K10+,Episode start,2025-07-29,33
M0006423,E004431,K10+,Episode end,2025-08-31,32
M0006424,E004432,K10+,Episode start,2025-08-23,34
M0006425,E004432,K10+,Episode end,2025-09-14,25
M0006426,E004433,K10+,Episode start,2025-07-19,21
M0006427,E004433,K10+,Episode end,2025-08-17,12
M0006428,E004434,K10+,Episode start,2025-07-30,29
M0006429,E004435,K10+,Episode start,2025-08-12,29
M0006430,E004435,K10+,Episode end,2025-10-16,33
M0006431,E004436,K10+,Episode start,2025-07-25,32
M0006432,E004436,K10+,Episode end,2025-09-20,26
M0006433,E004437,K10+,Episode start,2025-08-09,27
M0006434,E004437,K10+,Episode end,2025-10-28,26
M0006435,E004439,K10+,Episode start,2025-07-25,29
M0006436,E004439,K10+,Episode end,2025-09-04,24
M0006437,E004440,K10+,Episode start,2025-07-23,22
M0006438,E004440,K10+,Episode end,2025-08-24,19
M0006439,E004441,K10+,Episode start,2025-07-21,17
M0006440,E004441,K10+,Episode end,2025-10-13,19
M0006441,E004442,K10+,Episode start,2025-08-08,33
M0006442,E004442,K10+,Episode end,2025-10-18,33
M0006443,E004443,K10+,Episode start,2025-07-31,28
M0006444,E004444,K10+,Episode start,2025-07-29,33
M0006445,E004445,K10+,Episode start,2025-07-26,23
M0006446,E004445,K10+,Episode end,2025-08-17,23
M0006447,E004446,K10+,Episode start,2025-08-17,44
M0006448,E004446,K10+,Episode end,2025-10-19,32
M0006449,E004447,K10+,Episode start,2025-07-28,32
M0006450,E004447,K10+,Episode end,2025-08-27,28
M0006451,E004448,K10+,Episode start,2025-08-03,29
M0006452,E004448,K10+,Episode end,2025-08-26,30
M0006453,E004449,K10+,Episode start,2025-08-21,30
M0006454,E004449,K10+,Episode end,2025-10-04,22
M0006455,E004450,K10+,Episode start,2025-08-04,35
M0006456,E004450,K10+,Episode end,2025-08-25,36
M0006457,E004451,K10+,Episode start,2025-07-27,37
M0006458,E004451,K10+,Episode end,2025-09-10,33
M0006459,E004452,K10+,Episode start,2025-07-25,40
M0006460,E004452,K10+,Episode end,2025-08-13,44
M0006461,E004454,K10+,Episode start,2025-07-28,27
M0006462,E004454,K10+,Episode end,2025-08-05,18
M0006463,E004455,K10+,Episode start,2025-08-10,22
M0006464,E004455,K10+,Episode end,2025-10-08,17
M0006465,E004456,K10+,Episode start,2025-08-08,34
M0006466,E004456,K10+,Episode end,2025-08-27,39
M0006467,E004457,K10+,Episode start,2025-07-31,28
M0006468,E004457,K10+,Episode end,2025-08-22,14
M0006469,E004458,K10+,Episode start,2025-07-30,32
M0006470,E004458,K10+,Episode end,2025-09-05,22
M0006471,E004459,K10+,Episode start,2025-09-20,31
M0006472,E004459,K10+,Episode end,2025-11-29,30
M0006473,E004460,K10+,Episode start,2025-07-30,25
M0006474,E004460,K10+,Episode end,2025-09-09,19
M0006475,E004461,K10+,Episode start,2025-08-16,27
M0006476,E004462,K10+,Episode start,2025-08-05,31
M0006477,E004462,K10+,Episode end,2025-10-30,16
M0006478,E004463,K10+,Episode start,2025-08-19,39
M0006479,E004463,K10+,Episode end,2025-10-05,38
M0006480,E004464,K10+,Episode end,2025-09-17,27
M0006481,E004465,K10+,Episode start,2025-08-04,30
M0006482,E004465,K10+,Episode end,2025-09-27,29
M0006483,E004466,K10+,Episode start,2025-08-02,26
M0006484,E004466,K10+,Episode end,2025-08-28,10
M0006485,E004467,K10+,Episode start,2025-08-01,26
M0006486,E004467,K10+,Episode end,2025-08-19,17
M0006487,E004468,K10+,Episode start,2025-08-03,28
M0006488,E004468,K10+,Episode end,2025-12-22,24
M0006489,E004469,K10+,Episode start,2025-08-01,30
M0006490,E004469,K10+,Episode end,2025-10-12,20
M0006491,E004470,K10+,Episode start,2025-08-28,29
M0006492,E004471,K10+,Episode start,2025-08-09,40
M0006493,E004471,K10+,Episode end,2025-08-29,33
M0006494,E004472,K10+,Episode start,2025-08-08,16
M0006495,E004472,K10+,Episode end,2025-09-12,10
M0006496,E004473,K10+,Episode start,2025-08-08,31
M0006497,E004473,K10+,Episode end,2025-08-23,25
M0006498,E004474,K10+,Episode start,2025-08-09,39
M0006499,E004474,K10+,Episode end,2025-10-21,32
M0006500,E004475,K10+,Episode start,2025-08-31,22
M0006501,E004475,K10+,Episode end,2025-11-08,27
M0006502,E004476,SDQ,Episode start,2025-08-08,15
M0006503,E004478,K10+,Episode start,2025-08-10,26
M0006504,E004478,K10+,Episode end,2025-09-10,17
M0006505,E004479,K10+,Episode start,2025-08-27,33
M0006506,E004479,K10+,Episode end,2025-09-22,24
M0006507,E004480,K10+,Episode start,2025-08-05,35
M0006508,E004480,K10+,Episode end,2025-11-13,36
M0006509,E004481,K10+,Episode start,2025-08-06,29
M0006510,E004482,K10+,Episode start,2025-08-07,22
M0006511,E004483,K10+,Episode start,2025-08-21,33
M0006512,E004483,K10+,Episode end,2025-10-13,33
M0006513,E004484,K10+,Episode start,2025-08-06,35
M0006514,E004484,K10+,Episode end,2025-10-31,31
M0006515,E004485,K10+,Episode start,2025-08-06,31
M0006516,E004485,K10+,Episode end,2025-09-22,18
M0006517,E004487,K10+,Episode start,2025-08-16,28
M0006518,E004487,K10+,Episode end,2025-09-08,34
M0006519,E004488,K10+,Episode start,2025-08-14,37
M0006520,E004488,K10+,Episode end,2025-11-09,44
M0006521,E004489,SDQ,Episode start,2025-08-12,14
M0006522,E004489,SDQ,Episode end,2025-10-14,8
M0006523,E004490,K10+,Episode start,2025-08-21,27
M0006524,E004490,K10+,Episode end,2025-09-04,17
M0006525,E004491,K10+,Episode start,2025-08-23,30
M0006526,E004491,K10+,Episode end,2025-09-15,32
M0006527,E004492,K10+,Episode start,2025-08-08,38
M0006528,E004493,K10+,Episode start,2025-08-15,34
M0006529,E004493,K10+,Episode end,2025-10-02,30
M0006530,E004494,K10+,Episode start,2025-08-23,36
M0006531,E004494,K10+,Episode end,2025-10-23,30
M0006532,E004495,K10+,Episode start,2025-08-18,35
M0006533,E004496,K10+,Episode start,2025-08-13,39
M0006534,E004496,K10+,Episode end,2025-10-09,35
M0006535,E004499,K10+,Episode start,2025-08-24,26
M0006536,E004499,K10+,Episode end,2025-10-07,27
M0006537,E004500,K10+,Episode start,2025-08-10,45
M0006538,E004501,K10+,Episode end,2025-09-08,31
M0006539,E004502,K10+,Episode end,2025-11-06,20
M0006540,E004503,K10+,Episode start,2025-08-16,20
M0006541,E004503,K10+,Episode end,2025-08-31,10
M0006542,E004504,K10+,Episode start,2025-08-08,38
M0006543,E004504,K10+,Episode end,2025-09-24,31
M0006544,E004505,K10+,Episode start,2025-08-11,38
M0006545,E004505,K10+,Episode end,2025-09-11,25
M0006546,E004506,K10+,Episode start,2025-08-10,31
M0006547,E004506,K10+,Episode end,2025-09-22,28
M0006548,E004507,K10+,Episode start,2025-08-19,33
M0006549,E004507,K10+,Episode end,2025-09-13,33
M0006550,E004508,K10+,Episode end,2025-09-04,34
M0006551,E004509,K10+,Episode start,2025-08-13,27
M0006552,E004509,K10+,Episode end,2025-10-08,31
M0006553,E004510,K10+,Episode start,2025-08-10,28
M0006554,E004510,K10+,Episode end,2025-08-20,24
M0006555,E004511,K10+,Episode start,2025-08-22,31
M0006556,E004511,K10+,Episode end,2025-10-15,12
M0006557,E004512,K10+,Episode start,2025-08-18,36
M0006558,E004512,K10+,Episode end,2025-11-26,21
M0006559,E004513,K10+,Episode start,2025-08-11,38
M0006560,E004514,SDQ,Episode start,2025-08-16,23
M0006561,E004514,SDQ,Episode end,2025-09-03,21
M0006562,E004515,K10+,Episode start,2025-08-15,33
M0006563,E004515,K10+,Episode end,2025-09-23,24
M0006564,E004516,K10+,Episode start,2025-08-16,35
M0006565,E004516,K10+,Episode end,2025-09-02,23
M0006566,E004517,K10+,Episode start,2025-08-16,46
M0006567,E004517,K10+,Episode end,2025-08-31,42
M0006568,E004519,K10+,Episode start,2025-08-14,22
M0006569,E004521,K10+,Episode start,2025-08-16,32
M0006570,E004521,K10+,Episode end,2025-10-06,29
M0006571,E004522,K10+,Episode start,2025-08-16,22
M0006572,E004522,K10+,Episode end,2025-10-13,21
M0006573,E004523,K10+,Episode start,2025-08-20,30
M0006574,E004523,K10+,Episode end,2025-09-12,19
M0006575,E004524,K10+,Episode start,2025-08-23,40
M0006576,E004524,K10+,Episode end,2025-11-09,38
M0006577,E004525,K10+,Episode start,2025-08-22,38
M0006578,E004525,K10+,Episode end,2025-09-28,22
M0006579,E004526,K10+,Episode start,2025-08-16,33
M0006580,E004527,K10+,Episode start,2025-08-20,34
M0006581,E004527,K10+,Episode end,2025-09-16,22
M0006582,E004528,K10+,Episode end,2025-09-16,35
M0006583,E004529,K10+,Episode start,2025-08-18,30
M0006584,E004529,K10+,Episode end,2025-09-24,21
M0006585,E004530,K10+,Episode start,2025-08-27,36
M0006586,E004530,K10+,Episode end,2025-09-10,26
M0006587,E004531,K10+,Episode start,2025-09-06,36
M0006588,E004532,K10+,Episode start,2025-08-24,34
M0006589,E004532,K10+,Episode end,2025-10-10,27
M0006590,E004533,K10+,Episode start,2025-08-20,36
M0006591,E004533,K10+,Episode end,2025-10-11,17
M0006592,E004534,K10+,Episode start,2025-08-28,34
M0006593,E004534,K10+,Episode end,2025-09-30,34
M0006594,E004535,K10+,Episode start,2025-08-25,38
M0006595,E004536,K10+,Episode start,2025-08-29,27
M0006596,E004536,K10+,Episode end,2025-09-15,22
M0006597,E004537,K10+,Episode start,2025-08-25,27
M0006598,E004537,K10+,Episode end,2025-09-29,22
M0006599,E004538,K10+,Episode start,2025-08-30,30
M0006600,E004538,K10+,Episode end,2025-09-12,20
M0006601,E004539,K10+,Episode start,2025-09-05,28
M0006602,E004539,K10+,Episode end,2025-10-05,16
M0006603,E004541,K10+,Episode start,2025-09-03,31
M0006604,E004541,K10+,Episode end,2025-10-20,24
M0006605,E004542,K10+,Episode start,2025-08-22,19
M0006606,E004542,K10+,Episode end,2025-09-21,10
M0006607,E004543,K10+,Episode start,2025-08-21,33
M0006608,E004543,K10+,Episode end,2025-11-01,27
M0006609,E004544,K10+,Episode start,2025-08-24,29
M0006610,E004544,K10+,Episode end,2025-09-26,31
M0006611,E004545,K10+,Episode start,2025-08-26,25
M0006612,E004545,K10+,Episode end,2025-10-13,19
M0006613,E004546,K10+,Episode start,2025-08-28,32
M0006614,E004546,K10+,Episode end,2025-10-07,22
M0006615,E004547,K10+,Episode start,2025-09-15,31
M0006616,E004547,K10+,Episode end,2025-10-13,24
M0006617,E004548,K10+,Episode start,2025-09-07,37
M0006618,E004548,K10+,Episode end,2025-10-18,32
M0006619,E004549,K10+,Episode start,2025-08-25,32
M0006620,E004549,K10+,Episode end,2025-10-21,26
M0006621,E004550,K10+,Episode start,2025-08-21,28
M0006622,E004550,K10+,Episode end,2025-10-26,12
M0006623,E004551,K10+,Episode start,2025-08-28,27
M0006624,E004551,K10+,Episode end,2025-10-21,15
M0006625,E004552,K10+,Episode start,2025-08-28,35
M0006626,E004552,K10+,Episode end,2025-10-11,34
M0006627,E004553,K10+,Episode start,2025-10-06,26
M0006628,E004554,SDQ,Episode start,2025-08-31,23
M0006629,E004554,SDQ,Episode end,2025-10-10,19
M0006630,E004555,K10+,Episode end,2025-09-18,21
M0006631,E004556,K10+,Episode start,2025-08-26,32
M0006632,E004556,K10+,Episode end,2025-09-26,32
M0006633,E004557,K10+,Episode start,2025-08-22,24
M0006634,E004557,K10+,Episode end,2025-10-16,17
M0006635,E004558,K10+,Episode start,2025-09-02,31
M0006636,E004558,K10+,Episode end,2025-09-24,13
M0006637,E004559,K10+,Episode start,2025-09-24,33
M0006638,E004559,K10+,Episode end,2025-10-10,40
M0006639,E004560,K10+,Episode start,2025-09-02,29
M0006640,E004560,K10+,Episode end,2025-09-17,29
M0006641,E004561,K10+,Episode start,2025-09-13,31
M0006642,E004561,K10+,Episode end,2025-11-04,12
M0006643,E004562,K10+,Episode start,2025-09-27,28
M0006644,E004563,K10+,Episode start,2025-08-28,30
M0006645,E004563,K10+,Episode end,2025-09-08,35
M0006646,E004564,K10+,Episode start,2025-08-28,37
M0006647,E004564,K10+,Episode end,2025-10-02,33
M0006648,E004565,K10+,Episode start,2025-08-30,20
M0006649,E004565,K10+,Episode end,2025-09-25,10
M0006650,E004566,K10+,Episode start,2025-09-01,36
M0006651,E004566,K10+,Episode end,2025-11-03,37
M0006652,E004567,K10+,Episode start,2025-09-02,31
M0006653,E004568,K10+,Episode start,2025-09-30,43
M0006654,E004569,K10+,Episode start,2025-08-30,29
M0006655,E004569,K10+,Episode end,2025-09-18,22
M0006656,E004571,K10+,Episode start,2025-09-24,23
M0006657,E004571,K10+,Episode end,2025-11-03,14
M0006658,E004572,SDQ,Episode start,2025-08-29,17
M0006659,E004572,SDQ,Episode end,2025-10-19,13
M0006660,E004573,K10+,Episode start,2025-09-04,29
M0006661,E004573,K10+,Episode end,2025-12-31,27
M0006662,E004574,K10+,Episode start,2025-09-02,30
M0006663,E004574,K10+,Episode end,2025-10-19,23
M0006664,E004576,K10+,Episode start,2025-08-28,35
M0006665,E004576,K10+,Episode end,2025-11-04,12
M0006666,E004577,K10+,Episode start,2025-08-28,36
M0006667,E004577,K10+,Episode end,2025-10-07,23
M0006668,E004578,K10+,Episode start,2025-09-03,37
M0006669,E004578,K10+,Episode end,2025-10-19,37
M0006670,E004580,K10+,Episode start,2025-08-26,24
M0006671,E004580,K10+,Episode end,2025-09-28,10
M0006672,E004581,K10+,Episode start,2025-09-05,38
M0006673,E004581,K10+,Episode end,2025-11-05,34
M0006674,E004582,K10+,Episode start,2025-09-08,25
M0006675,E004582,K10+,Episode end,2025-11-22,14
M0006676,E004584,K10+,Episode start,2025-09-06,21
M0006677,E004584,K10+,Episode end,2025-09-30,10
M0006678,E004585,K10+,Episode start,2025-10-08,33
M0006679,E004585,K10+,Episode end,2025-11-28,17
M0006680,E004586,SDQ,Episode start,2025-09-06,15
M0006681,E004586,SDQ,Episode end,2025-11-11,13
M0006682,E004587,K10+,Episode start,2025-09-01,31
M0006683,E004588,K10+,Episode start,2025-09-14,35
M0006684,E004588,K10+,Episode end,2025-12-16,32
M0006685,E004589,K10+,Episode start,2025-09-19,34
M0006686,E004589,K10+,Episode end,2025-10-22,24
M0006687,E004590,K10+,Episode start,2025-09-05,19
M0006688,E004590,K10+,Episode end,2025-10-26,10
M0006689,E004591,K10+,Episode start,2025-09-05,22
M0006690,E004593,K10+,Episode start,2025-09-28,26
M0006691,E004593,K10+,Episode end,2025-11-28,10
M0006692,E004595,K10+,Episode start,2025-09-03,20
M0006693,E004595,K10+,Episode end,2025-10-21,19
M0006694,E004596,K10+,Episode start,2025-09-08,35
M0006695,E004596,K10+,Episode end,2025-10-14,32
M0006696,E004597,K10+,Episode start,2025-08-31,36
M0006697,E004598,K10+,Episode start,2025-09-08,41
M0006698,E004598,K10+,Episode end,2025-10-24,35
M0006699,E004599,K10+,Episode start,2025-09-23,21
M0006700,E004600,K10+,Episode start,2025-09-17,32
M0006701,E004600,K10+,Episode end,2025-11-17,32
M0006702,E004601,K10+,Episode start,2025-09-07,25
M0006703,E004602,K10+,Episode start,2025-09-08,36
M0006704,E004602,K10+,Episode end,2025-09-28,31
M0006705,E004603,SDQ,Episode start,2025-09-11,13
M0006706,E004603,SDQ,Episode end,2025-11-30,9
M0006707,E004604,K10+,Episode end,2025-10-25,38
M0006708,E004605,K10+,Episode start,2025-09-09,26
M0006709,E004605,K10+,Episode end,2025-12-02,24
M0006710,E004606,K10+,Episode start,2025-09-07,32
M0006711,E004606,K10+,Episode end,2025-09-17,28
M0006712,E004608,K10+,Episode start,2025-09-06,20
M0006713,E004608,K10+,Episode end,2025-10-11,24
M0006714,E004609,K10+,Episode start,2025-09-15,28
M0006715,E004609,K10+,Episode end,2025-11-04,27
M0006716,E004610,K10+,Episode start,2025-09-07,33
M0006717,E004610,K10+,Episode end,2025-09-15,21
M0006718,E004612,K10+,Episode start,2025-09-09,33
M0006719,E004612,K10+,Episode end,2025-10-10,32
M0006720,E004614,K10+,Episode start,2025-09-07,36
M0006721,E004614,K10+,Episode end,2025-10-20,37
M0006722,E004615,K10+,Episode start,2025-09-11,39
M0006723,E004615,K10+,Episode end,2025-09-30,37
M0006724,E004616,K10+,Episode start,2025-09-10,34
M0006725,E004616,K10+,Episode end,2025-10-20,30
M0006726,E004617,K10+,Episode start,2025-10-11,34
M0006727,E004618,K10+,Episode start,2025-09-10,25
M0006728,E004618,K10+,Episode end,2025-10-13,11
M0006729,E004619,K10+,Episode start,2025-09-09,35
M0006730,E004619,K10+,Episode end,2025-10-14,23
M0006731,E004620,K10+,Episode start,2025-09-14,19
M0006732,E004620,K10+,Episode end,2025-10-08,10
M0006733,E004622,K10+,Episode start,2025-09-11,31
M0006734,E004622,K10+,Episode end,2025-10-03,21
M0006735,E004623,K10+,Episode start,2025-09-27,34
M0006736,E004624,K10+,Episode start,2025-09-13,14
M0006737,E004624,K10+,Episode end,2025-10-16,10
M0006738,E004625,K10+,Episode start,2025-09-08,31
M0006739,E004626,K10+,Episode start,2025-09-22,34
M0006740,E004627,K10+,Episode start,2025-09-15,31
M0006741,E004628,K10+,Episode start,2025-09-24,48
M0006742,E004629,K10+,Episode start,2025-09-24,27
M0006743,E004629,K10+,Episode end,2025-10-31,13
M0006744,E004630,K10+,Episode start,2025-09-23,42
M0006745,E004631,K10+,Episode start,2025-09-20,20
M0006746,E004631,K10+,Episode end,2025-11-02,12
M0006747,E004632,K10+,Episode start,2025-09-11,25
M0006748,E004634,SDQ,Episode start,2025-09-16,9
M0006749,E004634,SDQ,Episode end,2025-10-13,7
M0006750,E004635,K10+,Episode start,2025-10-15,28
M0006751,E004635,K10+,Episode end,2025-12-06,19
M0006752,E004636,SDQ,Episode start,2025-09-10,26
M0006753,E004636,SDQ,Episode end,2025-10-14,26
M0006754,E004637,K10+,Episode start,2025-09-21,29
M0006755,E004637,K10+,Episode end,2025-10-10,24
M0006756,E004638,K10+,Episode start,2025-09-12,23
M0006757,E004638,K10+,Episode end,2025-11-02,23
M0006758,E004639,K10+,Episode start,2025-09-26,26
M0006759,E004639,K10+,Episode end,2025-11-03,25
M0006760,E004640,K10+,Episode start,2025-09-18,25
M0006761,E004640,K10+,Episode end,2025-10-24,15
M0006762,E004641,K10+,Episode start,2025-09-11,18
M0006763,E004642,K10+,Episode start,2025-09-28,28
M0006764,E004642,K10+,Episode end,2025-11-25,26
M0006765,E004643,K10+,Episode end,2025-11-06,21
M0006766,E004644,K10+,Episode start,2025-09-14,27
M0006767,E004646,K10+,Episode start,2025-09-14,38
M0006768,E004646,K10+,Episode end,2025-10-26,24
M0006769,E004647,K10+,Episode start,2025-09-13,24
M0006770,E004647,K10+,Episode end,2025-10-11,18
M0006771,E004648,K10+,Episode start,2025-09-13,28
M0006772,E004648,K10+,Episode end,2025-10-10,17
M0006773,E004649,K10+,Episode start,2025-09-14,35
M0006774,E004649,K10+,Episode end,2025-10-07,32
M0006775,E004650,SDQ,Episode end,2025-12-03,17
M0006776,E004652,K10+,Episode start,2025-09-29,34
M0006777,E004652,K10+,Episode end,2025-12-15,21
M0006778,E004653,K10+,Episode start,2025-09-13,30
M0006779,E004653,K10+,Episode end,2025-11-04,27
M0006780,E004654,K10+,Episode start,2025-09-14,35
M0006781,E004654,K10+,Episode end,2025-10-01,34
M0006782,E004655,K10+,Episode start,2025-09-18,31
M0006783,E004656,K10+,Episode start,2025-09-18,31
M0006784,E004656,K10+,Episode end,2025-10-30,18
M0006785,E004657,K10+,Episode start,2025-09-24,29
M0006786,E004657,K10+,Episode end,2025-10-31,29
M0006787,E004660,SDQ,Episode end,2025-10-28,25
M0006788,E004661,K10+,Episode start,2025-10-03,29
M0006789,E004661,K10+,Episode end,2025-11-07,32
M0006790,E004662,K10+,Episode start,2025-10-17,27
M0006791,E004662,K10+,Episode end,2026-02-19,19
M0006792,E004664,K10+,Episode start,2025-09-23,28
M0006793,E004664,K10+,Episode end,2025-10-01,17
M0006794,E004665,K10+,Episode start,2025-09-16,27
M0006795,E004666,K10+,Episode start,2025-09-25,37
M0006796,E004666,K10+,Episode end,2025-11-07,34
M0006797,E004667,K10+,Episode start,2025-09-23,37
M0006798,E004667,K10+,Episode end,2025-11-26,33
M0006799,E004668,K10+,Episode start,2025-09-18,41
M0006800,E004668,K10+,Episode end,2025-12-09,40
M0006801,E004669,K10+,Episode start,2025-09-21,32
M0006802,E004669,K10+,Episode end,2025-11-15,23
M0006803,E004670,K10+,Episode start,2025-09-25,31
M0006804,E004670,K10+,Episode end,2025-12-04,23
M0006805,E004671,K10+,Episode start,2025-09-24,33
M0006806,E004671,K10+,Episode end,2025-10-16,25
M0006807,E004672,K10+,Episode start,2025-09-23,29
M0006808,E004673,K10+,Episode start,2025-09-30,28
M0006809,E004673,K10+,Episode end,2025-11-27,23
M0006810,E004674,K10+,Episode end,2025-10-29,32
M0006811,E004675,K10+,Episode start,2025-09-22,24
M0006812,E004675,K10+,Episode end,2025-10-04,23
M0006813,E004676,K10+,Episode start,2025-09-25,23
M0006814,E004676,K10+,Episode end,2025-11-09,27
M0006815,E004677,K10+,Episode start,2025-10-10,40
M0006816,E004678,K10+,Episode start,2025-10-02,31
M0006817,E004678,K10+,Episode end,2025-11-02,27
M0006818,E004679,K10+,Episode start,2025-09-23,23
M0006819,E004679,K10+,Episode end,2025-10-17,12
M0006820,E004680,K10+,Episode start,2025-10-01,34
M0006821,E004680,K10+,Episode end,2025-10-12,34
M0006822,E004681,K10+,Episode start,2025-09-24,30
M0006823,E004681,K10+,Episode end,2025-10-17,15
M0006824,E004682,SDQ,Episode start,2025-09-28,24
M0006825,E004682,SDQ,Episode end,2025-10-31,22
M0006826,E004683,K10+,Episode start,2025-09-30,32
M0006827,E004685,SDQ,Episode start,2025-09-27,26
M0006828,E004685,SDQ,Episode end,2025-11-15,22
M0006829,E004686,K10+,Episode start,2025-09-30,37
M0006830,E004686,K10+,Episode end,2025-10-16,28
M0006831,E004687,K10+,Episode start,2025-10-03,37
M0006832,E004687,K10+,Episode end,2025-12-30,29
M0006833,E004688,K10+,Episode start,2025-10-14,36
M0006834,E004688,K10+,Episode end,2025-11-18,21
M0006835,E004689,SDQ,Episode start,2025-09-27,22
M0006836,E004689,SDQ,Episode end,2025-12-10,21
M0006837,E004690,K10+,Episode start,2025-09-29,32
M0006838,E004690,K10+,Episode end,2025-10-12,13
M0006839,E004691,K10+,Episode start,2025-10-05,39
M0006840,E004691,K10+,Episode end,2025-11-18,35
M0006841,E004693,K10+,Episode start,2025-09-30,33
M0006842,E004693,K10+,Episode end,2025-11-07,26
M0006843,E004694,K10+,Episode start,2025-10-10,41
M0006844,E004694,K10+,Episode end,2025-11-07,30
M0006845,E004695,K10+,Episode start,2025-10-08,31
M0006846,E004696,K10+,Episode start,2025-10-08,30
M0006847,E004698,K10+,Episode start,2025-10-03,35
M0006848,E004698,K10+,Episode end,2026-02-16,21
M0006849,E004699,K10+,Episode start,2025-10-15,33
M0006850,E004699,K10+,Episode end,2025-12-02,26
M0006851,E004700,K10+,Episode start,2025-10-05,19
M0006852,E004700,K10+,Episode end,2025-10-29,17
M0006853,E004701,SDQ,Episode start,2025-10-14,22
M0006854,E004701,SDQ,Episode end,2025-12-03,19
M0006855,E004702,K10+,Episode start,2025-10-02,42
M0006856,E004703,K10+,Episode start,2025-10-03,27
M0006857,E004703,K10+,Episode end,2026-01-02,29
M0006858,E004704,K10+,Episode start,2025-10-07,28
M0006859,E004704,K10+,Episode end,2025-10-21,24
M0006860,E004705,K10+,Episode start,2025-10-06,27
M0006861,E004705,K10+,Episode end,2025-12-04,23
M0006862,E004706,K10+,Episode start,2025-10-10,29
M0006863,E004706,K10+,Episode end,2025-11-16,26
M0006864,E004707,K10+,Episode start,2025-10-09,33
M0006865,E004707,K10+,Episode end,2025-11-17,24
M0006866,E004709,K10+,Episode start,2025-10-11,31
M0006867,E004709,K10+,Episode end,2025-12-11,20
M0006868,E004710,K10+,Episode start,2025-10-14,23
M0006869,E004710,K10+,Episode end,2025-12-11,17
M0006870,E004711,K10+,Episode start,2025-10-12,34
M0006871,E004711,K10+,Episode end,2025-11-12,26
M0006872,E004712,K10+,Episode start,2025-10-11,31
M0006873,E004712,K10+,Episode end,2025-12-13,20
M0006874,E004713,K10+,Episode start,2025-12-20,28
M0006875,E004713,K10+,Episode end,2026-01-31,18
M0006876,E004714,K10+,Episode start,2025-10-20,30
M0006877,E004714,K10+,Episode end,2025-12-29,23
M0006878,E004715,K10+,Episode start,2025-10-13,27
M0006879,E004716,K10+,Episode start,2025-10-17,26
M0006880,E004716,K10+,Episode end,2026-01-04,18
M0006881,E004717,K10+,Episode start,2025-10-21,31
M0006882,E004717,K10+,Episode end,2025-12-08,29
M0006883,E004718,K10+,Episode start,2025-10-12,30
M0006884,E004718,K10+,Episode end,2026-01-04,32
M0006885,E004719,K10+,Episode end,2025-11-19,32
M0006886,E004721,K10+,Episode start,2025-10-22,28
M0006887,E004721,K10+,Episode end,2026-01-06,18
M0006888,E004722,K10+,Episode start,2025-10-22,29
M0006889,E004723,K10+,Episode start,2025-10-17,25
M0006890,E004724,K10+,Episode start,2025-10-13,26
M0006891,E004725,K10+,Episode start,2025-10-24,39
M0006892,E004725,K10+,Episode end,2025-11-29,33
M0006893,E004726,K10+,Episode start,2025-10-27,33
M0006894,E004726,K10+,Episode end,2025-12-30,28
M0006895,E004727,K10+,Episode start,2025-10-21,27
M0006896,E004728,K10+,Episode start,2025-10-17,34
M0006897,E004728,K10+,Episode end,2025-11-10,34
M0006898,E004729,K10+,Episode start,2025-10-14,45
M0006899,E004729,K10+,Episode end,2025-12-22,40
M0006900,E004730,K10+,Episode start,2025-10-24,29
M0006901,E004730,K10+,Episode end,2025-12-01,31
M0006902,E004731,K10+,Episode start,2025-10-16,28
M0006903,E004731,K10+,Episode end,2025-12-03,21
M0006904,E004732,K10+,Episode start,2025-10-26,38
M0006905,E004733,K10+,Episode end,2026-01-07,40
M0006906,E004735,K10+,Episode start,2025-10-23,36
M0006907,E004736,K10+,Episode start,2025-10-18,20
M0006908,E004736,K10+,Episode end,2025-12-28,10
M0006909,E004737,K10+,Episode start,2025-10-23,32
M0006910,E004737,K10+,Episode end,2025-12-03,21
M0006911,E004738,K10+,Episode start,2025-10-20,30
M0006912,E004738,K10+,Episode end,2025-11-17,20
M0006913,E004739,K10+,Episode start,2025-10-22,29
M0006914,E004739,K10+,Episode end,2025-11-25,14
M0006915,E004740,K10+,Episode start,2025-10-20,43
M0006916,E004741,K10+,Episode start,2025-10-26,27
M0006917,E004743,K10+,Episode start,2025-10-21,40
M0006918,E004744,K10+,Episode start,2025-10-26,27
M0006919,E004745,K10+,Episode start,2025-10-29,30
M0006920,E004746,K10+,Episode start,2025-10-26,38
M0006921,E004746,K10+,Episode end,2025-11-20,38
M0006922,E004747,K10+,Episode start,2025-10-25,37
M0006923,E004748,K10+,Episode start,2025-10-27,35
M0006924,E004748,K10+,Episode end,2025-12-01,34
M0006925,E004749,K10+,Episode start,2025-10-23,36
M0006926,E004749,K10+,Episode end,2026-01-15,37
M0006927,E004750,K10+,Episode start,2025-10-23,28
M0006928,E004750,K10+,Episode end,2025-11-27,24
M0006929,E004751,K10+,Episode start,2025-10-22,29
M0006930,E004751,K10+,Episode end,2025-12-20,29
M0006931,E004752,K10+,Episode start,2025-10-23,41
M0006932,E004752,K10+,Episode end,2025-12-01,30
M0006933,E004753,K10+,Episode start,2025-10-22,38
M0006934,E004753,K10+,Episode end,2025-11-14,33
M0006935,E004754,K10+,Episode start,2025-10-25,36
M0006936,E004754,K10+,Episode end,2025-12-13,29
M0006937,E004755,K10+,Episode start,2025-10-30,41
M0006938,E004755,K10+,Episode end,2025-11-23,33
M0006939,E004757,K10+,Episode start,2025-11-04,28
M0006940,E004757,K10+,Episode end,2026-01-29,22
M0006941,E004759,K10+,Episode start,2025-11-02,29
M0006942,E004759,K10+,Episode end,2026-01-16,30
M0006943,E004760,K10+,Episode start,2025-10-30,28
M0006944,E004760,K10+,Episode end,2025-11-24,15
M0006945,E004761,K10+,Episode start,2025-12-04,33
M0006946,E004761,K10+,Episode end,2026-01-14,31
M0006947,E004762,K10+,Episode start,2025-11-04,34
M0006948,E004762,K10+,Episode end,2025-11-29,21
M0006949,E004763,K10+,Episode start,2025-11-13,26
M0006950,E004763,K10+,Episode end,2025-12-23,26
M0006951,E004764,K10+,Episode start,2025-10-27,33
M0006952,E004764,K10+,Episode end,2025-12-15,32
M0006953,E004765,K10+,Episode start,2025-10-27,22
M0006954,E004765,K10+,Episode end,2025-12-15,21
M0006955,E004766,K10+,Episode start,2025-11-01,35
M0006956,E004766,K10+,Episode end,2025-12-20,20
M0006957,E004767,K10+,Episode start,2025-11-02,38
M0006958,E004767,K10+,Episode end,2025-12-07,33
M0006959,E004768,K10+,Episode start,2025-10-30,23
M0006960,E004769,K10+,Episode start,2025-10-26,23
M0006961,E004769,K10+,Episode end,2025-12-23,20
M0006962,E004770,K10+,Episode start,2025-10-25,39
M0006963,E004770,K10+,Episode end,2025-12-03,36
M0006964,E004771,SDQ,Episode start,2025-11-03,25
M0006965,E004771,SDQ,Episode end,2026-01-19,10
M0006966,E004772,K10+,Episode start,2025-11-09,41
M0006967,E004772,K10+,Episode end,2026-01-24,36
M0006968,E004773,K10+,Episode start,2025-10-30,24
M0006969,E004773,K10+,Episode end,2025-12-09,24
M0006970,E004776,K10+,Episode start,2025-10-29,35
M0006971,E004776,K10+,Episode end,2025-12-27,34
M0006972,E004777,K10+,Episode start,2025-11-01,37
M0006973,E004777,K10+,Episode end,2025-12-21,34
M0006974,E004778,K10+,Episode start,2025-10-30,28
M0006975,E004778,K10+,Episode end,2025-12-06,10
M0006976,E004779,K10+,Episode start,2025-11-20,26
M0006977,E004779,K10+,Episode end,2026-02-05,27
M0006978,E004780,K10+,Episode start,2025-11-09,37
M0006979,E004780,K10+,Episode end,2025-12-03,31
M0006980,E004781,K10+,Episode start,2025-11-13,39
M0006981,E004781,K10+,Episode end,2025-12-17,23
M0006982,E004782,K10+,Episode start,2025-11-04,31
M0006983,E004782,K10+,Episode end,2025-12-27,15
M0006984,E004783,K10+,Episode start,2025-10-29,28
M0006985,E004783,K10+,Episode end,2025-11-12,18
M0006986,E004784,K10+,Episode start,2025-10-30,31
M0006987,E004784,K10+,Episode end,2025-11-26,17
M0006988,E004785,K10+,Episode start,2025-10-28,29
M0006989,E004785,K10+,Episode end,2026-01-26,27
M0006990,E004786,K10+,Episode start,2025-11-10,36
M0006991,E004786,K10+,Episode end,2025-12-29,25
M0006992,E004787,K10+,Episode start,2025-11-15,33
M0006993,E004788,K10+,Episode start,2025-11-02,42
M0006994,E004788,K10+,Episode end,2025-12-02,45
M0006995,E004789,K10+,Episode start,2025-10-29,43
M0006996,E004790,K10+,Episode start,2025-11-14,21
M0006997,E004790,K10+,Episode end,2026-01-12,21
M0006998,E004791,K10+,Episode start,2025-11-04,36
M0006999,E004791,K10+,Episode end,2026-01-13,33
M0007000,E004792,K10+,Episode start,2025-11-01,30
M0007001,E004792,K10+,Episode end,2025-12-06,27
M0007002,E004793,K10+,Episode start,2025-11-08,34
M0007003,E004793,K10+,Episode end,2026-01-07,20
M0007004,E004794,K10+,Episode start,2025-11-04,29
M0007005,E004794,K10+,Episode end,2025-12-01,17
M0007006,E004795,K10+,Episode start,2025-11-06,30
M0007007,E004795,K10+,Episode end,2025-12-28,15
M0007008,E004796,K10+,Episode start,2025-12-02,29
M0007009,E004796,K10+,Episode end,2025-12-24,28
M0007010,E004797,K10+,Episode start,2025-11-18,37
M0007011,E004797,K10+,Episode end,2026-01-05,37
M0007012,E004798,K10+,Episode start,2025-12-07,43
M0007013,E004798,K10+,Episode end,2026-01-19,41
M0007014,E004799,K10+,Episode start,2025-11-05,30
M0007015,E004799,K10+,Episode end,2025-12-27,24
M0007016,E004800,K10+,Episode start,2025-11-18,40
M0007017,E004800,K10+,Episode end,2026-01-02,35
M0007018,E004801,K10+,Episode start,2025-11-20,22
M0007019,E004801,K10+,Episode end,2025-12-30,12
M0007020,E004802,K10+,Episode start,2025-11-10,25
M0007021,E004802,K10+,Episode end,2026-01-15,24
M0007022,E004803,K10+,Episode start,2025-11-08,42
M0007023,E004803,K10+,Episode end,2025-12-19,37
M0007024,E004804,K10+,Episode start,2025-11-15,40
M0007025,E004804,K10+,Episode end,2025-12-31,31
M0007026,E004805,K10+,Episode start,2025-11-11,40
M0007027,E004805,K10+,Episode end,2025-12-19,27
M0007028,E004806,K10+,Episode start,2025-11-08,28
M0007029,E004806,K10+,Episode end,2025-11-26,23
M0007030,E004807,K10+,Episode start,2025-11-07,26
M0007031,E004808,K10+,Episode start,2025-11-10,29
M0007032,E004808,K10+,Episode end,2026-02-26,20
M0007033,E004810,K10+,Episode start,2025-11-08,35
M0007034,E004810,K10+,Episode end,2025-12-05,19
M0007035,E004811,K10+,Episode start,2025-11-16,34
M0007036,E004811,K10+,Episode end,2026-02-07,28
M0007037,E004812,K10+,Episode start,2025-11-20,28
M0007038,E004812,K10+,Episode end,2025-12-13,22
M0007039,E004813,K10+,Episode start,2025-11-07,35
M0007040,E004813,K10+,Episode end,2025-11-30,26
M0007041,E004814,K10+,Episode start,2025-11-06,29
M0007042,E004814,K10+,Episode end,2025-12-23,29
M0007043,E004816,K10+,Episode start,2025-11-12,27
M0007044,E004816,K10+,Episode end,2026-01-05,22
M0007045,E004817,K10+,Episode start,2025-11-23,34
M0007046,E004817,K10+,Episode end,2026-03-03,30
M0007047,E004818,K10+,Episode start,2025-11-07,35
M0007048,E004818,K10+,Episode end,2026-01-03,28
M0007049,E004819,K10+,Episode start,2025-11-18,31
M0007050,E004820,K10+,Episode start,2025-11-16,36
M0007051,E004820,K10+,Episode end,2025-11-27,23
M0007052,E004821,K10+,Episode start,2025-11-27,35
M0007053,E004821,K10+,Episode end,2026-02-03,34
M0007054,E004822,K10+,Episode start,2025-11-08,39
M0007055,E004822,K10+,Episode end,2025-12-14,14
M0007056,E004824,K10+,Episode start,2025-11-14,24
M0007057,E004825,K10+,Episode start,2025-11-17,24
M0007058,E004825,K10+,Episode end,2025-12-13,15
M0007059,E004826,K10+,Episode start,2025-11-10,26
M0007060,E004826,K10+,Episode end,2026-01-23,13
M0007061,E004827,K10+,Episode start,2025-11-24,40
M0007062,E004827,K10+,Episode end,2026-01-12,45
M0007063,E004828,K10+,Episode start,2025-11-13,30
M0007064,E004828,K10+,Episode end,2025-12-07,19
M0007065,E004829,K10+,Episode start,2025-11-12,34
M0007066,E004829,K10+,Episode end,2026-01-21,29
M0007067,E004830,K10+,Episode start,2025-11-13,35
M0007068,E004830,K10+,Episode end,2026-03-22,27
M0007069,E004831,K10+,Episode start,2025-11-14,25
M0007070,E004832,K10+,Episode start,2025-11-16,20
M0007071,E004832,K10+,Episode end,2025-12-14,10
M0007072,E004833,K10+,Episode start,2025-11-18,18
M0007073,E004833,K10+,Episode end,2026-01-16,10
M0007074,E004834,K10+,Episode start,2025-11-13,33
M0007075,E004834,K10+,Episode end,2025-12-18,37
M0007076,E004835,K10+,Episode start,2025-11-13,35
M0007077,E004835,K10+,Episode end,2025-12-15,25
M0007078,E004837,K10+,Episode start,2025-11-15,47
M0007079,E004838,K10+,Episode start,2025-11-26,32
M0007080,E004838,K10+,Episode end,2026-01-07,17
M0007081,E004839,K10+,Episode end,2025-12-05,41
M0007082,E004840,K10+,Episode start,2025-11-25,38
M0007083,E004840,K10+,Episode end,2026-01-23,27
M0007084,E004841,K10+,Episode start,2025-11-27,25
M0007085,E004841,K10+,Episode end,2026-01-26,10
M0007086,E004842,K10+,Episode start,2025-11-22,35
M0007087,E004842,K10+,Episode end,2025-12-11,41
M0007088,E004843,K10+,Episode start,2025-11-15,34
M0007089,E004843,K10+,Episode end,2026-01-04,26
M0007090,E004844,K10+,Episode start,2025-11-17,29
M0007091,E004844,K10+,Episode end,2025-12-29,27
M0007092,E004845,K10+,Episode start,2025-12-02,32
M0007093,E004845,K10+,Episode end,2026-03-14,20
M0007094,E004846,K10+,Episode start,2025-11-27,31
M0007095,E004846,K10+,Episode end,2026-01-07,22
M0007096,E004847,K10+,Episode start,2026-01-14,41
M0007097,E004849,K10+,Episode start,2025-12-02,33
M0007098,E004849,K10+,Episode end,2026-01-05,33
M0007099,E004850,K10+,Episode start,2025-12-01,34
M0007100,E004850,K10+,Episode end,2026-01-29,15
M0007101,E004851,K10+,Episode start,2025-11-28,30
M0007102,E004851,K10+,Episode end,2026-01-06,24
M0007103,E004852,K10+,Episode start,2025-11-23,37
M0007104,E004853,K10+,Episode start,2025-11-24,33
M0007105,E004854,K10+,Episode start,2025-11-23,37
M0007106,E004854,K10+,Episode end,2026-02-08,37
M0007107,E004855,K10+,Episode start,2025-11-27,49
M0007108,E004855,K10+,Episode end,2026-02-07,50
M0007109,E004856,K10+,Episode start,2025-11-19,34
M0007110,E004856,K10+,Episode end,2026-01-09,23
M0007111,E004857,K10+,Episode start,2025-11-20,31
M0007112,E004857,K10+,Episode end,2026-02-04,27
M0007113,E004858,K10+,Episode start,2025-11-22,27
M0007114,E004858,K10+,Episode end,2026-01-31,12
M0007115,E004860,K10+,Episode start,2025-12-03,27
M0007116,E004860,K10+,Episode end,2025-12-31,16
M0007117,E004861,K10+,Episode start,2025-11-24,33
M0007118,E004861,K10+,Episode end,2025-12-24,28
M0007119,E004862,K10+,Episode start,2025-11-21,22
M0007120,E004862,K10+,Episode end,2025-12-07,17
M0007121,E004863,K10+,Episode start,2025-11-27,27
M0007122,E004863,K10+,Episode end,2026-02-24,21
M0007123,E004864,SDQ,Episode start,2025-11-24,11
M0007124,E004864,SDQ,Episode end,2025-12-13,6
M0007125,E004865,K10+,Episode start,2025-11-26,28
M0007126,E004865,K10+,Episode end,2026-01-10,28
M0007127,E004866,K10+,Episode start,2025-11-28,30
M0007128,E004866,K10+,Episode end,2025-12-29,35
M0007129,E004867,K10+,Episode start,2025-11-24,41
M0007130,E004867,K10+,Episode end,2026-01-28,46
M0007131,E004868,K10+,Episode start,2025-12-05,37
M0007132,E004868,K10+,Episode end,2026-01-22,26
M0007133,E004869,K10+,Episode end,2025-12-28,23
M0007134,E004870,K10+,Episode start,2025-11-27,16
M0007135,E004871,K10+,Episode start,2025-11-26,29
M0007136,E004871,K10+,Episode end,2026-02-19,26
M0007137,E004872,K10+,Episode start,2025-12-01,31
M0007138,E004872,K10+,Episode end,2026-01-23,31
M0007139,E004873,K10+,Episode start,2025-11-27,33
M0007140,E004873,K10+,Episode end,2025-12-31,31
M0007141,E004874,K10+,Episode start,2025-12-02,38
M0007142,E004875,K10+,Episode start,2025-11-29,21
M0007143,E004875,K10+,Episode end,2026-02-02,10
M0007144,E004876,K10+,Episode start,2025-12-06,32
M0007145,E004877,K10+,Episode start,2025-12-22,32
M0007146,E004877,K10+,Episode end,2026-02-08,18
M0007147,E004878,K10+,Episode start,2026-01-09,36
M0007148,E004878,K10+,Episode end,2026-03-09,34
M0007149,E004879,SDQ,Episode start,2025-11-30,23
M0007150,E004880,K10+,Episode start,2025-11-27,42
M0007151,E004880,K10+,Episode end,2026-01-15,15
M0007152,E004881,K10+,Episode start,2025-12-02,35
M0007153,E004881,K10+,Episode end,2026-01-01,30
M0007154,E004884,K10+,Episode end,2026-02-24,25
M0007155,E004885,K10+,Episode start,2025-12-05,42
M0007156,E004885,K10+,Episode end,2026-01-22,37
M0007157,E004886,K10+,Episode start,2025-12-06,29
M0007158,E004886,K10+,Episode end,2025-12-18,25
M0007159,E004887,K10+,Episode end,2026-01-07,23
M0007160,E004888,K10+,Episode start,2025-12-04,31
M0007161,E004888,K10+,Episode end,2025-12-17,27
M0007162,E004889,K10+,Episode start,2025-12-07,35
M0007163,E004890,K10+,Episode start,2025-12-03,26
M0007164,E004890,K10+,Episode end,2026-01-05,10
M0007165,E004891,K10+,Episode start,2025-12-08,36
M0007166,E004891,K10+,Episode end,2026-03-07,31
M0007167,E004892,K10+,Episode start,2025-12-02,25
M0007168,E004892,K10+,Episode end,2025-12-25,21
M0007169,E004893,K10+,Episode start,2025-12-04,39
M0007170,E004893,K10+,Episode end,2026-01-18,34
M0007171,E004894,K10+,Episode start,2026-01-08,37
M0007172,E004894,K10+,Episode end,2026-03-31,28
M0007173,E004895,K10+,Episode start,2025-12-06,37
M0007174,E004896,K10+,Episode start,2025-12-05,26
M0007175,E004896,K10+,Episode end,2026-01-25,24
M0007176,E004897,K10+,Episode start,2025-12-21,25
M0007177,E004897,K10+,Episode end,2025-12-29,19
M0007178,E004898,K10+,Episode start,2025-12-07,28
M0007179,E004898,K10+,Episode end,2025-12-22,13
M0007180,E004899,K10+,Episode start,2025-12-10,35
M0007181,E004899,K10+,Episode end,2026-01-21,30
M0007182,E004900,K10+,Episode start,2025-12-04,31
M0007183,E004900,K10+,Episode end,2026-01-19,26
M0007184,E004901,K10+,Episode start,2025-12-07,37
M0007185,E004901,K10+,Episode end,2026-01-21,16
M0007186,E004902,K10+,Episode start,2025-12-17,21
M0007187,E004903,K10+,Episode start,2025-12-11,30
M0007188,E004903,K10+,Episode end,2026-01-07,23
M0007189,E004905,K10+,Episode start,2025-12-25,23
M0007190,E004905,K10+,Episode end,2026-02-05,16
M0007191,E004906,K10+,Episode start,2025-12-11,28
M0007192,E004906,K10+,Episode end,2026-01-09,14
M0007193,E004907,K10+,Episode start,2025-12-08,28
M0007194,E004907,K10+,Episode end,2025-12-21,15
M0007195,E004908,K10+,Episode start,2025-12-19,33
M0007196,E004908,K10+,Episode end,2026-01-22,30
M0007197,E004909,K10+,Episode start,2025-12-13,30
M0007198,E004909,K10+,Episode end,2026-01-15,31
M0007199,E004910,K10+,Episode start,2025-12-09,29
M0007200,E004910,K10+,Episode end,2026-01-17,25
M0007201,E004911,K10+,Episode start,2025-12-19,43
M0007202,E004911,K10+,Episode end,2026-01-07,41
M0007203,E004912,K10+,Episode end,2026-03-06,25
M0007204,E004913,K10+,Episode start,2025-12-22,50
M0007205,E004913,K10+,Episode end,2026-02-19,33
M0007206,E004914,K10+,Episode start,2025-12-10,34
M0007207,E004915,K10+,Episode start,2025-12-13,25
M0007208,E004915,K10+,Episode end,2026-01-17,22
M0007209,E004916,K10+,Episode start,2025-12-20,35
M0007210,E004917,K10+,Episode start,2025-12-09,31
M0007211,E004919,K10+,Episode start,2025-12-15,31
M0007212,E004919,K10+,Episode end,2026-01-23,19
M0007213,E004920,K10+,Episode start,2025-12-12,31
M0007214,E004920,K10+,Episode end,2026-02-11,10
M0007215,E004921,K10+,Episode start,2025-12-24,37
M0007216,E004923,K10+,Episode start,2025-12-20,30
M0007217,E004923,K10+,Episode end,2026-02-19,27
M0007218,E004924,K10+,Episode start,2025-12-30,26
M0007219,E004925,K10+,Episode start,2025-12-17,15
M0007220,E004925,K10+,Episode end,2025-12-31,10
M0007221,E004926,K10+,Episode start,2025-12-28,37
M0007222,E004928,K10+,Episode start,2025-12-21,22
M0007223,E004928,K10+,Episode end,2026-02-06,12
M0007224,E004929,K10+,Episode start,2025-12-26,41
M0007225,E004929,K10+,Episode end,2026-01-24,29
M0007226,E004930,K10+,Episode start,2025-12-21,28
M0007227,E004930,K10+,Episode end,2026-02-16,22
M0007228,E004931,K10+,Episode start,2025-12-27,31
M0007229,E004931,K10+,Episode end,2026-02-21,16
M0007230,E004932,K10+,Episode start,2025-12-25,38
M0007231,E004932,K10+,Episode end,2026-02-12,36
M0007232,E004934,K10+,Episode start,2025-12-21,21
M0007233,E004935,SDQ,Episode start,2025-12-21,11
M0007234,E004935,SDQ,Episode end,2026-02-25,14
M0007235,E004936,K10+,Episode start,2025-12-20,31
M0007236,E004936,K10+,Episode end,2026-01-12,10
M0007237,E004937,K10+,Episode start,2025-12-17,29
M0007238,E004937,K10+,Episode end,2026-01-04,27
M0007239,E004938,K10+,Episode start,2026-01-10,23
M0007240,E004938,K10+,Episode end,2026-01-24,27
M0007241,E004939,K10+,Episode start,2025-12-27,29
M0007242,E004939,K10+,Episode end,2026-02-13,23
M0007243,E004941,K10+,Episode start,2025-12-20,29
M0007244,E004941,K10+,Episode end,2026-02-06,28
M0007245,E004942,K10+,Episode start,2025-12-25,30
M0007246,E004942,K10+,Episode end,2026-02-18,16
M0007247,E004943,K10+,Episode start,2025-12-24,32
M0007248,E004943,K10+,Episode end,2026-01-07,29
M0007249,E004945,K10+,Episode start,2025-12-26,39
M0007250,E004945,K10+,Episode end,2026-03-20,36
M0007251,E004946,K10+,Episode start,2026-01-09,28
M0007252,E004947,SDQ,Episode start,2026-01-10,24
M0007253,E004949,K10+,Episode start,2025-12-23,29
M0007254,E004949,K10+,Episode end,2026-01-12,22
M0007255,E004950,K10+,Episode end,2026-02-15,33
M0007256,E004951,K10+,Episode start,2025-12-27,34
M0007257,E004951,K10+,Episode end,2026-02-13,31
M0007258,E004952,K10+,Episode start,2025-12-27,40
M0007259,E004952,K10+,Episode end,2026-01-12,45
M0007260,E004953,K10+,Episode start,2025-12-23,25
M0007261,E004953,K10+,Episode end,2026-02-02,17
M0007262,E004955,K10+,Episode start,2025-12-31,22
M0007263,E004955,K10+,Episode end,2026-02-04,13
M0007264,E004956,K10+,Episode start,2026-01-07,34
M0007265,E004956,K10+,Episode end,2026-01-19,27
M0007266,E004957,K10+,Episode start,2025-12-22,36
M0007267,E004957,K10+,Episode end,2026-01-25,36
M0007268,E004958,K10+,Episode start,2026-01-03,35
M0007269,E004958,K10+,Episode end,2026-02-20,25
M0007270,E004959,K10+,Episode start,2025-12-27,30
M0007271,E004959,K10+,Episode end,2026-01-31,23
M0007272,E004960,K10+,Episode end,2026-02-28,22
M0007273,E004961,K10+,Episode start,2025-12-29,21
M0007274,E004961,K10+,Episode end,2026-02-02,16
M0007275,E004962,K10+,Episode start,2025-12-30,25
M0007276,E004962,K10+,Episode end,2026-02-03,22
M0007277,E004963,K10+,Episode start,2026-01-02,35
M0007278,E004963,K10+,Episode end,2026-02-12,31
M0007279,E004964,SDQ,Episode start,2026-02-14,19
M0007280,E004964,SDQ,Episode end,2026-03-18,12
M0007281,E004965,K10+,Episode start,2025-12-30,37
M0007282,E004965,K10+,Episode end,2026-05-07,24
M0007283,E004966,K10+,Episode start,2025-12-28,34
M0007284,E004966,K10+,Episode end,2026-01-27,20
M0007285,E004967,K10+,Episode start,2026-01-14,33
M0007286,E004967,K10+,Episode end,2026-02-21,24
M0007287,E004968,K10+,Episode start,2026-01-08,26
M0007288,E004968,K10+,Episode end,2026-02-19,23
M0007289,E004969,K10+,Episode start,2025-12-31,32
M0007290,E004969,K10+,Episode end,2026-02-23,28
M0007291,E004970,K10+,Episode start,2026-01-02,29
M0007292,E004970,K10+,Episode end,2026-02-18,30
M0007293,E004971,K10+,Episode start,2026-01-03,29
M0007294,E004971,K10+,Episode end,2026-02-03,30
M0007295,E004972,SDQ,Episode start,2026-01-15,16
M0007296,E004972,SDQ,Episode end,2026-03-20,11
M0007297,E004973,K10+,Episode start,2025-12-31,32
M0007298,E004973,K10+,Episode end,2026-02-07,13
M0007299,E004974,K10+,Episode start,2026-01-06,24
M0007300,E004975,K10+,Episode start,2025-12-28,35
M0007301,E004975,K10+,Episode end,2026-01-31,23
M0007302,E004976,K10+,Episode start,2026-01-14,25
M0007303,E004976,K10+,Episode end,2026-02-26,16
M0007304,E004977,SDQ,Episode start,2025-12-30,18
M0007305,E004977,SDQ,Episode end,2026-03-08,16
M0007306,E004978,SDQ,Episode start,2026-01-19,27
M0007307,E004979,K10+,Episode start,2026-01-07,35
M0007308,E004979,K10+,Episode end,2026-02-25,22
M0007309,E004980,K10+,Episode start,2026-01-07,19
M0007310,E004980,K10+,Episode end,2026-02-01,10
M0007311,E004981,K10+,Episode start,2026-01-12,33
M0007312,E004981,K10+,Episode end,2026-02-24,22
M0007313,E004982,K10+,Episode start,2026-01-07,28
M0007314,E004982,K10+,Episode end,2026-01-29,10
M0007315,E004983,K10+,Episode end,2026-02-16,24
M0007316,E004984,K10+,Episode start,2026-01-03,25
M0007317,E004984,K10+,Episode end,2026-02-20,14
M0007318,E004985,K10+,Episode start,2026-01-16,36
M0007319,E004985,K10+,Episode end,2026-01-30,30
M0007320,E004986,K10+,Episode start,2026-01-07,31
M0007321,E004986,K10+,Episode end,2026-04-01,23
M0007322,E004987,SDQ,Episode start,2026-01-04,22
M0007323,E004987,SDQ,Episode end,2026-01-26,22
M0007324,E004988,K10+,Episode end,2026-02-17,26
M0007325,E004989,K10+,Episode start,2026-01-11,39
M0007326,E004989,K10+,Episode end,2026-02-05,26
M0007327,E004990,K10+,Episode start,2026-01-07,39
M0007328,E004990,K10+,Episode end,2026-02-02,27
M0007329,E004991,K10+,Episode end,2026-03-14,30
M0007330,E004992,K10+,Episode start,2026-01-07,25
M0007331,E004992,K10+,Episode end,2026-01-25,27
M0007332,E004993,K10+,Episode start,2026-01-08,35
M0007333,E004993,K10+,Episode end,2026-02-10,33
M0007334,E004994,K10+,Episode start,2026-01-14,28
M0007335,E004994,K10+,Episode end,2026-02-14,15
M0007336,E004996,K10+,Episode start,2026-01-04,33
M0007337,E004996,K10+,Episode end,2026-02-20,25
M0007338,E004997,K10+,Episode start,2026-01-10,26
M0007339,E004997,K10+,Episode end,2026-02-08,14
M0007340,E004998,K10+,Episode start,2026-01-05,34
M0007341,E004998,K10+,Episode end,2026-01-19,28
M0007342,E005000,K10+,Episode start,2026-01-15,37
M0007343,E005000,K10+,Episode end,2026-02-06,43
M0007344,E005002,K10+,Episode start,2026-01-07,24
M0007345,E005002,K10+,Episode end,2026-03-20,17
M0007346,E005003,K10+,Episode start,2026-01-17,38
M0007347,E005003,K10+,Episode end,2026-03-08,26
M0007348,E005004,K10+,Episode start,2026-01-13,34
M0007349,E005004,K10+,Episode end,2026-02-02,30
M0007350,E005005,K10+,Episode start,2026-01-07,28
M0007351,E005005,K10+,Episode end,2026-03-11,26
M0007352,E005006,K10+,Episode start,2026-01-15,35
M0007353,E005007,K10+,Episode start,2026-01-08,34
M0007354,E005007,K10+,Episode end,2026-03-06,33
M0007355,E005008,K10+,Episode start,2026-01-08,39
M0007356,E005008,K10+,Episode end,2026-04-29,30
M0007357,E005009,K10+,Episode start,2026-01-09,17
M0007358,E005010,K10+,Episode start,2026-01-13,27
M0007359,E005011,K10+,Episode start,2026-01-11,24
M0007360,E005011,K10+,Episode end,2026-02-12,22
M0007361,E005012,K10+,Episode start,2026-01-12,25
M0007362,E005012,K10+,Episode end,2026-02-17,16
M0007363,E005013,K10+,Episode start,2026-01-10,34
M0007364,E005014,K10+,Episode start,2026-01-13,38
M0007365,E005014,K10+,Episode end,2026-04-24,33
M0007366,E005015,K10+,Episode start,2026-02-03,31
M0007367,E005015,K10+,Episode end,2026-04-06,24
M0007368,E005016,K10+,Episode start,2026-02-01,25
M0007369,E005016,K10+,Episode end,2026-03-06,15
M0007370,E005017,K10+,Episode start,2026-01-13,34
M0007371,E005018,K10+,Episode start,2026-01-26,25
M0007372,E005018,K10+,Episode end,2026-03-03,12
M0007373,E005019,SDQ,Episode start,2026-01-17,23
M0007374,E005020,K10+,Episode start,2026-01-19,27
M0007375,E005020,K10+,Episode end,2026-03-02,20
M0007376,E005021,K10+,Episode end,2026-02-15,25
M0007377,E005022,K10+,Episode start,2026-01-20,34
M0007378,E005022,K10+,Episode end,2026-02-19,21
M0007379,E005023,K10+,Episode end,2026-03-12,25
M0007380,E005024,K10+,Episode start,2026-01-21,18
M0007381,E005025,K10+,Episode start,2026-01-28,23
M0007382,E005026,K10+,Episode start,2026-01-31,39
M0007383,E005026,K10+,Episode end,2026-03-27,36
M0007384,E005027,K10+,Episode start,2026-02-01,33
M0007385,E005027,K10+,Episode end,2026-02-22,14
M0007386,E005028,K10+,Episode start,2026-01-26,27
M0007387,E005028,K10+,Episode end,2026-02-14,27
M0007388,E005029,K10+,Episode start,2026-01-26,33
M0007389,E005030,SDQ,Episode start,2026-01-21,17
M0007390,E005030,SDQ,Episode end,2026-02-06,15
M0007391,E005031,K10+,Episode start,2026-01-21,32
M0007392,E005031,K10+,Episode end,2026-04-13,23
M0007393,E005032,K10+,Episode start,2026-02-04,28
M0007394,E005032,K10+,Episode end,2026-03-25,30
M0007395,E005033,K10+,Episode start,2026-01-26,33
M0007396,E005034,K10+,Episode start,2026-02-04,32
M0007397,E005034,K10+,Episode end,2026-04-26,24
M0007398,E005035,K10+,Episode start,2026-01-27,24
M0007399,E005035,K10+,Episode end,2026-03-10,23
M0007400,E005037,K10+,Episode start,2026-01-20,27
M0007401,E005037,K10+,Episode end,2026-05-28,29
M0007402,E005039,K10+,Episode start,2026-01-31,29
M0007403,E005039,K10+,Episode end,2026-02-16,26
M0007404,E005040,SDQ,Episode start,2026-02-07,22
M0007405,E005040,SDQ,Episode end,2026-03-20,21
M0007406,E005041,K10+,Episode start,2026-02-03,33
M0007407,E005041,K10+,Episode end,2026-04-17,33
M0007408,E005042,K10+,Episode start,2026-02-06,26
M0007409,E005042,K10+,Episode end,2026-02-17,10
M0007410,E005043,K10+,Episode start,2026-02-02,28
M0007411,E005043,K10+,Episode end,2026-02-20,26
M0007412,E005044,K10+,Episode start,2026-03-25,29
M0007413,E005044,K10+,Episode end,2026-05-09,23
M0007414,E005045,K10+,Episode start,2026-01-27,29
M0007415,E005046,K10+,Episode start,2026-02-02,30
M0007416,E005046,K10+,Episode end,2026-05-09,24
M0007417,E005047,K10+,Episode start,2026-01-29,40
M0007418,E005047,K10+,Episode end,2026-03-19,39
M0007419,E005048,K10+,Episode start,2026-02-10,40
M0007420,E005048,K10+,Episode end,2026-04-09,37
M0007421,E005049,K10+,Episode start,2026-01-27,34
M0007422,E005049,K10+,Episode end,2026-03-12,25
M0007423,E005050,K10+,Episode start,2026-01-31,27
M0007424,E005051,K10+,Episode start,2026-01-31,26
M0007425,E005051,K10+,Episode end,2026-02-23,15
M0007426,E005052,K10+,Episode start,2026-02-06,31
M0007427,E005052,K10+,Episode end,2026-04-13,20
M0007428,E005053,K10+,Episode start,2026-02-07,30
M0007429,E005053,K10+,Episode end,2026-04-17,36
M0007430,E005054,K10+,Episode start,2026-02-12,38
M0007431,E005054,K10+,Episode end,2026-02-27,32
M0007432,E005055,K10+,Episode start,2026-01-29,26
M0007433,E005055,K10+,Episode end,2026-03-03,27
M0007434,E005056,K10+,Episode start,2026-03-06,38
M0007435,E005056,K10+,Episode end,2026-04-10,39
M0007436,E005057,K10+,Episode end,2026-05-02,27
M0007437,E005058,K10+,Episode start,2026-02-01,40
M0007438,E005058,K10+,Episode end,2026-02-08,20
M0007439,E005059,K10+,Episode start,2026-02-08,35
M0007440,E005059,K10+,Episode end,2026-04-26,29
M0007441,E005060,K10+,Episode start,2026-02-20,28
M0007442,E005061,K10+,Episode start,2026-02-06,33
M0007443,E005061,K10+,Episode end,2026-04-20,30
M0007444,E005062,K10+,Episode start,2026-02-05,28
M0007445,E005062,K10+,Episode end,2026-03-24,18
M0007446,E005063,K10+,Episode start,2026-02-13,26
M0007447,E005064,K10+,Episode start,2026-02-02,39
M0007448,E005064,K10+,Episode end,2026-02-22,42
M0007449,E005065,K10+,Episode end,2026-03-09,18
M0007450,E005066,K10+,Episode start,2026-02-07,24
M0007451,E005066,K10+,Episode end,2026-03-13,24
M0007452,E005067,K10+,Episode start,2026-02-07,34
M0007453,E005067,K10+,Episode end,2026-02-26,27
M0007454,E005068,K10+,Episode end,2026-02-25,36
M0007455,E005069,K10+,Episode start,2026-02-05,24
M0007456,E005069,K10+,Episode end,2026-03-24,24
M0007457,E005070,K10+,Episode start,2026-02-12,30
M0007458,E005070,K10+,Episode end,2026-03-10,13
M0007459,E005072,K10+,Episode start,2026-02-13,22
M0007460,E005072,K10+,Episode end,2026-05-13,13
M0007461,E005073,K10+,Episode end,2026-04-05,24
M0007462,E005074,K10+,Episode start,2026-02-05,33
M0007463,E005075,K10+,Episode end,2026-05-12,28
M0007464,E005077,K10+,Episode end,2026-04-30,26
M0007465,E005078,K10+,Episode start,2026-02-06,35
M0007466,E005078,K10+,Episode end,2026-03-21,16
M0007467,E005079,K10+,Episode start,2026-02-09,30
M0007468,E005079,K10+,Episode end,2026-03-19,21
M0007469,E005080,K10+,Episode start,2026-02-13,44
M0007470,E005080,K10+,Episode end,2026-05-29,48
M0007471,E005081,K10+,Episode start,2026-02-10,37
M0007472,E005081,K10+,Episode end,2026-03-30,32
M0007473,E005082,K10+,Episode start,2026-02-24,35
M0007474,E005082,K10+,Episode end,2026-03-18,24
M0007475,E005083,K10+,Episode start,2026-02-11,36
M0007476,E005085,K10+,Episode start,2026-02-11,28
M0007477,E005085,K10+,Episode end,2026-03-01,23
M0007478,E005086,K10+,Episode start,2026-03-10,37
M0007479,E005087,K10+,Episode start,2026-02-14,35
M0007480,E005087,K10+,Episode end,2026-03-22,32
M0007481,E005088,K10+,Episode start,2026-02-20,31
M0007482,E005088,K10+,Episode end,2026-04-08,27
M0007483,E005089,K10+,Episode start,2026-02-14,37
M0007484,E005089,K10+,Episode end,2026-04-02,37
M0007485,E005090,K10+,Episode start,2026-02-11,11
M0007486,E005090,K10+,Episode end,2026-03-31,13
M0007487,E005091,K10+,Episode start,2026-02-14,31
M0007488,E005091,K10+,Episode end,2026-03-11,20
M0007489,E005092,K10+,Episode start,2026-02-26,35
M0007490,E005092,K10+,Episode end,2026-04-01,28
M0007491,E005093,K10+,Episode start,2026-03-05,35
M0007492,E005093,K10+,Episode end,2026-04-20,24
M0007493,E005094,K10+,Episode start,2026-02-16,32
M0007494,E005095,K10+,Episode start,2026-02-16,33
M0007495,E005096,K10+,Episode start,2026-02-13,28
M0007496,E005096,K10+,Episode end,2026-04-28,19
M0007497,E005097,K10+,Episode start,2026-02-13,31
M0007498,E005097,K10+,Episode end,2026-04-11,17
M0007499,E005098,SDQ,Episode start,2026-02-16,25
M0007500,E005099,K10+,Episode start,2026-02-13,42
M0007501,E005099,K10+,Episode end,2026-03-11,26
M0007502,E005100,K10+,Episode start,2026-02-18,30
M0007503,E005100,K10+,Episode end,2026-04-09,26
M0007504,E005101,K10+,Episode start,2026-02-25,33
M0007505,E005102,K10+,Episode start,2026-02-20,36
M0007506,E005102,K10+,Episode end,2026-04-14,28
M0007507,E005103,K10+,Episode start,2026-02-21,38
M0007508,E005103,K10+,Episode end,2026-05-05,25
M0007509,E005105,K10+,Episode start,2026-03-13,28
M0007510,E005105,K10+,Episode end,2026-04-21,21
M0007511,E005106,SDQ,Episode start,2026-03-19,23
M0007512,E005106,SDQ,Episode end,2026-04-05,20
M0007513,E005107,K10+,Episode start,2026-02-17,30
M0007514,E005108,K10+,Episode start,2026-02-20,39
M0007515,E005109,K10+,Episode start,2026-02-15,30
M0007516,E005109,K10+,Episode end,2026-04-14,28
M0007517,E005110,K10+,Episode start,2026-02-16,32
M0007518,E005111,K10+,Episode start,2026-02-15,43
M0007519,E005111,K10+,Episode end,2026-04-19,38
M0007520,E005112,K10+,Episode start,2026-02-22,30
M0007521,E005112,K10+,Episode end,2026-04-22,22
M0007522,E005113,K10+,Episode start,2026-03-01,41
M0007523,E005113,K10+,Episode end,2026-05-20,31
M0007524,E005114,K10+,Episode start,2026-02-25,39
M0007525,E005114,K10+,Episode end,2026-04-07,33
M0007526,E005115,K10+,Episode start,2026-04-04,22
M0007527,E005115,K10+,Episode end,2026-06-18,10
M0007528,E005116,K10+,Episode start,2026-03-05,21
M0007529,E005117,K10+,Episode start,2026-02-18,41
M0007530,E005118,K10+,Episode start,2026-02-19,36
M0007531,E005118,K10+,Episode end,2026-05-02,42
M0007532,E005119,K10+,Episode start,2026-02-20,29
M0007533,E005119,K10+,Episode end,2026-04-16,12
M0007534,E005120,K10+,Episode end,2026-03-19,25
M0007535,E005121,SDQ,Episode start,2026-02-27,13
M0007536,E005122,K10+,Episode start,2026-02-20,30
M0007537,E005122,K10+,Episode end,2026-04-08,26
M0007538,E005123,K10+,Episode start,2026-02-24,26
M0007539,E005123,K10+,Episode end,2026-04-26,14
M0007540,E005124,K10+,Episode start,2026-02-25,26
M0007541,E005124,K10+,Episode end,2026-05-08,12
M0007542,E005125,K10+,Episode start,2026-02-26,34
M0007543,E005126,K10+,Episode start,2026-02-20,20
M0007544,E005126,K10+,Episode end,2026-03-18,10
M0007545,E005127,K10+,Episode start,2026-03-03,32
M0007546,E005128,K10+,Episode start,2026-02-26,22
M0007547,E005128,K10+,Episode end,2026-03-20,10
M0007548,E005129,K10+,Episode start,2026-02-28,25
M0007549,E005130,K10+,Episode start,2026-02-19,34
M0007550,E005130,K10+,Episode end,2026-04-13,27
M0007551,E005131,K10+,Episode start,2026-02-24,22
M0007552,E005131,K10+,Episode end,2026-03-13,14
M0007553,E005132,K10+,Episode start,2026-03-09,39
M0007554,E005132,K10+,Episode end,2026-05-30,40
M0007555,E005133,K10+,Episode start,2026-03-06,19
M0007556,E005133,K10+,Episode end,2026-06-04,21
M0007557,E005135,K10+,Episode start,2026-02-24,28
M0007558,E005135,K10+,Episode end,2026-03-03,18
M0007559,E005136,K10+,Episode start,2026-03-01,23
M0007560,E005136,K10+,Episode end,2026-04-06,23
M0007561,E005137,K10+,Episode end,2026-03-13,21
M0007562,E005138,K10+,Episode start,2026-02-25,33
M0007563,E005138,K10+,Episode end,2026-03-28,33
M0007564,E005139,SDQ,Episode start,2026-02-27,19
M0007565,E005139,SDQ,Episode end,2026-04-05,13
M0007566,E005140,K10+,Episode start,2026-06-02,29
M0007567,E005141,K10+,Episode start,2026-02-28,40
M0007568,E005141,K10+,Episode end,2026-05-01,31
M0007569,E005142,K10+,Episode start,2026-02-26,34
M0007570,E005142,K10+,Episode end,2026-04-07,23
M0007571,E005143,K10+,Episode end,2026-03-25,24
M0007572,E005144,K10+,Episode start,2026-03-31,27
M0007573,E005145,K10+,Episode end,2026-03-18,12
M0007574,E005147,K10+,Episode start,2026-02-26,39
M0007575,E005147,K10+,Episode end,2026-04-28,20
M0007576,E005148,K10+,Episode start,2026-03-13,34
M0007577,E005148,K10+,Episode end,2026-04-10,31
M0007578,E005150,K10+,Episode start,2026-03-02,30
M0007579,E005150,K10+,Episode end,2026-03-07,25
M0007580,E005151,K10+,Episode start,2026-03-04,39
M0007581,E005152,K10+,Episode start,2026-03-01,37
M0007582,E005152,K10+,Episode end,2026-03-16,41
M0007583,E005154,K10+,Episode start,2026-03-06,32
M0007584,E005155,K10+,Episode start,2026-02-28,31
M0007585,E005155,K10+,Episode end,2026-04-22,29
M0007586,E005156,K10+,Episode start,2026-03-05,30
M0007587,E005156,K10+,Episode end,2026-04-12,19
M0007588,E005157,SDQ,Episode start,2026-03-16,17
M0007589,E005158,K10+,Episode start,2026-03-07,31
M0007590,E005158,K10+,Episode end,2026-04-15,27
M0007591,E005159,K10+,Episode start,2026-03-07,40
M0007592,E005159,K10+,Episode end,2026-06-14,40
M0007593,E005161,K10+,Episode start,2026-03-02,40
M0007594,E005161,K10+,Episode end,2026-03-21,31
M0007595,E005162,K10+,Episode start,2026-02-26,17
M0007596,E005164,K10+,Episode start,2026-03-14,37
M0007597,E005165,K10+,Episode start,2026-03-03,22
M0007598,E005165,K10+,Episode end,2026-04-09,10
M0007599,E005166,K10+,Episode start,2026-03-03,40
M0007600,E005166,K10+,Episode end,2026-05-12,46
M0007601,E005167,K10+,Episode start,2026-02-28,22
M0007602,E005167,K10+,Episode end,2026-04-12,16
M0007603,E005168,K10+,Episode start,2026-03-17,24
M0007604,E005168,K10+,Episode end,2026-04-10,10
M0007605,E005169,K10+,Episode start,2026-03-05,28
M0007606,E005169,K10+,Episode end,2026-04-18,37
M0007607,E005170,K10+,Episode start,2026-03-04,31
M0007608,E005171,K10+,Episode start,2026-03-02,30
M0007609,E005171,K10+,Episode end,2026-05-07,19
M0007610,E005172,K10+,Episode start,2026-03-03,33
M0007611,E005173,K10+,Episode start,2026-03-05,28
M0007612,E005173,K10+,Episode end,2026-04-21,22
M0007613,E005174,K10+,Episode start,2026-03-01,36
M0007614,E005175,K10+,Episode start,2026-03-18,34
M0007615,E005175,K10+,Episode end,2026-04-26,26
M0007616,E005176,K10+,Episode start,2026-03-10,29
M0007617,E005176,K10+,Episode end,2026-04-24,10
M0007618,E005177,K10+,Episode start,2026-03-07,35
M0007619,E005177,K10+,Episode end,2026-04-29,25
M0007620,E005178,K10+,Episode start,2026-03-11,36
M0007621,E005179,K10+,Episode end,2026-04-07,20
M0007622,E005180,K10+,Episode start,2026-03-08,41
M0007623,E005181,K10+,Episode start,2026-03-07,26
M0007624,E005181,K10+,Episode end,2026-04-16,23
M0007625,E005182,K10+,Episode start,2026-03-31,28
M0007626,E005182,K10+,Episode end,2026-05-27,26
M0007627,E005183,K10+,Episode start,2026-03-23,28
M0007628,E005184,K10+,Episode start,2026-03-04,39
M0007629,E005184,K10+,Episode end,2026-04-17,27
M0007630,E005185,K10+,Episode start,2026-03-31,25
M0007631,E005185,K10+,Episode end,2026-04-30,21
M0007632,E005186,K10+,Episode start,2026-03-07,24
M0007633,E005186,K10+,Episode end,2026-05-26,20
M0007634,E005187,K10+,Episode start,2026-03-07,31
M0007635,E005188,K10+,Episode start,2026-03-10,24
M0007636,E005188,K10+,Episode end,2026-05-18,23
M0007637,E005189,K10+,Episode start,2026-03-09,29
M0007638,E005190,K10+,Episode start,2026-03-12,28
M0007639,E005190,K10+,Episode end,2026-04-24,31
M0007640,E005191,K10+,Episode start,2026-03-07,38
M0007641,E005192,K10+,Episode start,2026-03-10,49
M0007642,E005192,K10+,Episode end,2026-04-11,38
M0007643,E005193,SDQ,Episode start,2026-03-14,22
M0007644,E005193,SDQ,Episode end,2026-04-28,20
M0007645,E005194,K10+,Episode start,2026-03-07,38
M0007646,E005194,K10+,Episode end,2026-04-13,29
M0007647,E005195,K10+,Episode start,2026-03-09,36
M0007648,E005196,K10+,Episode start,2026-03-22,33
M0007649,E005196,K10+,Episode end,2026-04-05,25
M0007650,E005197,K10+,Episode start,2026-03-09,29
M0007651,E005197,K10+,Episode end,2026-04-08,15
M0007652,E005198,K10+,Episode start,2026-03-09,30
M0007653,E005198,K10+,Episode end,2026-06-01,24
M0007654,E005199,K10+,Episode start,2026-03-10,38
M0007655,E005199,K10+,Episode end,2026-04-27,26
M0007656,E005200,K10+,Episode start,2026-03-14,23
M0007657,E005200,K10+,Episode end,2026-05-14,13
M0007658,E005201,SDQ,Episode start,2026-03-21,18
M0007659,E005201,SDQ,Episode end,2026-04-13,3
M0007660,E005202,K10+,Episode start,2026-03-12,35
M0007661,E005202,K10+,Episode end,2026-03-31,31
M0007662,E005203,K10+,Episode end,2026-04-20,11
M0007663,E005205,K10+,Episode start,2026-03-12,31
M0007664,E005206,K10+,Episode start,2026-03-22,43
M0007665,E005207,K10+,Episode start,2026-03-20,39
M0007666,E005207,K10+,Episode end,2026-05-02,37
M0007667,E005208,K10+,Episode start,2026-03-12,33
M0007668,E005208,K10+,Episode end,2026-05-21,32
M0007669,E005209,SDQ,Episode start,2026-03-16,24
M0007670,E005209,SDQ,Episode end,2026-04-30,25
M0007671,E005210,K10+,Episode start,2026-03-13,28
M0007672,E005210,K10+,Episode end,2026-04-27,24
M0007673,E005211,K10+,Episode start,2026-03-14,28
M0007674,E005211,K10+,Episode end,2026-03-25,23
M0007675,E005212,K10+,Episode start,2026-03-16,32
M0007676,E005212,K10+,Episode end,2026-04-20,26
M0007677,E005213,K10+,Episode start,2026-03-18,40
M0007678,E005214,K10+,Episode start,2026-03-15,35
M0007679,E005214,K10+,Episode end,2026-05-08,32
M0007680,E005215,K10+,Episode start,2026-03-17,21
M0007681,E005215,K10+,Episode end,2026-04-25,12
M0007682,E005216,K10+,Episode start,2026-04-06,28
M0007683,E005216,K10+,Episode end,2026-05-21,25
M0007684,E005217,K10+,Episode start,2026-04-05,31
M0007685,E005218,K10+,Episode start,2026-03-27,24
M0007686,E005218,K10+,Episode end,2026-05-31,20
M0007687,E005219,K10+,Episode start,2026-03-22,30
M0007688,E005219,K10+,Episode end,2026-05-23,19
M0007689,E005220,K10+,Episode start,2026-03-23,42
M0007690,E005220,K10+,Episode end,2026-05-01,37
M0007691,E005221,K10+,Episode start,2026-03-24,34
M0007692,E005222,K10+,Episode start,2026-03-18,30
M0007693,E005222,K10+,Episode end,2026-05-21,31
M0007694,E005224,K10+,Episode start,2026-03-19,26
M0007695,E005224,K10+,Episode end,2026-04-29,23
M0007696,E005225,K10+,Episode start,2026-03-21,32
M0007697,E005226,K10+,Episode start,2026-03-20,30
M0007698,E005226,K10+,Episode end,2026-04-17,25
M0007699,E005227,K10+,Episode start,2026-03-22,23
M0007700,E005227,K10+,Episode end,2026-04-15,13
M0007701,E005228,K10+,Episode start,2026-03-22,29
M0007702,E005228,K10+,Episode end,2026-04-07,26
M0007703,E005229,K10+,Episode start,2026-03-26,28
M0007704,E005229,K10+,Episode end,2026-06-13,26
M0007705,E005230,K10+,Episode start,2026-03-28,38
M0007706,E005231,K10+,Episode start,2026-03-22,28
M0007707,E005231,K10+,Episode end,2026-05-19,18
M0007708,E005232,K10+,Episode start,2026-03-20,29
M0007709,E005232,K10+,Episode end,2026-04-17,26
M0007710,E005233,K10+,Episode end,2026-05-25,35
M0007711,E005234,K10+,Episode start,2026-03-24,21
M0007712,E005235,K10+,Episode start,2026-03-25,42
M0007713,E005235,K10+,Episode end,2026-05-08,35
M0007714,E005236,K10+,Episode start,2026-03-25,28
M0007715,E005237,K10+,Episode start,2026-04-05,30
M0007716,E005237,K10+,Episode end,2026-05-05,17
M0007717,E005238,K10+,Episode start,2026-03-26,42
M0007718,E005239,K10+,Episode start,2026-03-28,30
M0007719,E005239,K10+,Episode end,2026-05-17,14
M0007720,E005240,K10+,Episode start,2026-03-24,24
M0007721,E005240,K10+,Episode end,2026-06-16,22
M0007722,E005241,K10+,Episode start,2026-04-06,27
M0007723,E005241,K10+,Episode end,2026-05-22,25
M0007724,E005243,K10+,Episode start,2026-03-25,32
M0007725,E005243,K10+,Episode end,2026-05-08,18
M0007726,E005244,K10+,Episode start,2026-03-25,22
M0007727,E005244,K10+,Episode end,2026-05-07,17
M0007728,E005245,K10+,Episode start,2026-03-28,33
M0007729,E005245,K10+,Episode end,2026-05-09,32
M0007730,E005246,K10+,Episode start,2026-03-23,41
M0007731,E005246,K10+,Episode end,2026-05-14,39
M0007732,E005247,K10+,Episode start,2026-03-31,36
M0007733,E005248,K10+,Episode start,2026-03-27,32
M0007734,E005248,K10+,Episode end,2026-04-10,27
M0007735,E005250,K10+,Episode start,2026-04-03,30
M0007736,E005250,K10+,Episode end,2026-04-27,26
M0007737,E005251,K10+,Episode start,2026-03-28,17
M0007738,E005251,K10+,Episode end,2026-06-15,10
M0007739,E005252,K10+,Episode start,2026-04-10,23
M0007740,E005252,K10+,Episode end,2026-04-27,22
M0007741,E005255,K10+,Episode start,2026-03-27,31
M0007742,E005256,K10+,Episode start,2026-04-07,30
M0007743,E005256,K10+,Episode end,2026-05-26,15
M0007744,E005257,K10+,Episode start,2026-03-30,24
M0007745,E005257,K10+,Episode end,2026-06-01,12
M0007746,E005258,K10+,Episode start,2026-03-29,32
M0007747,E005258,K10+,Episode end,2026-05-05,25
M0007748,E005259,SDQ,Episode start,2026-05-10,21
M0007749,E005260,K10+,Episode start,2026-03-31,36
M0007750,E005260,K10+,Episode end,2026-05-18,31
M0007751,E005261,K10+,Episode start,2026-03-24,37
M0007752,E005261,K10+,Episode end,2026-05-11,34
M0007753,E005262,K10+,Episode start,2026-03-29,39
M0007754,E005263,K10+,Episode start,2026-03-27,25
M0007755,E005264,K10+,Episode start,2026-04-04,35
M0007756,E005265,K10+,Episode start,2026-03-29,28
M0007757,E005265,K10+,Episode end,2026-05-08,23
M0007758,E005266,K10+,Episode start,2026-03-25,38
M0007759,E005266,K10+,Episode end,2026-05-07,40
M0007760,E005267,K10+,Episode start,2026-04-03,22
M0007761,E005267,K10+,Episode end,2026-04-26,12
M0007762,E005268,K10+,Episode start,2026-04-10,41
M0007763,E005269,K10+,Episode start,2026-03-27,29
M0007764,E005272,K10+,Episode start,2026-03-27,36
M0007765,E005272,K10+,Episode end,2026-05-16,31
M0007766,E005273,K10+,Episode start,2026-04-10,25
M0007767,E005273,K10+,Episode end,2026-06-28,10
M0007768,E005274,K10+,Episode start,2026-03-29,33
M0007769,E005275,K10+,Episode start,2026-04-03,40
M0007770,E005275,K10+,Episode end,2026-04-23,35
M0007771,E005276,K10+,Episode start,2026-03-29,34
M0007772,E005276,K10+,Episode end,2026-05-18,31
M0007773,E005277,K10+,Episode start,2026-03-31,25
M0007774,E005277,K10+,Episode end,2026-04-12,27
M0007775,E005278,K10+,Episode start,2026-03-27,29
M0007776,E005278,K10+,Episode end,2026-04-18,19
M0007777,E005280,K10+,Episode start,2026-04-02,32
M0007778,E005280,K10+,Episode end,2026-05-14,28
M0007779,E005281,K10+,Episode start,2026-04-05,29
M0007780,E005281,K10+,Episode end,2026-04-28,19
M0007781,E005282,K10+,Episode start,2026-04-07,30
M0007782,E005282,K10+,Episode end,2026-04-21,25
M0007783,E005283,K10+,Episode start,2026-03-30,28
M0007784,E005283,K10+,Episode end,2026-05-17,11
M0007785,E005284,K10+,Episode end,2026-05-12,14
M0007786,E005285,K10+,Episode start,2026-03-29,33
M0007787,E005285,K10+,Episode end,2026-05-27,26
M0007788,E005286,K10+,Episode start,2026-04-03,27
M0007789,E005286,K10+,Episode end,2026-05-03,21
M0007790,E005288,K10+,Episode start,2026-04-01,36
M0007791,E005288,K10+,Episode end,2026-04-22,23
M0007792,E005289,K10+,Episode start,2026-04-11,31
M0007793,E005289,K10+,Episode end,2026-05-15,25
M0007794,E005290,K10+,Episode start,2026-04-01,30
M0007795,E005290,K10+,Episode end,2026-05-11,26
M0007796,E005291,K10+,Episode start,2026-04-04,35
M0007797,E005291,K10+,Episode end,2026-05-18,39
M0007798,E005292,K10+,Episode start,2026-04-04,33
M0007799,E005292,K10+,Episode end,2026-04-27,15
M0007800,E005293,K10+,Episode start,2026-04-17,31
M0007801,E005293,K10+,Episode end,2026-05-04,19
M0007802,E005294,K10+,Episode start,2026-04-10,28
M0007803,E005295,K10+,Episode start,2026-04-06,31
M0007804,E005295,K10+,Episode end,2026-05-07,25
M0007805,E005296,K10+,Episode start,2026-04-06,31
M0007806,E005296,K10+,Episode end,2026-04-23,32
M0007807,E005297,K10+,Episode start,2026-04-11,34
M0007808,E005297,K10+,Episode end,2026-06-21,14
M0007809,E005298,K10+,Episode start,2026-04-13,41
M0007810,E005298,K10+,Episode end,2026-05-30,36
M0007811,E005299,SDQ,Episode start,2026-05-01,23
M0007812,E005300,K10+,Episode start,2026-04-11,45
M0007813,E005300,K10+,Episode end,2026-05-23,30
M0007814,E005301,K10+,Episode start,2026-04-26,35
M0007815,E005301,K10+,Episode end,2026-05-23,27
M0007816,E005302,K10+,Episode start,2026-04-09,34
M0007817,E005302,K10+,Episode end,2026-05-13,19
M0007818,E005303,K10+,Episode start,2026-04-08,29
M0007819,E005303,K10+,Episode end,2026-04-30,25
M0007820,E005304,K10+,Episode start,2026-04-30,39
M0007821,E005305,K10+,Episode start,2026-04-08,36
M0007822,E005306,K10+,Episode start,2026-04-05,29
M0007823,E005306,K10+,Episode end,2026-06-16,18
M0007824,E005307,K10+,Episode start,2026-04-09,40
M0007825,E005307,K10+,Episode end,2026-05-08,31
M0007826,E005308,K10+,Episode start,2026-04-13,41
M0007827,E005308,K10+,Episode end,2026-05-20,27
M0007828,E005309,K10+,Episode start,2026-05-10,27
M0007829,E005309,K10+,Episode end,2026-06-18,23
M0007830,E005310,K10+,Episode start,2026-04-10,30
M0007831,E005310,K10+,Episode end,2026-05-14,26
M0007832,E005311,K10+,Episode start,2026-04-11,34
M0007833,E005311,K10+,Episode end,2026-06-30,32
M0007834,E005312,K10+,Episode start,2026-04-11,24
M0007835,E005312,K10+,Episode end,2026-06-05,10
M0007836,E005313,K10+,Episode start,2026-04-14,50
M0007837,E005313,K10+,Episode end,2026-05-31,42
M0007838,E005314,K10+,Episode start,2026-04-08,43
M0007839,E005314,K10+,Episode end,2026-06-03,30
M0007840,E005315,K10+,Episode start,2026-04-17,31
M0007841,E005315,K10+,Episode end,2026-06-03,29
M0007842,E005316,K10+,Episode start,2026-04-13,28
M0007843,E005316,K10+,Episode end,2026-05-31,15
M0007844,E005317,K10+,Episode start,2026-04-13,26
M0007845,E005317,K10+,Episode end,2026-05-17,21
M0007846,E005318,K10+,Episode start,2026-04-12,28
M0007847,E005318,K10+,Episode end,2026-06-08,16
M0007848,E005319,K10+,Episode start,2026-04-29,36
M0007849,E005319,K10+,Episode end,2026-05-30,31
M0007850,E005320,K10+,Episode start,2026-04-13,24
M0007851,E005320,K10+,Episode end,2026-05-16,19
M0007852,E005321,SDQ,Episode start,2026-04-16,19
M0007853,E005321,SDQ,Episode end,2026-06-06,15
M0007854,E005322,K10+,Episode start,2026-04-11,38
M0007855,E005322,K10+,Episode end,2026-05-21,28
M0007856,E005323,K10+,Episode start,2026-04-14,32
M0007857,E005324,K10+,Episode start,2026-04-12,35
M0007858,E005324,K10+,Episode end,2026-05-21,26
M0007859,E005325,K10+,Episode start,2026-04-07,30
M0007860,E005325,K10+,Episode end,2026-06-04,23
M0007861,E005326,K10+,Episode start,2026-04-16,35
M0007862,E005326,K10+,Episode end,2026-06-06,20
M0007863,E005327,K10+,Episode start,2026-04-16,37
M0007864,E005327,K10+,Episode end,2026-05-19,38
M0007865,E005328,K10+,Episode start,2026-04-18,34
M0007866,E005329,K10+,Episode start,2026-04-17,33
M0007867,E005329,K10+,Episode end,2026-05-16,24
M0007868,E005330,K10+,Episode start,2026-04-14,20
M0007869,E005330,K10+,Episode end,2026-05-20,24
M0007870,E005331,K10+,Episode end,2026-06-02,24
M0007871,E005332,K10+,Episode start,2026-04-17,19
M0007872,E005333,K10+,Episode start,2026-04-15,32
M0007873,E005333,K10+,Episode end,2026-06-11,31
M0007874,E005335,K10+,Episode start,2026-04-11,32
M0007875,E005335,K10+,Episode end,2026-05-17,18
M0007876,E005336,K10+,Episode start,2026-04-15,39
M0007877,E005336,K10+,Episode end,2026-05-20,35
M0007878,E005337,K10+,Episode start,2026-04-11,30
M0007879,E005339,K10+,Episode start,2026-05-14,28
M0007880,E005339,K10+,Episode end,2026-06-05,29
M0007881,E005340,K10+,Episode start,2026-04-17,18
M0007882,E005340,K10+,Episode end,2026-06-17,10
M0007883,E005342,K10+,Episode start,2026-04-15,40
M0007884,E005342,K10+,Episode end,2026-06-30,38
M0007885,E005343,K10+,Episode start,2026-04-19,25
M0007886,E005343,K10+,Episode end,2026-06-25,21
M0007887,E005344,K10+,Episode start,2026-04-24,32
M0007888,E005344,K10+,Episode end,2026-06-08,31
M0007889,E005345,K10+,Episode start,2026-04-15,24
M0007890,E005345,K10+,Episode end,2026-06-27,20
M0007891,E005346,K10+,Episode start,2026-04-12,31
M0007892,E005346,K10+,Episode end,2026-04-28,27
M0007893,E005347,SDQ,Episode start,2026-04-17,28
M0007894,E005348,K10+,Episode start,2026-04-21,28
M0007895,E005348,K10+,Episode end,2026-06-03,14
M0007896,E005349,K10+,Episode start,2026-04-26,39
M0007897,E005350,K10+,Episode start,2026-04-18,27
M0007898,E005350,K10+,Episode end,2026-06-02,23
M0007899,E005351,K10+,Episode start,2026-04-24,38
M0007900,E005351,K10+,Episode end,2026-05-30,29
M0007901,E005352,K10+,Episode start,2026-04-22,40
M0007902,E005352,K10+,Episode end,2026-05-09,27
M0007903,E005354,K10+,Episode start,2026-04-19,34
M0007904,E005354,K10+,Episode end,2026-05-11,28
M0007905,E005355,K10+,Episode start,2026-04-29,37
M0007906,E005355,K10+,Episode end,2026-05-10,27
M0007907,E005356,K10+,Episode start,2026-04-27,24
M0007908,E005357,K10+,Episode start,2026-04-25,25
M0007909,E005357,K10+,Episode end,2026-05-15,16
M0007910,E005358,K10+,Episode start,2026-04-23,34
M0007911,E005358,K10+,Episode end,2026-05-01,33
M0007912,E005360,SDQ,Episode start,2026-05-18,16
M0007913,E005360,SDQ,Episode end,2026-06-26,11
M0007914,E005361,K10+,Episode start,2026-04-20,32
M0007915,E005362,K10+,Episode start,2026-04-18,30
M0007916,E005363,K10+,Episode start,2026-05-01,27
M0007917,E005363,K10+,Episode end,2026-05-11,19
M0007918,E005364,K10+,Episode start,2026-04-22,23
M0007919,E005364,K10+,Episode end,2026-05-10,16
M0007920,E005365,K10+,Episode start,2026-04-27,21
M0007921,E005365,K10+,Episode end,2026-06-21,15
M0007922,E005366,K10+,Episode start,2026-04-27,39
M0007923,E005366,K10+,Episode end,2026-06-23,26
M0007924,E005367,K10+,Episode start,2026-05-02,32
M0007925,E005367,K10+,Episode end,2026-05-19,21
M0007926,E005369,K10+,Episode start,2026-04-24,30
M0007927,E005369,K10+,Episode end,2026-05-28,18
M0007928,E005370,K10+,Episode start,2026-04-25,41
M0007929,E005371,K10+,Episode start,2026-04-29,30
M0007930,E005371,K10+,Episode end,2026-05-18,27
M0007931,E005372,K10+,Episode start,2026-04-22,29
M0007932,E005372,K10+,Episode end,2026-06-01,22
M0007933,E005373,K10+,Episode start,2026-04-28,34
M0007934,E005373,K10+,Episode end,2026-05-11,25
M0007935,E005374,K10+,Episode start,2026-04-19,31
M0007936,E005375,K10+,Episode start,2026-05-23,27
M0007937,E005376,K10+,Episode start,2026-05-07,29
M0007938,E005376,K10+,Episode end,2026-06-22,21
M0007939,E005377,K10+,Episode start,2026-05-05,30
M0007940,E005378,K10+,Episode start,2026-05-04,25
M0007941,E005378,K10+,Episode end,2026-05-31,23
M0007942,E005379,K10+,Episode start,2026-04-22,27
M0007943,E005379,K10+,Episode end,2026-06-05,20
M0007944,E005380,K10+,Episode start,2026-04-27,33
M0007945,E005380,K10+,Episode end,2026-05-24,26
M0007946,E005381,K10+,Episode start,2026-04-26,31
M0007947,E005381,K10+,Episode end,2026-05-08,18
M0007948,E005382,K10+,Episode start,2026-04-26,36
M0007949,E005382,K10+,Episode end,2026-06-01,35
M0007950,E005383,K10+,Episode start,2026-04-26,31
M0007951,E005383,K10+,Episode end,2026-06-19,19
M0007952,E005384,K10+,Episode start,2026-05-17,34
M0007953,E005386,K10+,Episode start,2026-04-30,30
M0007954,E005387,K10+,Episode start,2026-04-27,43
M0007955,E005387,K10+,Episode end,2026-06-13,35
M0007956,E005389,K10+,Episode start,2026-04-26,29
M0007957,E005389,K10+,Episode end,2026-06-30,25
M0007958,E005390,K10+,Episode start,2026-04-27,36
M0007959,E005390,K10+,Episode end,2026-05-19,21
M0007960,E005391,K10+,Episode start,2026-04-28,41
M0007961,E005391,K10+,Episode end,2026-05-09,37
M0007962,E005392,K10+,Episode start,2026-05-28,42
M0007963,E005392,K10+,Episode end,2026-06-17,36
M0007964,E005393,K10+,Episode start,2026-04-26,32
M0007965,E005394,K10+,Episode end,2026-06-04,38
M0007966,E005395,K10+,Episode start,2026-05-06,30
M0007967,E005396,K10+,Episode start,2026-04-26,28
M0007968,E005396,K10+,Episode end,2026-06-13,28
M0007969,E005397,K10+,Episode start,2026-05-09,27
M0007970,E005397,K10+,Episode end,2026-06-03,12
M0007971,E005398,K10+,Episode start,2026-05-07,34
M0007972,E005399,K10+,Episode start,2026-05-01,29
M0007973,E005399,K10+,Episode end,2026-06-12,25
M0007974,E005402,K10+,Episode start,2026-05-03,39
M0007975,E005403,K10+,Episode start,2026-05-06,35
M0007976,E005403,K10+,Episode end,2026-06-14,20
M0007977,E005404,K10+,Episode start,2026-05-08,40
M0007978,E005405,K10+,Episode start,2026-04-27,29
M0007979,E005405,K10+,Episode end,2026-05-30,22
M0007980,E005406,K10+,Episode start,2026-05-14,28
M0007981,E005406,K10+,Episode end,2026-06-16,19
M0007982,E005407,K10+,Episode start,2026-05-03,33
M0007983,E005407,K10+,Episode end,2026-05-29,25
M0007984,E005408,K10+,Episode start,2026-04-27,25
M0007985,E005408,K10+,Episode end,2026-05-16,22
M0007986,E005409,K10+,Episode start,2026-05-06,31
M0007987,E005410,K10+,Episode start,2026-05-06,34
M0007988,E005411,K10+,Episode start,2026-04-29,35
M0007989,E005411,K10+,Episode end,2026-05-16,26
M0007990,E005412,K10+,Episode start,2026-05-03,36
M0007991,E005413,K10+,Episode start,2026-05-09,33
M0007992,E005413,K10+,Episode end,2026-06-11,27
M0007993,E005414,K10+,Episode start,2026-06-10,31
M0007994,E005415,K10+,Episode start,2026-05-05,33
M0007995,E005415,K10+,Episode end,2026-06-16,38
M0007996,E005416,K10+,Episode start,2026-05-06,33
M0007997,E005416,K10+,Episode end,2026-05-29,22
M0007998,E005417,K10+,Episode start,2026-05-10,32
M0007999,E005418,K10+,Episode start,2026-05-28,22
M0008000,E005419,K10+,Episode start,2026-05-18,22
M0008001,E005419,K10+,Episode end,2026-06-24,27
M0008002,E005420,K10+,Episode start,2026-05-06,43
M0008003,E005421,K10+,Episode start,2026-05-07,36
M0008004,E005421,K10+,Episode end,2026-05-23,27
M0008005,E005422,K10+,Episode start,2026-05-09,37
M0008006,E005422,K10+,Episode end,2026-06-22,29
M0008007,E005423,K10+,Episode start,2026-05-11,30
M0008008,E005424,K10+,Episode start,2026-05-08,14
M0008009,E005426,K10+,Episode start,2026-05-07,29
M0008010,E005427,K10+,Episode start,2026-05-09,30
M0008011,E005428,K10+,Episode start,2026-05-14,38
M0008012,E005429,SDQ,Episode start,2026-05-15,26
M0008013,E005429,SDQ,Episode end,2026-06-26,23
M0008014,E005430,K10+,Episode start,2026-05-28,27
M0008015,E005431,K10+,Episode start,2026-05-19,33
M0008016,E005431,K10+,Episode end,2026-06-27,27
M0008017,E005432,K10+,Episode start,2026-05-05,32
M0008018,E005432,K10+,Episode end,2026-06-06,20
M0008019,E005433,K10+,Episode start,2026-05-13,29
M0008020,E005433,K10+,Episode end,2026-06-14,33
M0008021,E005435,K10+,Episode start,2026-05-13,36
M0008022,E005435,K10+,Episode end,2026-06-23,37
M0008023,E005436,K10+,Episode start,2026-05-10,31
M0008024,E005436,K10+,Episode end,2026-05-30,27
M0008025,E005437,K10+,Episode start,2026-05-14,33
M0008026,E005438,K10+,Episode start,2026-05-20,21
M0008027,E005439,K10+,Episode start,2026-05-08,30
M0008028,E005439,K10+,Episode end,2026-05-21,21
M0008029,E005440,K10+,Episode start,2026-05-11,28
M0008030,E005440,K10+,Episode end,2026-06-15,13
M0008031,E005441,K10+,Episode start,2026-05-11,38
M0008032,E005442,K10+,Episode start,2026-05-13,27
M0008033,E005442,K10+,Episode end,2026-06-25,11
M0008034,E005443,K10+,Episode start,2026-05-18,32
M0008035,E005444,K10+,Episode start,2026-05-15,33
M0008036,E005444,K10+,Episode end,2026-06-21,23
M0008037,E005445,K10+,Episode start,2026-05-26,35
M0008038,E005446,K10+,Episode start,2026-05-10,39
M0008039,E005446,K10+,Episode end,2026-06-27,28
M0008040,E005447,K10+,Episode start,2026-05-12,25
M0008041,E005447,K10+,Episode end,2026-05-29,13
M0008042,E005449,K10+,Episode end,2026-06-11,28
M0008043,E005450,K10+,Episode start,2026-05-09,34
M0008044,E005451,K10+,Episode start,2026-05-14,31
M0008045,E005452,K10+,Episode start,2026-05-11,29
M0008046,E005452,K10+,Episode end,2026-06-20,22
M0008047,E005453,K10+,Episode start,2026-05-18,36
M0008048,E005453,K10+,Episode end,2026-06-01,23
M0008049,E005455,K10+,Episode start,2026-05-29,26
M0008050,E005456,K10+,Episode start,2026-05-11,26
M0008051,E005456,K10+,Episode end,2026-06-11,18
M0008052,E005457,K10+,Episode start,2026-05-13,29
M0008053,E005458,K10+,Episode start,2026-05-14,22
M0008054,E005459,K10+,Episode start,2026-05-17,35
M0008055,E005460,K10+,Episode start,2026-05-29,30
M0008056,E005460,K10+,Episode end,2026-06-27,25
M0008057,E005461,K10+,Episode start,2026-05-15,33
M0008058,E005462,K10+,Episode start,2026-05-19,28
M0008059,E005462,K10+,Episode end,2026-06-17,18
M0008060,E005463,K10+,Episode start,2026-05-22,21
M0008061,E005464,K10+,Episode start,2026-05-17,29
M0008062,E005465,K10+,Episode start,2026-05-17,29
M0008063,E005465,K10+,Episode end,2026-06-05,25
M0008064,E005466,K10+,Episode start,2026-05-25,26
M0008065,E005467,K10+,Episode start,2026-05-18,38
M0008066,E005468,K10+,Episode start,2026-05-22,23
M0008067,E005468,K10+,Episode end,2026-06-10,31
M0008068,E005469,K10+,Episode end,2026-06-19,28
M0008069,E005470,K10+,Episode start,2026-05-28,30
M0008070,E005471,K10+,Episode start,2026-05-30,28
M0008071,E005471,K10+,Episode end,2026-06-30,14
M0008072,E005472,K10+,Episode start,2026-05-25,39
M0008073,E005473,K10+,Episode start,2026-05-19,35
M0008074,E005474,K10+,Episode start,2026-05-20,29
M0008075,E005474,K10+,Episode end,2026-06-24,27
M0008076,E005475,K10+,Episode start,2026-05-24,35
M0008077,E005475,K10+,Episode end,2026-06-29,25
M0008078,E005477,K10+,Episode start,2026-05-19,23
M0008079,E005477,K10+,Episode end,2026-06-17,17
M0008080,E005478,K10+,Episode start,2026-05-24,30
M0008081,E005478,K10+,Episode end,2026-06-29,28
M0008082,E005479,K10+,Episode start,2026-06-08,26
M0008083,E005480,K10+,Episode start,2026-05-29,25
M0008084,E005480,K10+,Episode end,2026-06-06,10
M0008085,E005481,K10+,Episode start,2026-05-23,37
M0008086,E005482,K10+,Episode start,2026-05-20,29
M0008087,E005482,K10+,Episode end,2026-06-02,19
M0008088,E005483,K10+,Episode start,2026-06-25,26
M0008089,E005485,K10+,Episode start,2026-06-03,30
M0008090,E005486,K10+,Episode start,2026-05-24,32
M0008091,E005487,K10+,Episode start,2026-05-24,31
M0008092,E005487,K10+,Episode end,2026-06-19,29
M0008093,E005488,K10+,Episode start,2026-05-23,33
M0008094,E005488,K10+,Episode end,2026-06-15,25
M0008095,E005490,SDQ,Episode start,2026-05-22,24
M0008096,E005490,SDQ,Episode end,2026-06-27,25
M0008097,E005491,K10+,Episode start,2026-06-02,26
M0008098,E005492,K10+,Episode start,2026-06-15,32
M0008099,E005493,K10+,Episode start,2026-05-29,27
M0008100,E005494,K10+,Episode start,2026-05-23,31
M0008101,E005494,K10+,Episode end,2026-06-25,19
M0008102,E005495,K10+,Episode start,2026-05-25,25
M0008103,E005495,K10+,Episode end,2026-06-22,10
M0008104,E005496,K10+,Episode start,2026-05-23,18
M0008105,E005497,K10+,Episode start,2026-05-25,28
M0008106,E005497,K10+,Episode end,2026-06-30,29
M0008107,E005498,K10+,Episode start,2026-06-19,35
M0008108,E005499,K10+,Episode start,2026-05-25,18
M0008109,E005499,K10+,Episode end,2026-06-25,13
M0008110,E005500,K10+,Episode start,2026-05-29,31
M0008111,E005501,K10+,Episode start,2026-05-27,41
M0008112,E005502,K10+,Episode start,2026-05-25,26
M0008113,E005502,K10+,Episode end,2026-06-19,23
M0008114,E005503,K10+,Episode start,2026-06-25,31
M0008115,E005504,K10+,Episode start,2026-05-23,40
M0008116,E005504,K10+,Episode end,2026-06-21,37
M0008117,E005505,K10+,Episode start,2026-06-02,25
M0008118,E005507,K10+,Episode start,2026-05-25,33
M0008119,E005508,K10+,Episode start,2026-05-25,27
M0008120,E005509,K10+,Episode start,2026-06-10,38
M0008121,E005510,K10+,Episode start,2026-06-03,22
M0008122,E005510,K10+,Episode end,2026-06-29,23
M0008123,E005511,SDQ,Episode start,2026-05-28,11
M0008124,E005512,K10+,Episode start,2026-06-04,41
M0008125,E005513,K10+,Episode start,2026-05-30,23
M0008126,E005514,K10+,Episode start,2026-06-10,25
M0008127,E005516,K10+,Episode start,2026-06-07,46
M0008128,E005517,K10+,Episode start,2026-05-30,28
M0008129,E005517,K10+,Episode end,2026-06-28,13
M0008130,E005518,K10+,Episode start,2026-06-29,31
M0008131,E005519,K10+,Episode start,2026-05-28,21
M0008132,E005520,K10+,Episode start,2026-06-07,17
M0008133,E005520,K10+,Episode end,2026-06-29,10
M0008134,E005522,K10+,Episode start,2026-06-07,36
M0008135,E005522,K10+,Episode end,2026-06-29,31
M0008136,E005523,K10+,Episode start,2026-05-30,28
M0008137,E005524,K10+,Episode start,2026-06-01,32
M0008138,E005525,K10+,Episode start,2026-06-02,34
M0008139,E005525,K10+,Episode end,2026-06-20,31
M0008140,E005526,K10+,Episode start,2026-06-05,30
M0008141,E005527,K10+,Episode start,2026-06-12,33
M0008142,E005528,K10+,Episode start,2026-06-17,27
M0008143,E005529,K10+,Episode start,2026-06-07,28
M0008144,E005530,K10+,Episode start,2026-06-04,25
M0008145,E005531,K10+,Episode start,2026-06-07,39
M0008146,E005532,K10+,Episode start,2026-06-01,30
M0008147,E005533,K10+,Episode start,2026-06-11,31
M0008148,E005535,K10+,Episode start,2026-06-08,36
M0008149,E005536,K10+,Episode start,2026-06-03,28
M0008150,E005537,K10+,Episode start,2026-06-11,29
M0008151,E005538,K10+,Episode start,2026-06-10,32
M0008152,E005539,K10+,Episode start,2026-06-02,41
M0008153,E005540,K10+,Episode start,2026-06-28,37
M0008154,E005541,K10+,Episode start,2026-06-06,20
M0008155,E005542,K10+,Episode start,2026-06-30,36
M0008156,E005544,K10+,Episode start,2026-06-12,27
M0008157,E005545,K10+,Episode start,2026-06-18,31
M0008158,E005546,K10+,Episode start,2026-06-08,38
M0008159,E005546,K10+,Episode end,2026-06-30,29
M0008160,E005547,K10+,Episode start,2026-06-11,31
M0008161,E005548,K10+,Episode start,2026-06-08,39
M0008162,E005549,K10+,Episode start,2026-06-16,27
M0008163,E005550,K10+,Episode start,2026-06-10,32
M0008164,E005551,K10+,Episode start,2026-06-06,25
M0008165,E005551,K10+,Episode end,2026-06-25,24
M0008166,E005552,K10+,Episode start,2026-06-20,23
M0008167,E005553,K10+,Episode start,2026-06-19,31
M0008168,E005554,K10+,Episode start,2026-06-23,41
M0008169,E005555,K10+,Episode start,2026-06-09,39
M0008170,E005556,K10+,Episode start,2026-06-09,40
M0008171,E005557,K10+,Episode start,2026-06-15,19
M0008172,E005559,K10+,Episode start,2026-06-18,23
M0008173,E005562,SDQ,Episode start,2026-06-14,7
M0008174,E005563,K10+,Episode start,2026-06-28,32
M0008175,E005564,K10+,Episode start,2026-06-08,31
M0008176,E005567,K10+,Episode start,2026-06-26,23
M0008177,E005568,K10+,Episode start,2026-06-15,31
M0008178,E005569,K10+,Episode start,2026-06-26,32
M0008179,E005570,K10+,Episode start,2026-06-17,38
M0008180,E005571,K10+,Episode start,2026-06-10,38
M0008181,E005572,K10+,Episode start,2026-06-24,40
M0008182,E005574,K10+,Episode start,2026-06-27,27
M0008183,E005577,K10+,Episode start,2026-06-18,29
M0008184,E005578,K10+,Episode start,2026-06-18,37
M0008185,E005579,K10+,Episode start,2026-06-17,27
M0008186,E005581,K10+,Episode start,2026-06-18,34
M0008187,E005582,K10+,Episode start,2026-06-17,31
M0008188,E005584,K10+,Episode start,2026-06-22,28
M0008189,E005585,K10+,Episode start,2026-06-29,40
M0008190,E005586,K10+,Episode start,2026-06-14,30
M0008191,E005587,K10+,Episode start,2026-06-22,34
M0008192,E005588,K10+,Episode start,2026-06-23,27
M0008193,E005589,K10+,Episode start,2026-06-20,40
M0008194,E005590,K10+,Episode start,2026-06-20,34
M0008195,E005591,K10+,Episode start,2026-06-20,32
M0008196,E005592,K10+,Episode start,2026-06-24,28
M0008197,E005594,K10+,Episode start,2026-06-28,35
M0008198,E005596,K10+,Episode start,2026-06-25,34
M0008199,E005597,K10+,Episode start,2026-06-27,32
M0008200,E005601,K10+,Episode start,2026-06-29,34
M0008201,E005603,K10+,Episode start,2026-06-25,34
M0008202,E005604,K10+,Episode start,2026-06-26,31
M0008203,E005608,K10+,Episode start,2026-06-27,24
M0008204,E005609,K10+,Episode start,2026-06-27,31
M0008205,E005613,K10+,Episode start,2026-06-28,36
M0008206,E005615,K10+,Episode start,2026-06-29,27
M0008207,E005638,K10+,Episode start,2025-01-17,27
M0008208,E005639,K10+,Episode start,2025-01-06,26
M0008209,E005640,K10+,Episode start,2025-01-11,39
M0008210,E005641,K10+,Episode start,2025-01-14,26
M0008211,E005641,K10+,Episode end,2025-05-08,20
M0008212,E005642,K10+,Episode start,2025-01-13,34
M0008213,E005642,K10+,Episode end,2025-09-16,18
M0008214,E005643,SDQ,Episode start,2025-01-19,20
M0008215,E005643,SDQ,Episode end,2025-08-08,19
M0008216,E005644,K10+,Episode start,2025-01-19,24
M0008217,E005644,K10+,Episode end,2025-07-11,15
M0008218,E005645,K10+,Episode start,2025-01-28,29
M0008219,E005645,K10+,Episode end,2025-10-15,13
M0008220,E005646,K10+,Episode start,2025-02-01,25
M0008221,E005646,K10+,Episode end,2025-04-18,22
M0008222,E005647,K10+,Episode start,2025-01-23,39
M0008223,E005647,K10+,Episode end,2025-08-16,29
M0008224,E005648,K10+,Episode start,2025-01-23,30
M0008225,E005648,K10+,Episode end,2025-08-05,23
M0008226,E005649,K10+,Episode start,2025-01-23,32
M0008227,E005649,K10+,Episode end,2025-05-15,30
M0008228,E005650,K10+,Episode start,2025-02-06,34
M0008229,E005650,K10+,Episode end,2025-10-07,30
M0008230,E005652,K10+,Episode start,2025-01-25,28
M0008231,E005652,K10+,Episode end,2025-12-01,31
M0008232,E005653,K10+,Episode start,2025-01-26,24
M0008233,E005653,K10+,Episode end,2025-08-14,22
M0008234,E005655,K10+,Episode start,2025-02-19,36
M0008235,E005655,K10+,Episode end,2025-06-06,35
M0008236,E005656,K10+,Episode start,2025-02-01,30
M0008237,E005656,K10+,Episode end,2025-09-01,10
M0008238,E005658,K10+,Episode start,2025-02-07,32
M0008239,E005658,K10+,Episode end,2025-05-13,16
M0008240,E005659,K10+,Episode start,2025-02-10,32
M0008241,E005659,K10+,Episode end,2025-11-12,27
M0008242,E005660,K10+,Episode start,2025-02-08,21
M0008243,E005660,K10+,Episode end,2025-08-26,10
M0008244,E005661,K10+,Episode start,2025-02-10,27
M0008245,E005661,K10+,Episode end,2025-09-11,16
M0008246,E005662,K10+,Episode start,2025-02-12,39
M0008247,E005662,K10+,Episode end,2025-08-19,35
M0008248,E005663,K10+,Episode end,2025-05-27,32
M0008249,E005664,K10+,Episode start,2025-02-06,39
M0008250,E005664,K10+,Episode end,2025-06-27,44
M0008251,E005665,K10+,Episode start,2025-02-06,31
M0008252,E005665,K10+,Episode end,2025-06-01,24
M0008253,E005666,K10+,Episode start,2025-02-10,31
M0008254,E005666,K10+,Episode end,2025-06-06,30
M0008255,E005667,K10+,Episode start,2025-02-07,24
M0008256,E005667,K10+,Episode end,2025-03-31,17
M0008257,E005669,K10+,Episode end,2025-12-10,41
M0008258,E005671,K10+,Episode start,2025-02-12,39
M0008259,E005671,K10+,Episode end,2025-06-25,35
M0008260,E005672,K10+,Episode start,2025-02-22,26
M0008261,E005672,K10+,Episode end,2025-12-16,10
M0008262,E005673,K10+,Episode start,2025-02-18,34
M0008263,E005673,K10+,Episode end,2025-06-22,30
M0008264,E005674,K10+,Episode start,2025-02-28,31
M0008265,E005675,K10+,Episode end,2025-08-03,36
M0008266,E005676,K10+,Episode start,2025-02-14,29
M0008267,E005676,K10+,Episode end,2026-01-21,17
M0008268,E005677,K10+,Episode start,2025-02-21,24
M0008269,E005677,K10+,Episode end,2025-09-19,23
M0008270,E005678,K10+,Episode start,2025-02-23,28
M0008271,E005678,K10+,Episode end,2025-11-11,17
M0008272,E005679,K10+,Episode start,2025-02-14,30
M0008273,E005679,K10+,Episode end,2025-07-23,33
M0008274,E005680,K10+,Episode start,2025-02-23,24
M0008275,E005680,K10+,Episode end,2025-06-27,16
M0008276,E005681,K10+,Episode end,2025-09-25,31
M0008277,E005682,K10+,Episode end,2025-07-12,11
M0008278,E005683,K10+,Episode start,2025-02-18,29
M0008279,E005683,K10+,Episode end,2025-08-27,21
M0008280,E005684,K10+,Episode start,2025-02-23,17
M0008281,E005684,K10+,Episode end,2025-10-14,14
M0008282,E005686,K10+,Episode start,2025-02-17,36
M0008283,E005686,K10+,Episode end,2025-04-30,33
M0008284,E005688,K10+,Episode start,2025-02-21,36
M0008285,E005688,K10+,Episode end,2025-11-17,22
M0008286,E005689,K10+,Episode start,2025-02-20,33
M0008287,E005689,K10+,Episode end,2025-12-14,26
M0008288,E005690,K10+,Episode start,2025-02-26,38
M0008289,E005691,K10+,Episode start,2025-02-24,26
M0008290,E005691,K10+,Episode end,2025-06-12,29
M0008291,E005692,K10+,Episode start,2025-03-20,30
M0008292,E005692,K10+,Episode end,2026-02-08,27
M0008293,E005693,K10+,Episode start,2025-03-09,33
M0008294,E005693,K10+,Episode end,2025-04-04,33
M0008295,E005694,K10+,Episode start,2025-02-25,24
M0008296,E005694,K10+,Episode end,2025-07-29,25
M0008297,E005695,K10+,Episode start,2025-02-24,39
M0008298,E005695,K10+,Episode end,2025-07-13,27
M0008299,E005696,K10+,Episode start,2025-02-26,23
M0008300,E005696,K10+,Episode end,2025-08-31,22
M0008301,E005698,K10+,Episode start,2025-02-27,36
M0008302,E005698,K10+,Episode end,2025-11-12,35
M0008303,E005700,K10+,Episode start,2025-03-04,22
M0008304,E005700,K10+,Episode end,2025-12-31,10
M0008305,E005701,K10+,Episode start,2025-03-04,29
M0008306,E005702,K10+,Episode start,2025-03-15,15
M0008307,E005702,K10+,Episode end,2025-12-08,10
M0008308,E005703,K10+,Episode start,2025-03-04,28
M0008309,E005704,K10+,Episode start,2025-03-18,33
M0008310,E005704,K10+,Episode end,2025-11-02,31
M0008311,E005705,K10+,Episode start,2025-03-07,33
M0008312,E005705,K10+,Episode end,2025-07-08,36
M0008313,E005706,K10+,Episode start,2025-03-09,30
M0008314,E005706,K10+,Episode end,2025-06-30,10
M0008315,E005707,K10+,Episode start,2025-03-16,27
M0008316,E005707,K10+,Episode end,2025-04-22,10
M0008317,E005708,K10+,Episode start,2025-03-06,19
M0008318,E005708,K10+,Episode end,2025-07-20,18
M0008319,E005709,K10+,Episode start,2025-03-12,24
M0008320,E005709,K10+,Episode end,2025-06-01,23
M0008321,E005710,K10+,Episode start,2025-03-28,16
M0008322,E005710,K10+,Episode end,2025-09-23,10
M0008323,E005711,K10+,Episode start,2025-03-11,31
M0008324,E005711,K10+,Episode end,2025-09-23,26
M0008325,E005712,K10+,Episode end,2025-06-29,27
M0008326,E005713,K10+,Episode start,2025-03-16,38
M0008327,E005713,K10+,Episode end,2025-09-09,33
M0008328,E005714,K10+,Episode start,2025-03-09,28
M0008329,E005715,K10+,Episode start,2025-04-09,35
M0008330,E005715,K10+,Episode end,2025-05-16,23
M0008331,E005716,K10+,Episode start,2025-03-11,34
M0008332,E005716,K10+,Episode end,2025-07-26,23
M0008333,E005717,K10+,Episode start,2025-03-24,28
M0008334,E005718,K10+,Episode end,2025-10-14,28
M0008335,E005719,K10+,Episode start,2025-03-25,34
M0008336,E005719,K10+,Episode end,2025-12-28,27
M0008337,E005720,K10+,Episode start,2025-04-15,32
M0008338,E005720,K10+,Episode end,2025-08-08,22
M0008339,E005721,K10+,Episode start,2025-03-25,25
M0008340,E005721,K10+,Episode end,2025-12-11,16
M0008341,E005722,K10+,Episode start,2025-03-27,33
M0008342,E005722,K10+,Episode end,2025-07-06,36
M0008343,E005723,K10+,Episode start,2025-03-21,30
M0008344,E005723,K10+,Episode end,2025-11-16,29
M0008345,E005724,K10+,Episode start,2025-03-28,38
M0008346,E005724,K10+,Episode end,2025-05-11,37
M0008347,E005725,K10+,Episode start,2025-03-28,42
M0008348,E005725,K10+,Episode end,2025-10-19,34
M0008349,E005726,SDQ,Episode start,2025-03-31,11
M0008350,E005727,K10+,Episode start,2025-03-24,37
M0008351,E005727,K10+,Episode end,2025-10-06,32
M0008352,E005728,K10+,Episode start,2025-03-27,27
M0008353,E005728,K10+,Episode end,2025-05-23,26
M0008354,E005729,K10+,Episode start,2025-03-24,27
M0008355,E005729,K10+,Episode end,2025-09-13,24
M0008356,E005730,K10+,Episode start,2025-03-30,35
M0008357,E005730,K10+,Episode end,2025-08-20,43
M0008358,E005731,K10+,Episode start,2025-03-28,34
M0008359,E005733,K10+,Episode start,2025-03-26,35
M0008360,E005733,K10+,Episode end,2026-03-15,34
M0008361,E005735,K10+,Episode start,2025-04-05,36
M0008362,E005735,K10+,Episode end,2025-07-22,26
M0008363,E005736,K10+,Episode start,2025-03-27,38
M0008364,E005736,K10+,Episode end,2025-06-28,30
M0008365,E005737,K10+,Episode start,2025-03-27,26
M0008366,E005737,K10+,Episode end,2026-03-11,14
M0008367,E005738,K10+,Episode start,2025-03-26,32
M0008368,E005740,K10+,Episode start,2025-03-30,28
M0008369,E005741,K10+,Episode start,2025-03-30,21
M0008370,E005741,K10+,Episode end,2025-08-03,16
M0008371,E005742,K10+,Episode start,2025-03-29,34
M0008372,E005742,K10+,Episode end,2025-11-03,14
M0008373,E005743,K10+,Episode start,2025-04-10,39
M0008374,E005743,K10+,Episode end,2025-09-20,26
M0008375,E005744,K10+,Episode start,2025-05-01,18
M0008376,E005745,K10+,Episode start,2025-03-30,23
M0008377,E005745,K10+,Episode end,2025-07-23,10
M0008378,E005746,SDQ,Episode end,2025-09-09,16
M0008379,E005747,K10+,Episode start,2025-04-01,27
M0008380,E005747,K10+,Episode end,2025-07-06,15
M0008381,E005748,K10+,Episode start,2025-05-13,25
M0008382,E005748,K10+,Episode end,2025-08-23,19
M0008383,E005749,K10+,Episode start,2025-04-04,28
M0008384,E005749,K10+,Episode end,2025-07-07,34
M0008385,E005750,K10+,Episode start,2025-04-06,29
M0008386,E005750,K10+,Episode end,2025-08-31,22
M0008387,E005752,K10+,Episode start,2025-05-03,46
M0008388,E005752,K10+,Episode end,2025-09-26,41
M0008389,E005753,K10+,Episode start,2025-04-13,29
M0008390,E005753,K10+,Episode end,2025-10-02,25
M0008391,E005754,K10+,Episode start,2025-04-10,25
M0008392,E005754,K10+,Episode end,2025-10-23,22
M0008393,E005755,K10+,Episode start,2025-04-08,38
M0008394,E005756,K10+,Episode start,2025-04-17,42
M0008395,E005756,K10+,Episode end,2025-07-01,42
M0008396,E005757,K10+,Episode start,2025-04-15,23
M0008397,E005757,K10+,Episode end,2025-10-13,10
M0008398,E005758,K10+,Episode start,2025-04-23,33
M0008399,E005758,K10+,Episode end,2026-01-01,27
M0008400,E005759,K10+,Episode start,2025-04-11,32
M0008401,E005761,K10+,Episode end,2025-09-08,36
M0008402,E005762,K10+,Episode start,2025-04-24,37
M0008403,E005762,K10+,Episode end,2025-07-25,30
M0008404,E005764,K10+,Episode start,2025-04-27,32
M0008405,E005764,K10+,Episode end,2025-11-06,20
M0008406,E005765,K10+,Episode start,2025-04-23,36
M0008407,E005766,K10+,Episode start,2025-05-01,19
M0008408,E005767,K10+,Episode start,2025-04-28,36
M0008409,E005767,K10+,Episode end,2026-05-06,31
M0008410,E005768,K10+,Episode start,2025-04-20,29
M0008411,E005768,K10+,Episode end,2025-12-16,25
M0008412,E005769,K10+,Episode start,2025-04-26,31
M0008413,E005769,K10+,Episode end,2026-02-28,22
M0008414,E005771,K10+,Episode start,2025-05-04,23
M0008415,E005773,K10+,Episode start,2025-04-24,23
M0008416,E005773,K10+,Episode end,2025-09-09,11
M0008417,E005774,K10+,Episode start,2025-04-29,31
M0008418,E005774,K10+,Episode end,2025-09-01,30
M0008419,E005775,SDQ,Episode start,2025-04-22,19
M0008420,E005775,SDQ,Episode end,2025-06-30,12
M0008421,E005776,K10+,Episode start,2025-04-24,33
M0008422,E005776,K10+,Episode end,2025-12-09,28
M0008423,E005778,K10+,Episode start,2025-04-25,24
M0008424,E005779,K10+,Episode start,2025-04-22,28
M0008425,E005780,K10+,Episode start,2025-04-25,28
M0008426,E005780,K10+,Episode end,2025-10-20,24
M0008427,E005782,K10+,Episode start,2025-04-29,26
M0008428,E005782,K10+,Episode end,2025-09-17,28
M0008429,E005783,K10+,Episode start,2025-05-03,31
M0008430,E005783,K10+,Episode end,2025-07-24,29
M0008431,E005784,SDQ,Episode start,2025-05-04,19
M0008432,E005784,SDQ,Episode end,2025-11-19,18
M0008433,E005785,K10+,Episode start,2025-05-06,32
M0008434,E005785,K10+,Episode end,2025-10-16,28
M0008435,E005786,K10+,Episode start,2025-05-12,21
M0008436,E005787,K10+,Episode start,2025-04-27,37
M0008437,E005787,K10+,Episode end,2025-12-11,30
M0008438,E005788,K10+,Episode start,2025-05-10,15
M0008439,E005788,K10+,Episode end,2025-09-29,10
M0008440,E005789,K10+,Episode start,2025-05-01,23
M0008441,E005790,K10+,Episode start,2025-05-21,20
M0008442,E005790,K10+,Episode end,2025-12-14,18
M0008443,E005791,K10+,Episode start,2025-05-02,25
M0008444,E005791,K10+,Episode end,2026-01-16,17
M0008445,E005792,K10+,Episode start,2025-05-05,32
M0008446,E005792,K10+,Episode end,2025-12-08,24
M0008447,E005793,K10+,Episode start,2025-05-06,25
M0008448,E005793,K10+,Episode end,2025-12-05,20
M0008449,E005794,K10+,Episode start,2025-05-04,39
M0008450,E005794,K10+,Episode end,2025-09-25,36
M0008451,E005795,K10+,Episode start,2025-05-05,25
M0008452,E005796,K10+,Episode end,2025-11-06,36
M0008453,E005797,K10+,Episode start,2025-05-09,20
M0008454,E005797,K10+,Episode end,2025-08-04,16
M0008455,E005798,K10+,Episode start,2025-05-10,35
M0008456,E005798,K10+,Episode end,2025-10-11,22
M0008457,E005800,K10+,Episode start,2025-05-11,25
M0008458,E005800,K10+,Episode end,2025-07-15,19
M0008459,E005801,K10+,Episode start,2025-05-19,29
M0008460,E005801,K10+,Episode end,2025-11-20,23
M0008461,E005802,K10+,Episode start,2025-05-07,25
M0008462,E005802,K10+,Episode end,2026-01-12,24
M0008463,E005803,K10+,Episode end,2025-10-31,32
M0008464,E005804,K10+,Episode start,2025-05-14,35
M0008465,E005804,K10+,Episode end,2025-10-24,28
M0008466,E005806,K10+,Episode end,2025-08-29,31
M0008467,E005808,K10+,Episode start,2025-05-29,37
M0008468,E005808,K10+,Episode end,2025-08-14,26
M0008469,E005809,K10+,Episode start,2025-05-16,31
M0008470,E005809,K10+,Episode end,2025-09-03,23
M0008471,E005810,K10+,Episode start,2025-05-16,31
M0008472,E005810,K10+,Episode end,2026-01-26,20
M0008473,E005811,K10+,Episode start,2025-05-16,36
M0008474,E005811,K10+,Episode end,2025-12-07,31
M0008475,E005812,K10+,Episode start,2025-05-20,39
M0008476,E005812,K10+,Episode end,2025-10-16,24
M0008477,E005813,K10+,Episode start,2025-05-19,30
M0008478,E005813,K10+,Episode end,2025-11-08,16
M0008479,E005814,K10+,Episode start,2025-05-16,32
M0008480,E005814,K10+,Episode end,2026-05-10,12
M0008481,E005815,SDQ,Episode start,2025-05-15,21
M0008482,E005815,SDQ,Episode end,2025-10-14,7
M0008483,E005816,K10+,Episode start,2025-05-16,28
M0008484,E005817,K10+,Episode start,2025-05-26,38
M0008485,E005817,K10+,Episode end,2025-08-17,38
M0008486,E005818,K10+,Episode start,2025-08-08,29
M0008487,E005818,K10+,Episode end,2026-03-06,28
M0008488,E005819,K10+,Episode start,2025-05-24,27
M0008489,E005819,K10+,Episode end,2026-02-28,22
M0008490,E005820,SDQ,Episode start,2025-05-22,11
M0008491,E005820,SDQ,Episode end,2026-01-12,9
M0008492,E005821,K10+,Episode start,2025-05-22,26
M0008493,E005822,K10+,Episode start,2025-06-12,30
M0008494,E005822,K10+,Episode end,2025-12-19,29
M0008495,E005823,K10+,Episode start,2025-05-19,36
M0008496,E005823,K10+,Episode end,2026-01-16,31
M0008497,E005824,K10+,Episode start,2025-06-04,32
M0008498,E005824,K10+,Episode end,2025-10-13,33
M0008499,E005825,K10+,Episode start,2025-07-04,10
M0008500,E005825,K10+,Episode end,2026-01-24,10
M0008501,E005826,K10+,Episode start,2025-05-27,28
M0008502,E005826,K10+,Episode end,2025-08-12,10
M0008503,E005827,K10+,Episode start,2025-06-12,33
M0008504,E005827,K10+,Episode end,2025-12-23,26
M0008505,E005828,K10+,Episode start,2025-05-30,36
M0008506,E005828,K10+,Episode end,2025-08-22,27
M0008507,E005829,K10+,Episode start,2025-06-01,26
M0008508,E005829,K10+,Episode end,2025-09-10,21
M0008509,E005830,K10+,Episode start,2025-05-27,26
M0008510,E005830,K10+,Episode end,2025-12-26,16
M0008511,E005831,K10+,Episode start,2025-06-02,33
M0008512,E005832,K10+,Episode start,2025-06-06,35
M0008513,E005832,K10+,Episode end,2025-11-10,13
M0008514,E005833,K10+,Episode start,2025-06-02,37
M0008515,E005833,K10+,Episode end,2025-12-05,33
M0008516,E005834,K10+,Episode start,2025-06-06,28
M0008517,E005834,K10+,Episode end,2026-05-22,20
M0008518,E005835,K10+,Episode start,2025-06-01,26
M0008519,E005835,K10+,Episode end,2025-07-22,12
M0008520,E005836,K10+,Episode start,2025-06-03,30
M0008521,E005836,K10+,Episode end,2026-01-15,22
M0008522,E005837,K10+,Episode start,2025-06-17,32
M0008523,E005838,K10+,Episode start,2025-06-26,32
M0008524,E005838,K10+,Episode end,2025-11-29,16
M0008525,E005839,K10+,Episode start,2025-06-04,31
M0008526,E005841,K10+,Episode start,2025-05-31,25
M0008527,E005841,K10+,Episode end,2025-11-08,19
M0008528,E005842,K10+,Episode start,2025-06-04,17
M0008529,E005842,K10+,Episode end,2025-12-03,10
M0008530,E005843,K10+,Episode start,2025-06-03,31
M0008531,E005844,K10+,Episode start,2025-06-05,37
M0008532,E005844,K10+,Episode end,2025-09-25,34
M0008533,E005845,K10+,Episode start,2025-06-18,22
M0008534,E005845,K10+,Episode end,2026-05-01,18
M0008535,E005846,K10+,Episode start,2025-06-15,30
M0008536,E005846,K10+,Episode end,2025-09-22,20
M0008537,E005847,K10+,Episode start,2025-06-10,38
M0008538,E005847,K10+,Episode end,2026-05-21,38
M0008539,E005848,K10+,Episode start,2025-07-02,41
M0008540,E005848,K10+,Episode end,2025-11-24,38
M0008541,E005849,K10+,Episode start,2025-06-15,32
M0008542,E005849,K10+,Episode end,2025-09-17,28
M0008543,E005850,K10+,Episode start,2025-06-10,21
M0008544,E005850,K10+,Episode end,2025-11-11,21
M0008545,E005853,K10+,Episode start,2025-06-09,32
M0008546,E005853,K10+,Episode end,2025-07-20,39
M0008547,E005854,K10+,Episode start,2025-06-08,33
M0008548,E005854,K10+,Episode end,2025-12-22,24
M0008549,E005855,K10+,Episode start,2025-06-12,38
M0008550,E005855,K10+,Episode end,2025-09-25,31
M0008551,E005856,K10+,Episode start,2025-06-16,39
M0008552,E005856,K10+,Episode end,2025-11-11,38
M0008553,E005857,K10+,Episode start,2025-06-21,37
M0008554,E005857,K10+,Episode end,2025-10-27,40
M0008555,E005858,K10+,Episode start,2025-07-13,35
M0008556,E005858,K10+,Episode end,2026-02-25,25
M0008557,E005859,K10+,Episode start,2025-06-19,40
M0008558,E005859,K10+,Episode end,2026-05-21,17
M0008559,E005860,K10+,Episode start,2025-06-24,39
M0008560,E005860,K10+,Episode end,2025-08-30,27
M0008561,E005861,K10+,Episode start,2025-07-14,35
M0008562,E005861,K10+,Episode end,2025-11-28,40
M0008563,E005862,K10+,Episode start,2025-07-09,45
M0008564,E005863,K10+,Episode start,2025-06-22,44
M0008565,E005864,K10+,Episode start,2025-06-20,39
M0008566,E005865,K10+,Episode start,2025-07-05,23
M0008567,E005865,K10+,Episode end,2026-01-13,10
M0008568,E005866,K10+,Episode start,2025-06-23,42
M0008569,E005866,K10+,Episode end,2026-06-04,38
M0008570,E005867,K10+,Episode start,2025-06-25,33
M0008571,E005867,K10+,Episode end,2025-12-15,21
M0008572,E005868,K10+,Episode start,2025-06-23,30
M0008573,E005868,K10+,Episode end,2025-09-26,28
M0008574,E005869,K10+,Episode start,2025-06-23,33
M0008575,E005869,K10+,Episode end,2025-11-04,30
M0008576,E005870,K10+,Episode start,2025-06-26,30
M0008577,E005870,K10+,Episode end,2026-02-18,28
M0008578,E005871,K10+,Episode start,2025-06-17,32
M0008579,E005871,K10+,Episode end,2025-09-16,29
M0008580,E005872,K10+,Episode start,2025-07-01,32
M0008581,E005872,K10+,Episode end,2026-02-25,22
M0008582,E005874,K10+,Episode start,2025-07-02,41
M0008583,E005874,K10+,Episode end,2025-11-22,30
M0008584,E005875,K10+,Episode start,2025-06-25,40
M0008585,E005875,K10+,Episode end,2025-11-04,41
M0008586,E005876,K10+,Episode start,2025-07-03,29
M0008587,E005877,K10+,Episode start,2025-07-01,35
M0008588,E005877,K10+,Episode end,2025-11-16,25
M0008589,E005878,K10+,Episode start,2025-07-30,21
M0008590,E005878,K10+,Episode end,2026-01-17,10
M0008591,E005879,K10+,Episode start,2025-08-01,26
M0008592,E005879,K10+,Episode end,2026-03-24,20
M0008593,E005880,K10+,Episode start,2025-06-29,21
M0008594,E005880,K10+,Episode end,2025-10-15,25
M0008595,E005881,K10+,Episode start,2025-06-30,27
M0008596,E005882,K10+,Episode start,2025-07-04,25
M0008597,E005882,K10+,Episode end,2026-02-08,14
M0008598,E005883,K10+,Episode start,2025-07-05,28
M0008599,E005883,K10+,Episode end,2025-11-11,15
M0008600,E005884,K10+,Episode end,2025-10-05,16
M0008601,E005885,K10+,Episode end,2025-10-06,20
M0008602,E005886,K10+,Episode start,2025-07-14,32
M0008603,E005886,K10+,Episode end,2026-01-03,34
M0008604,E005887,K10+,Episode start,2025-07-11,33
M0008605,E005887,K10+,Episode end,2026-05-11,26
M0008606,E005888,SDQ,Episode start,2025-07-13,23
M0008607,E005889,K10+,Episode start,2025-07-13,30
M0008608,E005889,K10+,Episode end,2026-03-18,21
M0008609,E005890,K10+,Episode start,2025-07-09,23
M0008610,E005890,K10+,Episode end,2025-10-23,23
M0008611,E005891,K10+,Episode start,2025-07-09,33
M0008612,E005891,K10+,Episode end,2025-11-21,33
M0008613,E005892,K10+,Episode start,2025-07-18,32
M0008614,E005892,K10+,Episode end,2025-11-29,31
M0008615,E005893,SDQ,Episode start,2025-07-11,28
M0008616,E005893,SDQ,Episode end,2025-08-31,27
M0008617,E005895,K10+,Episode start,2025-07-12,42
M0008618,E005895,K10+,Episode end,2025-11-22,36
M0008619,E005896,K10+,Episode start,2025-07-14,35
M0008620,E005896,K10+,Episode end,2025-10-04,16
M0008621,E005897,K10+,Episode start,2025-07-18,35
M0008622,E005897,K10+,Episode end,2026-01-04,30
M0008623,E005898,K10+,Episode start,2025-07-14,25
M0008624,E005898,K10+,Episode end,2026-01-21,23
M0008625,E005899,K10+,Episode start,2025-07-12,25
M0008626,E005899,K10+,Episode end,2026-03-13,22
M0008627,E005900,K10+,Episode start,2025-07-15,31
M0008628,E005901,SDQ,Episode start,2025-08-03,14
M0008629,E005902,K10+,Episode start,2025-07-16,29
M0008630,E005903,K10+,Episode start,2025-08-05,30
M0008631,E005903,K10+,Episode end,2025-12-04,25
M0008632,E005905,K10+,Episode start,2025-07-20,30
M0008633,E005906,K10+,Episode start,2025-07-23,32
M0008634,E005906,K10+,Episode end,2026-01-03,24
M0008635,E005907,SDQ,Episode start,2025-07-24,17
M0008636,E005907,SDQ,Episode end,2026-05-22,14
M0008637,E005908,K10+,Episode start,2025-07-23,31
M0008638,E005908,K10+,Episode end,2026-01-20,25
M0008639,E005909,K10+,Episode start,2025-07-29,34
M0008640,E005911,K10+,Episode start,2025-08-07,31
M0008641,E005911,K10+,Episode end,2026-03-14,27
M0008642,E005912,K10+,Episode start,2025-07-23,31
M0008643,E005912,K10+,Episode end,2025-12-27,28
M0008644,E005913,K10+,Episode start,2025-08-09,30
M0008645,E005914,K10+,Episode start,2025-08-02,25
M0008646,E005914,K10+,Episode end,2026-02-26,19
M0008647,E005915,K10+,Episode start,2025-07-27,32
M0008648,E005915,K10+,Episode end,2026-01-27,26
M0008649,E005916,K10+,Episode start,2025-07-23,32
M0008650,E005917,K10+,Episode start,2025-08-05,32
M0008651,E005917,K10+,Episode end,2026-02-12,31
M0008652,E005918,K10+,Episode start,2025-08-04,36
M0008653,E005918,K10+,Episode end,2025-11-02,29
M0008654,E005919,K10+,Episode start,2025-08-03,23
M0008655,E005919,K10+,Episode end,2025-11-30,10
M0008656,E005920,K10+,Episode start,2025-08-09,39
M0008657,E005921,K10+,Episode start,2025-07-27,38
M0008658,E005921,K10+,Episode end,2026-02-24,28
M0008659,E005922,K10+,Episode end,2025-09-23,17
M0008660,E005923,K10+,Episode start,2025-08-12,43
M0008661,E005923,K10+,Episode end,2025-10-15,38
M0008662,E005924,K10+,Episode start,2025-08-02,35
M0008663,E005924,K10+,Episode end,2025-11-06,26
M0008664,E005925,K10+,Episode start,2025-08-08,26
M0008665,E005926,K10+,Episode start,2025-08-04,30
M0008666,E005926,K10+,Episode end,2025-12-08,30
M0008667,E005928,K10+,Episode start,2025-08-03,33
M0008668,E005928,K10+,Episode end,2026-03-30,23
M0008669,E005930,K10+,Episode start,2025-08-09,40
M0008670,E005931,K10+,Episode start,2025-08-08,29
M0008671,E005931,K10+,Episode end,2026-02-18,31
M0008672,E005932,K10+,Episode start,2025-08-11,33
M0008673,E005934,K10+,Episode start,2025-09-02,24
M0008674,E005934,K10+,Episode end,2026-05-26,19
M0008675,E005935,K10+,Episode start,2025-08-14,26
M0008676,E005936,K10+,Episode start,2025-09-09,29
M0008677,E005936,K10+,Episode end,2025-12-08,19
M0008678,E005937,K10+,Episode start,2025-08-15,31
M0008679,E005937,K10+,Episode end,2025-12-04,16
M0008680,E005938,K10+,Episode start,2025-08-13,50
M0008681,E005938,K10+,Episode end,2026-05-15,48
M0008682,E005939,K10+,Episode start,2025-08-20,30
M0008683,E005939,K10+,Episode end,2026-03-28,27
M0008684,E005940,K10+,Episode start,2025-08-23,33
M0008685,E005940,K10+,Episode end,2026-03-24,14
M0008686,E005941,K10+,Episode start,2025-08-14,22
M0008687,E005941,K10+,Episode end,2026-02-03,14
M0008688,E005942,K10+,Episode start,2025-09-14,32
M0008689,E005942,K10+,Episode end,2026-04-10,24
M0008690,E005943,K10+,Episode start,2025-08-18,30
M0008691,E005943,K10+,Episode end,2026-03-04,14
M0008692,E005944,K10+,Episode start,2025-08-11,29
M0008693,E005944,K10+,Episode end,2025-10-25,28
M0008694,E005945,K10+,Episode start,2025-08-23,41
M0008695,E005945,K10+,Episode end,2026-05-08,30
M0008696,E005947,K10+,Episode start,2025-08-30,36
M0008697,E005947,K10+,Episode end,2026-06-26,26
M0008698,E005948,K10+,Episode start,2025-08-14,39
M0008699,E005948,K10+,Episode end,2026-01-05,30
M0008700,E005949,K10+,Episode start,2025-08-19,36
M0008701,E005950,K10+,Episode start,2025-08-19,31
M0008702,E005952,K10+,Episode start,2025-08-27,18
M0008703,E005952,K10+,Episode end,2026-04-01,16
M0008704,E005953,K10+,Episode start,2025-08-21,35
M0008705,E005954,K10+,Episode start,2025-08-26,41
M0008706,E005954,K10+,Episode end,2026-01-17,31
M0008707,E005955,K10+,Episode start,2025-08-22,33
M0008708,E005955,K10+,Episode end,2026-02-21,25
M0008709,E005957,K10+,Episode start,2025-08-20,24
M0008710,E005957,K10+,Episode end,2026-04-22,25
M0008711,E005958,K10+,Episode start,2025-08-21,31
M0008712,E005959,K10+,Episode start,2025-08-27,40
M0008713,E005959,K10+,Episode end,2025-11-26,39
M0008714,E005960,K10+,Episode start,2025-09-01,20
M0008715,E005961,K10+,Episode start,2025-09-01,28
M0008716,E005962,K10+,Episode start,2025-08-29,40
M0008717,E005962,K10+,Episode end,2026-03-10,36
M0008718,E005963,K10+,Episode start,2025-10-01,29
M0008719,E005963,K10+,Episode end,2026-01-16,22
M0008720,E005964,K10+,Episode start,2025-08-30,36
M0008721,E005964,K10+,Episode end,2025-12-09,25
M0008722,E005965,K10+,Episode start,2025-09-21,25
M0008723,E005965,K10+,Episode end,2025-10-21,29
M0008724,E005966,SDQ,Episode start,2025-09-03,20
M0008725,E005966,SDQ,Episode end,2026-04-16,23
M0008726,E005967,K10+,Episode start,2025-09-10,32
M0008727,E005967,K10+,Episode end,2026-04-17,17
M0008728,E005968,K10+,Episode end,2025-11-18,21
M0008729,E005969,K10+,Episode start,2025-09-02,25
M0008730,E005969,K10+,Episode end,2026-06-19,23
M0008731,E005970,K10+,Episode start,2025-09-04,28
M0008732,E005970,K10+,Episode end,2026-06-12,24
M0008733,E005971,K10+,Episode start,2025-10-02,33
M0008734,E005971,K10+,Episode end,2026-01-04,27
M0008735,E005972,K10+,Episode start,2025-09-14,38
M0008736,E005972,K10+,Episode end,2025-11-25,36
M0008737,E005974,K10+,Episode start,2025-09-07,25
M0008738,E005974,K10+,Episode end,2026-05-14,11
M0008739,E005975,K10+,Episode start,2025-09-12,34
M0008740,E005975,K10+,Episode end,2026-02-21,31
M0008741,E005976,K10+,Episode start,2025-09-16,27
M0008742,E005976,K10+,Episode end,2026-01-30,22
M0008743,E005977,K10+,Episode start,2025-09-21,32
M0008744,E005977,K10+,Episode end,2025-12-27,25
M0008745,E005978,K10+,Episode end,2025-12-20,18
M0008746,E005979,K10+,Episode start,2025-09-16,25
M0008747,E005979,K10+,Episode end,2026-01-02,18
M0008748,E005981,K10+,Episode start,2025-09-15,29
M0008749,E005981,K10+,Episode end,2026-03-25,27
M0008750,E005982,K10+,Episode start,2025-09-28,35
M0008751,E005982,K10+,Episode end,2026-02-26,23
M0008752,E005983,K10+,Episode start,2025-09-28,37
M0008753,E005984,K10+,Episode start,2025-09-17,36
M0008754,E005984,K10+,Episode end,2026-03-01,33
M0008755,E005985,K10+,Episode start,2025-09-14,28
M0008756,E005985,K10+,Episode end,2025-12-13,31
M0008757,E005986,K10+,Episode start,2025-09-17,21
M0008758,E005986,K10+,Episode end,2026-05-01,10
M0008759,E005987,K10+,Episode end,2026-01-07,30
M0008760,E005988,K10+,Episode start,2025-09-27,35
M0008761,E005989,K10+,Episode start,2025-09-21,30
M0008762,E005989,K10+,Episode end,2026-01-18,31
M0008763,E005990,K10+,Episode start,2025-09-20,39
M0008764,E005990,K10+,Episode end,2026-04-26,35
M0008765,E005991,K10+,Episode start,2025-09-25,31
M0008766,E005991,K10+,Episode end,2026-04-21,23
M0008767,E005992,K10+,Episode start,2025-09-20,35
M0008768,E005993,K10+,Episode start,2025-09-20,35
M0008769,E005993,K10+,Episode end,2026-05-17,24
M0008770,E005994,K10+,Episode end,2025-11-17,17
M0008771,E005995,K10+,Episode start,2025-09-20,28
M0008772,E005997,K10+,Episode start,2025-10-02,29
M0008773,E005998,K10+,Episode start,2025-10-28,36
M0008774,E005999,K10+,Episode start,2025-10-05,34
M0008775,E005999,K10+,Episode end,2026-02-01,14
M0008776,E006002,K10+,Episode start,2025-09-30,32
M0008777,E006002,K10+,Episode end,2026-01-17,32
M0008778,E006003,K10+,Episode start,2025-10-05,30
M0008779,E006004,K10+,Episode start,2025-09-28,20
M0008780,E006005,K10+,Episode start,2025-09-30,31
M0008781,E006005,K10+,Episode end,2026-03-27,23
M0008782,E006006,K10+,Episode start,2025-10-09,36
M0008783,E006006,K10+,Episode end,2025-12-28,22
M0008784,E006008,K10+,Episode start,2025-10-08,36
M0008785,E006008,K10+,Episode end,2026-05-17,26
M0008786,E006009,K10+,Episode start,2025-10-04,28
M0008787,E006010,K10+,Episode start,2025-10-27,19
M0008788,E006010,K10+,Episode end,2026-06-13,10
M0008789,E006011,K10+,Episode start,2025-10-26,35
M0008790,E006011,K10+,Episode end,2026-05-11,31
M0008791,E006012,K10+,Episode start,2025-10-08,37
M0008792,E006013,K10+,Episode start,2025-10-24,35
M0008793,E006015,K10+,Episode end,2026-05-03,22
M0008794,E006016,K10+,Episode start,2025-10-05,26
M0008795,E006016,K10+,Episode end,2026-04-30,19
M0008796,E006017,K10+,Episode start,2025-10-06,34
M0008797,E006017,K10+,Episode end,2026-02-24,29
M0008798,E006018,K10+,Episode start,2025-10-13,23
M0008799,E006018,K10+,Episode end,2026-05-03,22
M0008800,E006019,K10+,Episode start,2025-10-09,32
M0008801,E006020,SDQ,Episode start,2025-10-12,21
M0008802,E006020,SDQ,Episode end,2026-03-05,18
M0008803,E006021,K10+,Episode start,2025-10-15,39
M0008804,E006022,K10+,Episode start,2025-10-15,30
M0008805,E006023,K10+,Episode start,2025-10-23,31
M0008806,E006024,SDQ,Episode start,2025-10-11,23
M0008807,E006025,K10+,Episode start,2025-10-11,34
M0008808,E006025,K10+,Episode end,2026-02-26,32
M0008809,E006026,K10+,Episode start,2025-10-11,30
M0008810,E006026,K10+,Episode end,2026-06-21,21
M0008811,E006027,K10+,Episode start,2025-10-18,29
M0008812,E006027,K10+,Episode end,2026-03-29,28
M0008813,E006028,K10+,Episode start,2025-10-22,37
M0008814,E006028,K10+,Episode end,2026-02-18,37
M0008815,E006029,K10+,Episode start,2025-11-05,30
M0008816,E006030,K10+,Episode start,2025-10-22,39
M0008817,E006030,K10+,Episode end,2026-02-10,23
M0008818,E006031,K10+,Episode start,2025-10-24,33
M0008819,E006031,K10+,Episode end,2026-02-02,32
M0008820,E006032,K10+,Episode start,2025-10-22,34
M0008821,E006034,K10+,Episode start,2025-11-06,33
M0008822,E006034,K10+,Episode end,2026-05-06,31
M0008823,E006035,K10+,Episode start,2025-11-08,34
M0008824,E006036,K10+,Episode start,2025-10-17,19
M0008825,E006036,K10+,Episode end,2026-04-17,10
M0008826,E006037,K10+,Episode start,2025-10-21,27
M0008827,E006039,K10+,Episode start,2025-10-24,35
M0008828,E006040,K10+,Episode start,2025-10-22,36
M0008829,E006041,K10+,Episode start,2025-10-19,28
M0008830,E006042,K10+,Episode start,2025-10-29,33
M0008831,E006042,K10+,Episode end,2026-06-23,25
M0008832,E006043,K10+,Episode start,2025-10-25,36
M0008833,E006044,K10+,Episode start,2025-11-01,21
M0008834,E006045,K10+,Episode start,2025-10-29,38
M0008835,E006045,K10+,Episode end,2026-02-05,40
M0008836,E006046,K10+,Episode start,2025-11-27,31
M0008837,E006047,K10+,Episode start,2025-10-28,26
M0008838,E006047,K10+,Episode end,2026-04-05,23
M0008839,E006048,K10+,Episode start,2025-10-26,37
M0008840,E006048,K10+,Episode end,2026-04-03,35
M0008841,E006049,K10+,Episode start,2025-11-02,24
M0008842,E006049,K10+,Episode end,2026-06-12,15
M0008843,E006050,K10+,Episode start,2025-11-02,28
M0008844,E006050,K10+,Episode end,2026-01-28,21
M0008845,E006051,K10+,Episode start,2025-11-02,30
M0008846,E006051,K10+,Episode end,2026-05-10,26
M0008847,E006052,K10+,Episode start,2025-12-13,31
M0008848,E006052,K10+,Episode end,2026-02-23,19
M0008849,E006053,K10+,Episode start,2025-11-10,31
M0008850,E006054,K10+,Episode start,2025-11-07,22
M0008851,E006054,K10+,Episode end,2026-05-17,10
M0008852,E006055,K10+,Episode start,2025-11-11,26
M0008853,E006055,K10+,Episode end,2026-01-20,16
M0008854,E006056,K10+,Episode start,2025-11-12,36
M0008855,E006057,K10+,Episode start,2025-11-26,36
M0008856,E006058,K10+,Episode start,2025-11-11,32
M0008857,E006059,K10+,Episode start,2025-11-10,43
M0008858,E006060,K10+,Episode start,2025-12-15,27
M0008859,E006061,K10+,Episode end,2026-05-17,35
M0008860,E006062,K10+,Episode start,2025-11-17,30
M0008861,E006063,K10+,Episode start,2025-12-05,35
M0008862,E006063,K10+,Episode end,2026-06-03,24
M0008863,E006064,K10+,Episode start,2025-12-01,19
M0008864,E006064,K10+,Episode end,2026-03-05,13
M0008865,E006065,K10+,Episode start,2025-11-29,38
M0008866,E006065,K10+,Episode end,2026-04-18,31
M0008867,E006066,K10+,Episode start,2025-11-29,22
M0008868,E006067,K10+,Episode start,2025-11-20,35
M0008869,E006067,K10+,Episode end,2026-06-18,28
M0008870,E006068,K10+,Episode start,2025-11-24,20
M0008871,E006068,K10+,Episode end,2026-05-15,19
M0008872,E006069,K10+,Episode start,2025-12-17,31
M0008873,E006070,K10+,Episode start,2025-12-02,30
M0008874,E006072,K10+,Episode start,2025-12-01,27
M0008875,E006072,K10+,Episode end,2026-04-07,13
M0008876,E006073,K10+,Episode start,2025-11-28,27
M0008877,E006073,K10+,Episode end,2026-06-18,22
M0008878,E006074,K10+,Episode start,2025-11-29,17
M0008879,E006075,K10+,Episode start,2025-12-07,21
M0008880,E006075,K10+,Episode end,2026-03-08,18
M0008881,E006076,K10+,Episode start,2025-12-02,35
M0008882,E006076,K10+,Episode end,2026-04-26,24
M0008883,E006077,K10+,Episode start,2025-11-30,34
M0008884,E006078,K10+,Episode start,2025-12-02,34
M0008885,E006078,K10+,Episode end,2026-04-06,29
M0008886,E006079,K10+,Episode start,2025-12-06,28
M0008887,E006080,K10+,Episode start,2025-12-13,33
M0008888,E006080,K10+,Episode end,2026-04-20,21
M0008889,E006081,K10+,Episode end,2026-06-06,34
M0008890,E006082,K10+,Episode end,2026-04-03,26
M0008891,E006083,K10+,Episode start,2025-12-15,30
M0008892,E006085,K10+,Episode start,2025-12-03,43
M0008893,E006085,K10+,Episode end,2026-05-04,38
M0008894,E006086,K10+,Episode start,2025-12-07,28
M0008895,E006086,K10+,Episode end,2026-03-24,12
M0008896,E006087,SDQ,Episode end,2026-05-16,24
M0008897,E006088,K10+,Episode start,2025-12-15,33
M0008898,E006089,K10+,Episode start,2025-12-31,34
M0008899,E006090,K10+,Episode start,2025-12-29,33
M0008900,E006091,K10+,Episode start,2025-12-14,36
M0008901,E006091,K10+,Episode end,2026-06-05,27
M0008902,E006092,K10+,Episode start,2025-12-27,39
M0008903,E006093,K10+,Episode start,2025-12-23,28
M0008904,E006093,K10+,Episode end,2026-04-25,19
M0008905,E006094,K10+,Episode start,2025-12-27,33
M0008906,E006095,K10+,Episode start,2025-12-20,31
M0008907,E006096,K10+,Episode start,2025-12-31,44
M0008908,E006096,K10+,Episode end,2026-04-29,35
M0008909,E006097,K10+,Episode start,2025-12-18,22
M0008910,E006097,K10+,Episode end,2026-04-09,23
M0008911,E006098,K10+,Episode start,2026-01-02,34
M0008912,E006098,K10+,Episode end,2026-06-10,32
M0008913,E006099,SDQ,Episode start,2025-12-28,24
M0008914,E006099,SDQ,Episode end,2026-04-05,27
M0008915,E006100,K10+,Episode start,2025-12-25,31
M0008916,E006101,K10+,Episode start,2025-12-27,30
M0008917,E006101,K10+,Episode end,2026-06-26,27
M0008918,E006102,K10+,Episode start,2025-12-23,44
M0008919,E006102,K10+,Episode end,2026-03-08,32
M0008920,E006103,K10+,Episode start,2025-12-24,32
M0008921,E006103,K10+,Episode end,2026-03-09,18
M0008922,E006104,K10+,Episode start,2025-12-29,24
M0008923,E006105,K10+,Episode start,2026-01-01,31
M0008924,E006106,K10+,Episode start,2026-01-04,28
M0008925,E006106,K10+,Episode end,2026-05-12,20
M0008926,E006107,SDQ,Episode end,2026-05-19,18
M0008927,E006108,SDQ,Episode start,2026-01-02,22
M0008928,E006108,SDQ,Episode end,2026-02-07,24
M0008929,E006109,K10+,Episode start,2026-01-06,35
M0008930,E006109,K10+,Episode end,2026-04-30,27
M0008931,E006111,K10+,Episode start,2026-01-12,38
M0008932,E006112,K10+,Episode start,2026-01-28,43
M0008933,E006112,K10+,Episode end,2026-06-18,39
M0008934,E006113,K10+,Episode start,2026-01-15,35
M0008935,E006113,K10+,Episode end,2026-05-24,20
M0008936,E006114,K10+,Episode start,2026-01-06,30
M0008937,E006115,K10+,Episode start,2026-01-13,27
M0008938,E006115,K10+,Episode end,2026-05-26,24
M0008939,E006116,K10+,Episode start,2026-01-10,20
M0008940,E006116,K10+,Episode end,2026-05-12,13
M0008941,E006117,K10+,Episode start,2026-01-16,40
M0008942,E006117,K10+,Episode end,2026-05-30,34
M0008943,E006118,K10+,Episode start,2026-01-13,24
M0008944,E006119,K10+,Episode start,2026-02-16,20
M0008945,E006120,K10+,Episode start,2026-02-01,34
M0008946,E006121,K10+,Episode start,2026-01-14,30
M0008947,E006122,K10+,Episode start,2026-01-30,27
M0008948,E006122,K10+,Episode end,2026-06-10,19
M0008949,E006123,K10+,Episode start,2026-01-22,30
M0008950,E006123,K10+,Episode end,2026-06-14,27
M0008951,E006124,K10+,Episode start,2026-01-15,28
M0008952,E006125,K10+,Episode start,2026-01-20,29
M0008953,E006126,K10+,Episode start,2026-01-25,30
M0008954,E006127,K10+,Episode start,2026-01-15,33
M0008955,E006129,K10+,Episode start,2026-01-20,17
M0008956,E006130,K10+,Episode start,2026-01-14,31
M0008957,E006130,K10+,Episode end,2026-04-10,21
M0008958,E006132,K10+,Episode start,2026-01-25,37
M0008959,E006133,K10+,Episode start,2026-02-10,32
M0008960,E006134,K10+,Episode start,2026-01-24,36
M0008961,E006135,K10+,Episode start,2026-01-25,31
M0008962,E006137,K10+,Episode start,2026-01-24,32
M0008963,E006137,K10+,Episode end,2026-06-01,22
M0008964,E006138,K10+,Episode start,2026-02-14,34
M0008965,E006139,K10+,Episode start,2026-02-02,30
M0008966,E006140,K10+,Episode start,2026-03-05,20
M0008967,E006140,K10+,Episode end,2026-05-01,19
M0008968,E006141,K10+,Episode start,2026-02-06,38
M0008969,E006142,K10+,Episode start,2026-02-06,31
M0008970,E006143,K10+,Episode start,2026-01-28,29
M0008971,E006144,K10+,Episode end,2026-06-06,10
M0008972,E006145,K10+,Episode start,2026-03-13,18
M0008973,E006145,K10+,Episode end,2026-05-12,10
M0008974,E006146,K10+,Episode start,2026-02-11,30
M0008975,E006146,K10+,Episode end,2026-04-04,25
M0008976,E006147,K10+,Episode start,2026-02-10,30
M0008977,E006148,K10+,Episode start,2026-02-07,28
M0008978,E006149,K10+,Episode start,2026-02-07,39
M0008979,E006150,K10+,Episode start,2026-02-08,34
M0008980,E006151,K10+,Episode start,2026-02-17,24
M0008981,E006151,K10+,Episode end,2026-06-25,21
M0008982,E006153,K10+,Episode start,2026-02-13,29
M0008983,E006154,K10+,Episode start,2026-02-15,32
M0008984,E006155,SDQ,Episode start,2026-02-12,19
M0008985,E006156,K10+,Episode start,2026-02-22,30
M0008986,E006157,K10+,Episode start,2026-02-18,26
M0008987,E006158,K10+,Episode start,2026-02-23,26
M0008988,E006159,K10+,Episode start,2026-03-04,36
M0008989,E006160,K10+,Episode start,2026-02-22,28
M0008990,E006161,K10+,Episode start,2026-02-21,32
M0008991,E006162,K10+,Episode start,2026-02-19,39
M0008992,E006163,K10+,Episode start,2026-02-16,36
M0008993,E006163,K10+,Episode end,2026-03-16,37
M0008994,E006164,K10+,Episode start,2026-02-23,31
M0008995,E006164,K10+,Episode end,2026-05-26,24
M0008996,E006166,K10+,Episode start,2026-03-01,32
M0008997,E006167,K10+,Episode start,2026-02-22,32
M0008998,E006169,K10+,Episode start,2026-03-10,24
M0008999,E006170,K10+,Episode start,2026-02-28,35
M0009000,E006170,K10+,Episode end,2026-05-28,32
M0009001,E006171,K10+,Episode start,2026-03-11,23
M0009002,E006172,K10+,Episode start,2026-03-01,35
M0009003,E006173,K10+,Episode start,2026-02-28,32
M0009004,E006174,K10+,Episode start,2026-03-19,24
M0009005,E006175,K10+,Episode start,2026-03-03,21
M0009006,E006176,K10+,Episode start,2026-03-05,34
M0009007,E006176,K10+,Episode end,2026-06-12,15
M0009008,E006177,K10+,Episode start,2026-03-04,25
M0009009,E006177,K10+,Episode end,2026-06-20,20
M0009010,E006178,K10+,Episode start,2026-03-13,30
M0009011,E006179,K10+,Episode start,2026-03-02,27
M0009012,E006180,K10+,Episode start,2026-03-01,21
M0009013,E006181,K10+,Episode start,2026-02-27,38
M0009014,E006181,K10+,Episode end,2026-05-10,33
M0009015,E006182,K10+,Episode start,2026-03-19,28
M0009016,E006183,K10+,Episode start,2026-03-18,33
M0009017,E006184,K10+,Episode start,2026-03-10,23
M0009018,E006185,K10+,Episode start,2026-03-04,32
M0009019,E006186,K10+,Episode start,2026-03-07,32
M0009020,E006187,K10+,Episode start,2026-03-08,24
M0009021,E006187,K10+,Episode end,2026-06-10,11
M0009022,E006188,K10+,Episode start,2026-03-07,25
M0009023,E006190,K10+,Episode start,2026-03-07,25
M0009024,E006190,K10+,Episode end,2026-05-28,22
M0009025,E006191,K10+,Episode start,2026-03-14,33
M0009026,E006194,K10+,Episode start,2026-03-18,19
M0009027,E006195,K10+,Episode start,2026-03-23,31
M0009028,E006196,K10+,Episode start,2026-03-22,33
M0009029,E006197,K10+,Episode start,2026-03-16,23
M0009030,E006198,K10+,Episode start,2026-03-17,46
M0009031,E006199,K10+,Episode start,2026-03-17,26
M0009032,E006200,K10+,Episode start,2026-03-16,32
M0009033,E006201,K10+,Episode start,2026-03-30,36
M0009034,E006202,K10+,Episode start,2026-03-19,34
M0009035,E006203,K10+,Episode start,2026-03-15,30
M0009036,E006204,K10+,Episode start,2026-03-21,24
M0009037,E006205,K10+,Episode start,2026-03-17,37
M0009038,E006205,K10+,Episode end,2026-05-02,27
M0009039,E006206,K10+,Episode start,2026-03-28,32
M0009040,E006207,K10+,Episode start,2026-03-23,25
M0009041,E006207,K10+,Episode end,2026-06-03,20
M0009042,E006208,K10+,Episode start,2026-04-25,28
M0009043,E006209,K10+,Episode start,2026-03-20,31
M0009044,E006209,K10+,Episode end,2026-06-05,38
M0009045,E006210,K10+,Episode start,2026-03-28,36
M0009046,E006213,K10+,Episode start,2026-03-18,27
M0009047,E006214,K10+,Episode start,2026-03-26,19
M0009048,E006214,K10+,Episode end,2026-04-28,10
M0009049,E006215,K10+,Episode start,2026-03-26,39
M0009050,E006216,K10+,Episode start,2026-04-05,29
M0009051,E006217,K10+,Episode start,2026-03-24,24
M0009052,E006217,K10+,Episode end,2026-06-01,16
M0009053,E006218,K10+,Episode start,2026-04-07,37
M0009054,E006219,K10+,Episode start,2026-04-10,40
M0009055,E006220,K10+,Episode start,2026-03-26,19
M0009056,E006221,K10+,Episode start,2026-03-31,35
M0009057,E006222,K10+,Episode start,2026-03-31,34
M0009058,E006222,K10+,Episode end,2026-05-29,30
M0009059,E006223,K10+,Episode start,2026-05-10,33
M0009060,E006224,K10+,Episode start,2026-04-06,37
M0009061,E006225,K10+,Episode start,2026-04-06,35
M0009062,E006227,K10+,Episode start,2026-04-04,28
M0009063,E006228,K10+,Episode start,2026-04-06,38
M0009064,E006229,K10+,Episode start,2026-04-07,28
M0009065,E006229,K10+,Episode end,2026-06-23,24
M0009066,E006230,K10+,Episode start,2026-04-08,39
M0009067,E006231,K10+,Episode start,2026-04-07,40
M0009068,E006232,K10+,Episode start,2026-04-12,38
M0009069,E006234,K10+,Episode start,2026-04-13,24
M0009070,E006235,K10+,Episode start,2026-04-23,32
M0009071,E006236,K10+,Episode start,2026-04-14,34
M0009072,E006237,K10+,Episode start,2026-05-07,25
M0009073,E006238,K10+,Episode start,2026-04-30,27
M0009074,E006239,K10+,Episode start,2026-04-09,27
M0009075,E006240,K10+,Episode start,2026-04-11,40
M0009076,E006241,K10+,Episode start,2026-04-15,21
M0009077,E006242,K10+,Episode start,2026-04-26,33
M0009078,E006243,K10+,Episode start,2026-04-16,34
M0009079,E006245,K10+,Episode start,2026-04-19,40
M0009080,E006245,K10+,Episode end,2026-05-12,38
M0009081,E006248,K10+,Episode start,2026-04-22,21
M0009082,E006249,K10+,Episode start,2026-04-17,28
M0009083,E006251,K10+,Episode start,2026-04-20,39
M0009084,E006252,K10+,Episode start,2026-04-20,29
M0009085,E006253,K10+,Episode start,2026-04-18,33
M0009086,E006255,K10+,Episode start,2026-05-08,22
M0009087,E006256,K10+,Episode start,2026-04-21,36
M0009088,E006257,K10+,Episode start,2026-04-25,37
M0009089,E006258,K10+,Episode start,2026-04-21,42
M0009090,E006259,K10+,Episode start,2026-04-23,31
M0009091,E006260,K10+,Episode start,2026-05-10,35
M0009092,E006262,K10+,Episode start,2026-04-26,29
M0009093,E006264,K10+,Episode start,2026-05-02,42
M0009094,E006266,K10+,Episode start,2026-05-02,35
M0009095,E006267,K10+,Episode start,2026-06-01,30
M0009096,E006268,K10+,Episode start,2026-05-20,36
M0009097,E006269,K10+,Episode start,2026-05-06,22
M0009098,E006270,SDQ,Episode start,2026-05-12,18
M0009099,E006271,K10+,Episode start,2026-05-08,23
M0009100,E006273,K10+,Episode start,2026-05-05,28
M0009101,E006274,K10+,Episode start,2026-05-16,27
M0009102,E006275,K10+,Episode start,2026-05-08,26
M0009103,E006276,SDQ,Episode start,2026-05-21,16
M0009104,E006277,K10+,Episode start,2026-05-13,30
M0009105,E006278,K10+,Episode start,2026-05-13,32
M0009106,E006280,K10+,Episode start,2026-06-03,28
M0009107,E006281,K10+,Episode start,2026-05-21,34
M0009108,E006282,K10+,Episode start,2026-05-20,19
M0009109,E006283,K10+,Episode start,2026-05-10,25
M0009110,E006284,K10+,Episode start,2026-05-14,32
M0009111,E006286,K10+,Episode start,2026-05-24,36
M0009112,E006287,K10+,Episode start,2026-05-13,33
M0009113,E006288,K10+,Episode start,2026-05-19,35
M0009114,E006289,K10+,Episode start,2026-05-18,39
M0009115,E006290,K10+,Episode start,2026-05-18,39
M0009116,E006291,K10+,Episode start,2026-05-15,30
M0009117,E006292,K10+,Episode start,2026-05-20,33
M0009118,E006293,K10+,Episode start,2026-05-24,36
M0009119,E006294,K10+,Episode start,2026-06-01,31
M0009120,E006295,K10+,Episode start,2026-05-25,29
M0009121,E006296,K10+,Episode start,2026-05-29,29
M0009122,E006297,K10+,Episode start,2026-05-25,29
M0009123,E006298,K10+,Episode start,2026-05-23,32
M0009124,E006299,K10+,Episode start,2026-05-28,35
M0009125,E006300,K10+,Episode start,2026-06-02,41
M0009126,E006301,K10+,Episode start,2026-06-09,34
M0009127,E006302,K10+,Episode start,2026-05-25,35
M0009128,E006304,K10+,Episode start,2026-05-29,24
M0009129,E006305,K10+,Episode start,2026-06-03,23
M0009130,E006307,K10+,Episode start,2026-05-29,30
M0009131,E006308,K10+,Episode start,2026-06-05,37
M0009132,E006309,K10+,Episode start,2026-06-02,24
M0009133,E006310,K10+,Episode start,2026-06-16,32
M0009134,E006311,K10+,Episode start,2026-06-02,29
M0009135,E006313,K10+,Episode start,2026-06-04,27
M0009136,E006315,K10+,Episode start,2026-06-06,33
M0009137,E006316,K10+,Episode start,2026-06-07,32
M0009138,E006317,K10+,Episode start,2026-06-13,39
M0009139,E006319,K10+,Episode start,2026-06-09,25
M0009140,E006320,K10+,Episode start,2026-06-16,31
M0009141,E006321,K10+,Episode start,2026-06-11,30
M0009142,E006322,K10+,Episode start,2026-06-19,39
M0009143,E006323,K10+,Episode start,2026-06-18,17
M0009144,E006325,K10+,Episode start,2026-06-22,31
M0009145,E006327,K10+,Episode start,2026-06-20,30
M0009146,E006328,K10+,Episode start,2026-06-19,31
M0009147,E006329,K10+,Episode start,2026-06-21,20
M0009148,E006330,K10+,Episode start,2026-06-21,28
M0009149,E006331,K10+,Episode start,2026-06-20,28
M0009150,E006332,K10+,Episode start,2026-06-29,29
M0009151,E006334,K10+,Episode start,2026-06-30,38
M0009152,E006335,K10+,Episode start,2026-06-28,35
M0009153,E006339,K10+,Episode start,2026-06-29,41
M0009154,E006348,K10+,Episode start,2025-01-12,34
M0009155,E006348,K10+,Episode end,2025-02-27,31
M0009156,E006349,K10+,Episode start,2025-01-07,28
M0009157,E006349,K10+,Episode end,2025-05-25,22
M0009158,E006350,K10+,Episode start,2025-01-12,22
M0009159,E006350,K10+,Episode end,2025-02-24,16
M0009160,E006351,SDQ,Episode end,2025-03-08,14
M0009161,E006352,K10+,Episode start,2025-01-16,32
M0009162,E006352,K10+,Episode end,2025-03-02,29
M0009163,E006355,K10+,Episode start,2025-01-28,25
M0009164,E006356,K10+,Episode start,2025-01-16,43
M0009165,E006356,K10+,Episode end,2025-02-06,41
M0009166,E006357,K10+,Episode start,2025-01-21,34
M0009167,E006358,SDQ,Episode start,2025-01-10,20
M0009168,E006359,K10+,Episode start,2025-01-18,34
M0009169,E006359,K10+,Episode end,2025-05-25,31
M0009170,E006361,K10+,Episode start,2025-01-20,30
M0009171,E006361,K10+,Episode end,2025-05-14,18
M0009172,E006362,K10+,Episode start,2025-01-15,38
M0009173,E006362,K10+,Episode end,2025-05-05,44
M0009174,E006363,K10+,Episode start,2025-01-18,20
M0009175,E006364,K10+,Episode start,2025-01-24,27
M0009176,E006364,K10+,Episode end,2025-05-10,10
M0009177,E006365,K10+,Episode start,2025-01-23,37
M0009178,E006366,K10+,Episode start,2025-01-13,22
M0009179,E006366,K10+,Episode end,2025-04-04,23
M0009180,E006367,K10+,Episode start,2025-01-16,29
M0009181,E006367,K10+,Episode end,2025-08-21,20
M0009182,E006368,K10+,Episode start,2025-01-13,25
M0009183,E006368,K10+,Episode end,2025-03-28,22
M0009184,E006369,K10+,Episode start,2025-01-19,23
M0009185,E006369,K10+,Episode end,2025-02-19,23
M0009186,E006370,K10+,Episode start,2025-03-01,31
M0009187,E006370,K10+,Episode end,2025-07-21,24
M0009188,E006371,K10+,Episode start,2025-01-10,28
M0009189,E006371,K10+,Episode end,2025-05-05,22
M0009190,E006372,K10+,Episode start,2025-01-17,29
M0009191,E006372,K10+,Episode end,2025-03-12,24
M0009192,E006373,K10+,Episode start,2025-01-14,37
M0009193,E006373,K10+,Episode end,2025-04-29,18
M0009194,E006374,K10+,Episode start,2025-01-14,44
M0009195,E006374,K10+,Episode end,2025-02-24,31
M0009196,E006375,K10+,Episode start,2025-02-10,40
M0009197,E006375,K10+,Episode end,2025-04-10,41
M0009198,E006376,K10+,Episode start,2025-01-13,32
M0009199,E006376,K10+,Episode end,2025-05-04,28
M0009200,E006377,K10+,Episode start,2025-01-18,26
M0009201,E006378,K10+,Episode end,2025-05-07,13
M0009202,E006379,K10+,Episode start,2025-02-03,24
M0009203,E006379,K10+,Episode end,2025-09-11,25
M0009204,E006380,K10+,Episode start,2025-01-27,31
M0009205,E006380,K10+,Episode end,2025-08-29,18
M0009206,E006381,K10+,Episode start,2025-01-11,30
M0009207,E006382,K10+,Episode start,2025-01-19,31
M0009208,E006382,K10+,Episode end,2025-04-03,28
M0009209,E006383,K10+,Episode start,2025-01-22,29
M0009210,E006383,K10+,Episode end,2025-03-25,25
M0009211,E006384,K10+,Episode start,2025-01-25,33
M0009212,E006384,K10+,Episode end,2025-03-25,32
M0009213,E006385,K10+,Episode start,2025-01-24,37
M0009214,E006385,K10+,Episode end,2025-05-04,17
M0009215,E006386,K10+,Episode end,2025-05-30,21
M0009216,E006387,K10+,Episode end,2025-06-03,21
M0009217,E006388,K10+,Episode start,2025-01-30,33
M0009218,E006390,K10+,Episode start,2025-02-09,23
M0009219,E006392,K10+,Episode start,2025-01-21,26
M0009220,E006392,K10+,Episode end,2025-02-28,24
M0009221,E006393,K10+,Episode end,2025-06-03,22
M0009222,E006394,K10+,Episode start,2025-01-22,30
M0009223,E006395,SDQ,Episode start,2025-01-23,26
M0009224,E006395,SDQ,Episode end,2025-04-08,24
M0009225,E006396,K10+,Episode start,2025-01-25,40
M0009226,E006397,K10+,Episode start,2025-01-24,34
M0009227,E006397,K10+,Episode end,2025-06-14,30
M0009228,E006398,K10+,Episode start,2025-01-31,29
M0009229,E006398,K10+,Episode end,2025-03-09,19
M0009230,E006399,K10+,Episode start,2025-02-03,31
M0009231,E006399,K10+,Episode end,2025-04-07,28
M0009232,E006400,K10+,Episode start,2025-01-26,27
M0009233,E006401,K10+,Episode start,2025-02-02,33
M0009234,E006401,K10+,Episode end,2025-05-14,27
M0009235,E006402,K10+,Episode start,2025-01-28,33
M0009236,E006402,K10+,Episode end,2025-04-25,33
M0009237,E006403,K10+,Episode start,2025-01-25,33
M0009238,E006403,K10+,Episode end,2025-10-09,27
M0009239,E006404,K10+,Episode start,2025-02-10,29
M0009240,E006404,K10+,Episode end,2025-03-17,29
M0009241,E006405,K10+,Episode start,2025-01-26,31
M0009242,E006406,K10+,Episode start,2025-02-04,38
M0009243,E006406,K10+,Episode end,2025-06-29,41
M0009244,E006407,K10+,Episode start,2025-02-04,41
M0009245,E006407,K10+,Episode end,2025-04-08,39
M0009246,E006408,K10+,Episode start,2025-02-08,30
M0009247,E006409,K10+,Episode start,2025-02-15,37
M0009248,E006409,K10+,Episode end,2025-05-03,36
M0009249,E006410,K10+,Episode start,2025-01-28,36
M0009250,E006410,K10+,Episode end,2025-06-15,33
M0009251,E006411,K10+,Episode start,2025-01-30,29
M0009252,E006411,K10+,Episode end,2025-05-07,14
M0009253,E006412,K10+,Episode start,2025-01-30,31
M0009254,E006412,K10+,Episode end,2025-05-02,22
M0009255,E006413,K10+,Episode end,2025-06-13,30
M0009256,E006414,K10+,Episode start,2025-02-13,40
M0009257,E006414,K10+,Episode end,2025-06-16,24
M0009258,E006416,K10+,Episode end,2025-11-19,35
M0009259,E006417,SDQ,Episode start,2025-01-30,22
M0009260,E006417,SDQ,Episode end,2025-05-17,19
M0009261,E006418,K10+,Episode start,2025-02-06,29
M0009262,E006418,K10+,Episode end,2025-04-10,23
M0009263,E006419,K10+,Episode start,2025-02-03,29
M0009264,E006419,K10+,Episode end,2025-04-30,14
M0009265,E006420,K10+,Episode start,2025-02-20,32
M0009266,E006420,K10+,Episode end,2025-03-16,32
M0009267,E006421,K10+,Episode start,2025-02-01,24
M0009268,E006421,K10+,Episode end,2025-09-29,15
M0009269,E006422,K10+,Episode start,2025-02-26,30
M0009270,E006422,K10+,Episode end,2025-05-02,29
M0009271,E006423,K10+,Episode start,2025-02-15,30
M0009272,E006423,K10+,Episode end,2025-05-22,19
M0009273,E006424,K10+,Episode start,2025-02-04,35
M0009274,E006424,K10+,Episode end,2025-06-24,36
M0009275,E006425,SDQ,Episode start,2025-02-05,18
M0009276,E006426,K10+,Episode start,2025-02-07,21
M0009277,E006426,K10+,Episode end,2025-04-01,26
M0009278,E006427,K10+,Episode end,2025-05-04,30
M0009279,E006428,K10+,Episode end,2025-10-12,18
M0009280,E006429,K10+,Episode start,2025-02-05,25
M0009281,E006429,K10+,Episode end,2025-07-24,19
M0009282,E006430,K10+,Episode start,2025-02-06,34
M0009283,E006431,K10+,Episode end,2025-05-26,23
M0009284,E006432,K10+,Episode start,2025-02-03,27
M0009285,E006432,K10+,Episode end,2025-06-03,14
M0009286,E006433,K10+,Episode start,2025-02-12,30
M0009287,E006434,K10+,Episode start,2025-02-13,35
M0009288,E006435,K10+,Episode start,2025-02-05,32
M0009289,E006435,K10+,Episode end,2025-07-06,31
M0009290,E006436,K10+,Episode start,2025-03-01,20
M0009291,E006437,K10+,Episode start,2025-02-04,35
M0009292,E006437,K10+,Episode end,2025-04-26,21
M0009293,E006438,K10+,Episode start,2025-02-12,43
M0009294,E006438,K10+,Episode end,2025-04-26,42
M0009295,E006439,K10+,Episode start,2025-02-14,35
M0009296,E006439,K10+,Episode end,2025-06-22,26
M0009297,E006440,K10+,Episode start,2025-02-08,37
M0009298,E006440,K10+,Episode end,2025-08-07,29
M0009299,E006441,K10+,Episode start,2025-02-20,31
M0009300,E006442,K10+,Episode start,2025-02-12,32
M0009301,E006442,K10+,Episode end,2025-04-06,28
M0009302,E006443,K10+,Episode start,2025-02-07,34
M0009303,E006443,K10+,Episode end,2025-06-06,16
M0009304,E006444,K10+,Episode start,2025-02-28,20
M0009305,E006444,K10+,Episode end,2025-07-27,13
M0009306,E006446,K10+,Episode end,2025-03-30,10
M0009307,E006447,SDQ,Episode end,2025-04-08,24
M0009308,E006448,K10+,Episode start,2025-02-16,28
M0009309,E006448,K10+,Episode end,2025-07-12,22
M0009310,E006449,K10+,Episode start,2025-02-12,34
M0009311,E006450,K10+,Episode start,2025-02-10,37
M0009312,E006450,K10+,Episode end,2025-06-15,29
M0009313,E006451,K10+,Episode start,2025-02-13,42
M0009314,E006451,K10+,Episode end,2025-08-31,37
M0009315,E006452,K10+,Episode start,2025-03-07,38
M0009316,E006453,K10+,Episode start,2025-02-09,35
M0009317,E006453,K10+,Episode end,2025-08-06,22
M0009318,E006454,K10+,Episode start,2025-02-15,33
M0009319,E006455,K10+,Episode start,2025-02-12,36
M0009320,E006455,K10+,Episode end,2025-05-27,35
M0009321,E006456,K10+,Episode start,2025-02-10,24
M0009322,E006456,K10+,Episode end,2025-05-10,15
M0009323,E006457,K10+,Episode start,2025-03-09,43
M0009324,E006457,K10+,Episode end,2025-05-22,40
M0009325,E006458,K10+,Episode start,2025-02-12,35
M0009326,E006459,K10+,Episode start,2025-02-12,36
M0009327,E006459,K10+,Episode end,2025-07-01,27
M0009328,E006460,K10+,Episode start,2025-02-15,29
M0009329,E006460,K10+,Episode end,2025-04-25,32
M0009330,E006461,K10+,Episode start,2025-02-20,31
M0009331,E006461,K10+,Episode end,2025-08-16,28
M0009332,E006462,K10+,Episode start,2025-02-14,22
M0009333,E006462,K10+,Episode end,2025-06-13,26
M0009334,E006463,K10+,Episode end,2025-07-22,33
M0009335,E006464,K10+,Episode start,2025-02-13,30
M0009336,E006464,K10+,Episode end,2025-04-07,19
M0009337,E006465,K10+,Episode end,2025-06-16,30
M0009338,E006467,K10+,Episode start,2025-02-15,35
M0009339,E006467,K10+,Episode end,2025-05-21,15
M0009340,E006468,K10+,Episode start,2025-02-24,15
M0009341,E006468,K10+,Episode end,2025-04-28,15
M0009342,E006469,K10+,Episode start,2025-02-15,31
M0009343,E006469,K10+,Episode end,2025-04-12,29
M0009344,E006471,SDQ,Episode end,2025-08-17,13
M0009345,E006472,K10+,Episode start,2025-02-16,39
M0009346,E006473,K10+,Episode start,2025-02-21,47
M0009347,E006474,K10+,Episode start,2025-02-17,39
M0009348,E006474,K10+,Episode end,2025-04-22,36
M0009349,E006475,K10+,Episode start,2025-02-23,30
M0009350,E006475,K10+,Episode end,2025-04-22,19
M0009351,E006476,K10+,Episode start,2025-03-25,42
M0009352,E006476,K10+,Episode end,2025-05-28,33
M0009353,E006477,K10+,Episode start,2025-02-25,22
M0009354,E006477,K10+,Episode end,2025-07-29,10
M0009355,E006478,SDQ,Episode start,2025-02-15,26
M0009356,E006479,K10+,Episode start,2025-02-18,23
M0009357,E006479,K10+,Episode end,2025-05-06,15
M0009358,E006480,K10+,Episode start,2025-02-17,41
M0009359,E006480,K10+,Episode end,2025-06-17,37
M0009360,E006481,K10+,Episode start,2025-02-20,33
M0009361,E006481,K10+,Episode end,2025-04-22,22
M0009362,E006482,K10+,Episode start,2025-02-24,34
M0009363,E006482,K10+,Episode end,2025-09-17,27
M0009364,E006483,K10+,Episode start,2025-02-18,28
M0009365,E006483,K10+,Episode end,2025-05-17,18
M0009366,E006484,K10+,Episode start,2025-02-18,41
M0009367,E006484,K10+,Episode end,2025-06-07,32
M0009368,E006485,K10+,Episode start,2025-03-05,31
M0009369,E006485,K10+,Episode end,2025-07-15,26
M0009370,E006486,K10+,Episode start,2025-02-21,32
M0009371,E006486,K10+,Episode end,2025-04-22,23
M0009372,E006487,K10+,Episode start,2025-02-21,27
M0009373,E006488,K10+,Episode start,2025-03-03,31
M0009374,E006488,K10+,Episode end,2025-06-04,13
M0009375,E006489,SDQ,Episode start,2025-02-27,21
M0009376,E006490,K10+,Episode start,2025-02-19,23
M0009377,E006491,K10+,Episode start,2025-03-22,37
M0009378,E006491,K10+,Episode end,2025-04-16,34
M0009379,E006493,K10+,Episode start,2025-02-26,31
M0009380,E006494,K10+,Episode start,2025-03-04,24
M0009381,E006494,K10+,Episode end,2025-07-14,10
M0009382,E006495,K10+,Episode start,2025-02-26,33
M0009383,E006496,K10+,Episode start,2025-03-09,23
M0009384,E006496,K10+,Episode end,2025-05-14,10
M0009385,E006497,SDQ,Episode start,2025-03-02,17
M0009386,E006497,SDQ,Episode end,2025-09-04,21
M0009387,E006498,K10+,Episode start,2025-03-09,30
M0009388,E006498,K10+,Episode end,2025-06-30,23
M0009389,E006500,K10+,Episode start,2025-03-02,43
M0009390,E006500,K10+,Episode end,2025-05-13,39
M0009391,E006501,K10+,Episode start,2025-03-04,33
M0009392,E006501,K10+,Episode end,2025-04-07,28
M0009393,E006502,K10+,Episode start,2025-02-27,41
M0009394,E006502,K10+,Episode end,2025-07-07,20
M0009395,E006503,K10+,Episode start,2025-02-27,36
M0009396,E006503,K10+,Episode end,2025-05-05,36
M0009397,E006504,K10+,Episode start,2025-03-07,29
M0009398,E006504,K10+,Episode end,2025-06-01,15
M0009399,E006505,K10+,Episode start,2025-03-04,33
M0009400,E006505,K10+,Episode end,2026-03-04,29
M0009401,E006506,K10+,Episode start,2025-02-24,33
M0009402,E006507,SDQ,Episode start,2025-03-01,22
M0009403,E006507,SDQ,Episode end,2025-05-29,16
M0009404,E006508,K10+,Episode start,2025-03-01,26
M0009405,E006508,K10+,Episode end,2025-03-31,19
M0009406,E006509,K10+,Episode start,2025-02-28,30
M0009407,E006510,K10+,Episode start,2025-03-04,22
M0009408,E006510,K10+,Episode end,2025-05-07,24
M0009409,E006511,K10+,Episode start,2025-03-04,24
M0009410,E006511,K10+,Episode end,2025-06-22,19
M0009411,E006512,K10+,Episode end,2025-05-24,23
M0009412,E006513,K10+,Episode start,2025-03-08,37
M0009413,E006513,K10+,Episode end,2025-08-24,26
M0009414,E006514,K10+,Episode start,2025-03-05,27
M0009415,E006514,K10+,Episode end,2025-05-26,31
M0009416,E006515,K10+,Episode start,2025-03-19,33
M0009417,E006516,K10+,Episode start,2025-03-09,23
M0009418,E006516,K10+,Episode end,2025-09-08,10
M0009419,E006517,K10+,Episode start,2025-03-07,39
M0009420,E006517,K10+,Episode end,2025-06-15,21
M0009421,E006518,K10+,Episode start,2025-04-06,33
M0009422,E006518,K10+,Episode end,2025-09-13,30
M0009423,E006519,K10+,Episode start,2025-03-08,35
M0009424,E006519,K10+,Episode end,2025-09-16,34
M0009425,E006520,SDQ,Episode start,2025-03-24,21
M0009426,E006520,SDQ,Episode end,2025-06-10,15
M0009427,E006521,K10+,Episode end,2025-06-10,33
M0009428,E006522,K10+,Episode start,2025-03-15,39
M0009429,E006523,K10+,Episode start,2025-04-08,36
M0009430,E006523,K10+,Episode end,2025-08-11,32
M0009431,E006524,K10+,Episode start,2025-03-06,15
M0009432,E006524,K10+,Episode end,2025-06-06,10
M0009433,E006525,K10+,Episode start,2025-03-04,30
M0009434,E006525,K10+,Episode end,2025-06-28,30
M0009435,E006526,K10+,Episode start,2025-03-10,31
M0009436,E006526,K10+,Episode end,2025-06-23,29
M0009437,E006527,K10+,Episode start,2025-03-07,31
M0009438,E006528,K10+,Episode start,2025-03-08,33
M0009439,E006528,K10+,Episode end,2025-08-25,15
M0009440,E006529,K10+,Episode start,2025-03-07,24
M0009441,E006529,K10+,Episode end,2025-11-27,10
M0009442,E006530,K10+,Episode start,2025-03-15,30
M0009443,E006530,K10+,Episode end,2025-05-25,23
M0009444,E006531,K10+,Episode start,2025-03-24,34
M0009445,E006531,K10+,Episode end,2025-07-11,20
M0009446,E006532,K10+,Episode start,2025-03-09,35
M0009447,E006532,K10+,Episode end,2025-07-04,17
M0009448,E006533,K10+,Episode start,2025-03-21,26
M0009449,E006533,K10+,Episode end,2025-06-21,11
M0009450,E006534,K10+,Episode end,2025-06-05,25
M0009451,E006535,K10+,Episode start,2025-03-18,26
M0009452,E006535,K10+,Episode end,2025-05-20,21
M0009453,E006536,K10+,Episode start,2025-03-13,37
M0009454,E006537,K10+,Episode start,2025-03-12,27
M0009455,E006537,K10+,Episode end,2025-08-14,16
M0009456,E006538,K10+,Episode end,2025-08-11,36
M0009457,E006539,K10+,Episode start,2025-03-21,36
M0009458,E006539,K10+,Episode end,2025-05-21,35
M0009459,E006540,K10+,Episode start,2025-03-28,31
M0009460,E006541,K10+,Episode start,2025-03-22,26
M0009461,E006541,K10+,Episode end,2025-09-23,21
M0009462,E006542,K10+,Episode start,2025-03-12,37
M0009463,E006542,K10+,Episode end,2025-08-11,30
M0009464,E006543,K10+,Episode start,2025-03-24,28
M0009465,E006543,K10+,Episode end,2025-06-08,24
M0009466,E006544,K10+,Episode start,2025-03-23,38
M0009467,E006544,K10+,Episode end,2025-08-20,31
M0009468,E006545,K10+,Episode start,2025-03-17,36
M0009469,E006545,K10+,Episode end,2025-04-05,30
M0009470,E006546,K10+,Episode start,2025-03-17,23
M0009471,E006546,K10+,Episode end,2025-09-27,13
M0009472,E006547,K10+,Episode start,2025-03-16,36
M0009473,E006547,K10+,Episode end,2025-07-02,28
M0009474,E006548,K10+,Episode start,2025-04-05,25
M0009475,E006548,K10+,Episode end,2025-05-23,22
M0009476,E006549,SDQ,Episode start,2025-03-20,17
M0009477,E006549,SDQ,Episode end,2025-07-28,15
M0009478,E006550,SDQ,Episode start,2025-03-17,21
M0009479,E006550,SDQ,Episode end,2025-05-11,19
M0009480,E006551,K10+,Episode end,2025-06-02,24
M0009481,E006552,K10+,Episode start,2025-03-28,29
M0009482,E006553,K10+,Episode start,2025-03-25,28
M0009483,E006554,K10+,Episode end,2025-05-06,23
M0009484,E006555,K10+,Episode start,2025-03-15,41
M0009485,E006555,K10+,Episode end,2025-04-30,27
M0009486,E006556,K10+,Episode start,2025-03-18,34
M0009487,E006556,K10+,Episode end,2025-04-24,30
M0009488,E006557,K10+,Episode start,2025-03-20,41
M0009489,E006557,K10+,Episode end,2025-08-05,37
M0009490,E006558,K10+,Episode start,2025-03-23,38
M0009491,E006558,K10+,Episode end,2025-07-07,31
M0009492,E006559,K10+,Episode start,2025-03-15,35
M0009493,E006559,K10+,Episode end,2025-06-20,22
M0009494,E006560,K10+,Episode start,2025-03-15,22
M0009495,E006561,K10+,Episode start,2025-03-15,29
M0009496,E006561,K10+,Episode end,2025-08-06,24
M0009497,E006562,K10+,Episode start,2025-03-23,32
M0009498,E006562,K10+,Episode end,2025-05-18,22
M0009499,E006563,K10+,Episode start,2025-03-15,28
M0009500,E006563,K10+,Episode end,2025-07-17,14
M0009501,E006564,K10+,Episode start,2025-03-16,33
M0009502,E006564,K10+,Episode end,2025-11-06,30
M0009503,E006565,K10+,Episode start,2025-03-21,22
M0009504,E006566,K10+,Episode start,2025-03-21,37
M0009505,E006566,K10+,Episode end,2025-07-16,35
M0009506,E006567,K10+,Episode start,2025-03-18,36
M0009507,E006568,K10+,Episode start,2025-03-22,25
M0009508,E006568,K10+,Episode end,2025-07-05,23
M0009509,E006569,K10+,Episode start,2025-03-19,27
M0009510,E006569,K10+,Episode end,2025-06-05,10
M0009511,E006572,K10+,Episode start,2025-03-17,32
M0009512,E006572,K10+,Episode end,2025-06-08,37
M0009513,E006573,K10+,Episode end,2025-08-21,35
M0009514,E006574,K10+,Episode start,2025-04-04,21
M0009515,E006574,K10+,Episode end,2025-07-02,23
M0009516,E006575,K10+,Episode start,2025-04-18,24
M0009517,E006576,K10+,Episode end,2025-06-12,33
M0009518,E006578,K10+,Episode start,2025-03-25,18
M0009519,E006579,K10+,Episode start,2025-03-29,29
M0009520,E006579,K10+,Episode end,2025-04-24,18
M0009521,E006580,K10+,Episode start,2025-03-21,42
M0009522,E006580,K10+,Episode end,2025-07-15,37
M0009523,E006581,K10+,Episode start,2025-03-27,38
M0009524,E006581,K10+,Episode end,2025-09-12,32
M0009525,E006582,K10+,Episode start,2025-04-05,35
M0009526,E006582,K10+,Episode end,2025-07-26,25
M0009527,E006584,K10+,Episode start,2025-03-31,32
M0009528,E006585,K10+,Episode start,2025-03-20,40
M0009529,E006585,K10+,Episode end,2025-05-17,38
M0009530,E006586,K10+,Episode start,2025-04-01,32
M0009531,E006587,K10+,Episode start,2025-03-26,30
M0009532,E006587,K10+,Episode end,2025-07-07,28
M0009533,E006588,K10+,Episode start,2025-03-31,36
M0009534,E006588,K10+,Episode end,2025-06-26,33
M0009535,E006589,K10+,Episode end,2025-07-05,13
M0009536,E006590,K10+,Episode start,2025-03-23,26
M0009537,E006590,K10+,Episode end,2025-08-25,20
M0009538,E006591,K10+,Episode start,2025-03-23,17
M0009539,E006591,K10+,Episode end,2025-04-11,10
M0009540,E006592,K10+,Episode start,2025-04-01,23
M0009541,E006592,K10+,Episode end,2025-08-02,19
M0009542,E006593,K10+,Episode start,2025-03-27,29
M0009543,E006593,K10+,Episode end,2025-06-16,11
M0009544,E006594,K10+,Episode start,2025-04-04,33
M0009545,E006595,SDQ,Episode start,2025-04-06,21
M0009546,E006595,SDQ,Episode end,2025-09-16,19
M0009547,E006596,K10+,Episode start,2025-04-02,21
M0009548,E006596,K10+,Episode end,2025-07-17,19
M0009549,E006597,K10+,Episode start,2025-04-03,27
M0009550,E006597,K10+,Episode end,2025-05-05,10
M0009551,E006598,K10+,Episode start,2025-03-31,25
M0009552,E006598,K10+,Episode end,2025-05-13,17
M0009553,E006599,K10+,Episode start,2025-04-06,31
M0009554,E006600,K10+,Episode start,2025-04-03,32
M0009555,E006600,K10+,Episode end,2026-02-01,29
M0009556,E006601,K10+,Episode start,2025-04-03,24
M0009557,E006601,K10+,Episode end,2025-05-08,18
M0009558,E006602,K10+,Episode start,2025-04-07,42
M0009559,E006602,K10+,Episode end,2025-10-15,45
M0009560,E006603,K10+,Episode start,2025-03-31,25
M0009561,E006603,K10+,Episode end,2025-08-04,19
M0009562,E006604,K10+,Episode start,2025-04-06,35
M0009563,E006604,K10+,Episode end,2025-08-18,30
M0009564,E006605,K10+,Episode start,2025-04-05,27
M0009565,E006605,K10+,Episode end,2025-07-14,21
M0009566,E006606,K10+,Episode start,2025-03-30,33
M0009567,E006606,K10+,Episode end,2025-06-18,29
M0009568,E006607,SDQ,Episode start,2025-04-07,23
M0009569,E006607,SDQ,Episode end,2025-06-24,21
M0009570,E006608,K10+,Episode start,2025-04-08,31
M0009571,E006608,K10+,Episode end,2025-06-20,13
M0009572,E006609,K10+,Episode start,2025-04-04,35
M0009573,E006609,K10+,Episode end,2025-06-27,39
M0009574,E006610,K10+,Episode start,2025-04-02,30
M0009575,E006611,K10+,Episode start,2025-03-31,36
M0009576,E006611,K10+,Episode end,2025-10-20,25
M0009577,E006612,K10+,Episode start,2025-04-01,32
M0009578,E006612,K10+,Episode end,2025-06-08,34
M0009579,E006613,K10+,Episode start,2025-04-04,26
M0009580,E006613,K10+,Episode end,2025-05-17,17
M0009581,E006614,K10+,Episode start,2025-04-23,27
M0009582,E006614,K10+,Episode end,2025-10-03,22
M0009583,E006615,K10+,Episode start,2025-04-07,26
M0009584,E006615,K10+,Episode end,2025-04-24,13
M0009585,E006616,K10+,Episode start,2025-04-01,27
M0009586,E006616,K10+,Episode end,2025-05-28,25
M0009587,E006617,K10+,Episode start,2025-04-01,37
M0009588,E006617,K10+,Episode end,2025-08-10,42
M0009589,E006618,K10+,Episode start,2025-04-19,32
M0009590,E006618,K10+,Episode end,2025-05-20,26
M0009591,E006619,K10+,Episode start,2025-04-15,33
M0009592,E006620,K10+,Episode start,2025-04-19,23
M0009593,E006620,K10+,Episode end,2025-05-20,11
M0009594,E006621,K10+,Episode start,2025-04-05,34
M0009595,E006621,K10+,Episode end,2025-10-07,33
M0009596,E006622,K10+,Episode start,2025-04-15,36
M0009597,E006622,K10+,Episode end,2025-10-01,34
M0009598,E006624,K10+,Episode start,2025-04-11,34
M0009599,E006624,K10+,Episode end,2025-05-31,23
M0009600,E006625,K10+,Episode start,2025-04-04,29
M0009601,E006626,K10+,Episode start,2025-04-11,30
M0009602,E006626,K10+,Episode end,2025-06-26,27
M0009603,E006627,K10+,Episode start,2025-04-04,34
M0009604,E006628,K10+,Episode start,2025-05-13,26
M0009605,E006628,K10+,Episode end,2025-08-11,19
M0009606,E006629,K10+,Episode start,2025-04-05,38
M0009607,E006629,K10+,Episode end,2025-05-21,28
M0009608,E006630,K10+,Episode start,2025-04-11,31
M0009609,E006630,K10+,Episode end,2025-06-09,28
M0009610,E006631,K10+,Episode start,2025-04-15,29
M0009611,E006631,K10+,Episode end,2025-07-30,20
M0009612,E006632,K10+,Episode start,2025-04-12,30
M0009613,E006632,K10+,Episode end,2025-08-02,26
M0009614,E006634,K10+,Episode start,2025-04-20,40
M0009615,E006635,K10+,Episode start,2025-04-21,35
M0009616,E006635,K10+,Episode end,2025-08-27,21
M0009617,E006636,K10+,Episode start,2025-04-14,41
M0009618,E006637,K10+,Episode start,2025-04-13,25
M0009619,E006637,K10+,Episode end,2025-08-17,22
M0009620,E006638,K10+,Episode start,2025-04-17,37
M0009621,E006639,K10+,Episode end,2025-05-09,22
M0009622,E006640,K10+,Episode start,2025-04-12,30
M0009623,E006640,K10+,Episode end,2025-08-10,19
M0009624,E006641,K10+,Episode start,2025-04-10,40
M0009625,E006642,K10+,Episode end,2025-08-09,31
M0009626,E006643,K10+,Episode start,2025-04-10,29
M0009627,E006643,K10+,Episode end,2025-06-24,32
M0009628,E006644,K10+,Episode start,2025-04-15,33
M0009629,E006644,K10+,Episode end,2025-07-08,33
M0009630,E006645,K10+,Episode start,2025-04-12,25
M0009631,E006645,K10+,Episode end,2025-06-13,22
M0009632,E006646,K10+,Episode end,2025-08-23,30
M0009633,E006648,K10+,Episode start,2025-04-19,32
M0009634,E006648,K10+,Episode end,2025-06-18,22
M0009635,E006649,K10+,Episode start,2025-04-16,38
M0009636,E006650,K10+,Episode start,2025-05-02,36
M0009637,E006650,K10+,Episode end,2025-08-07,26
M0009638,E006652,K10+,Episode start,2025-05-09,30
M0009639,E006653,K10+,Episode start,2025-05-01,29
M0009640,E006654,K10+,Episode start,2025-04-20,28
M0009641,E006654,K10+,Episode end,2025-06-12,29
M0009642,E006655,K10+,Episode start,2025-04-17,26
M0009643,E006655,K10+,Episode end,2025-08-04,25
M0009644,E006656,K10+,Episode start,2025-04-16,26
M0009645,E006656,K10+,Episode end,2025-10-02,25
M0009646,E006657,SDQ,Episode start,2025-05-03,23
M0009647,E006657,SDQ,Episode end,2025-08-27,13
M0009648,E006658,K10+,Episode start,2025-05-04,27
M0009649,E006658,K10+,Episode end,2025-09-23,10
M0009650,E006659,K10+,Episode start,2025-04-17,34
M0009651,E006659,K10+,Episode end,2025-06-28,25
M0009652,E006660,K10+,Episode start,2025-05-19,28
M0009653,E006660,K10+,Episode end,2025-08-07,27
M0009654,E006661,K10+,Episode end,2025-05-23,20
M0009655,E006662,K10+,Episode start,2025-04-29,34
M0009656,E006663,K10+,Episode start,2025-04-29,23
M0009657,E006663,K10+,Episode end,2025-08-27,15
M0009658,E006664,K10+,Episode start,2025-04-23,39
M0009659,E006664,K10+,Episode end,2025-07-22,31
M0009660,E006665,K10+,Episode end,2025-10-15,10
M0009661,E006666,K10+,Episode start,2025-04-28,23
M0009662,E006667,K10+,Episode start,2025-05-01,29
M0009663,E006667,K10+,Episode end,2025-06-22,28
M0009664,E006668,K10+,Episode end,2025-08-11,36
M0009665,E006669,K10+,Episode start,2025-04-28,25
M0009666,E006670,K10+,Episode start,2025-05-05,34
M0009667,E006670,K10+,Episode end,2025-09-04,31
M0009668,E006671,K10+,Episode start,2025-04-29,20
M0009669,E006671,K10+,Episode end,2025-06-02,10
M0009670,E006672,K10+,Episode start,2025-04-21,23
M0009671,E006672,K10+,Episode end,2025-10-16,10
M0009672,E006673,K10+,Episode start,2025-04-29,33
M0009673,E006673,K10+,Episode end,2025-10-10,31
M0009674,E006674,K10+,Episode start,2025-04-24,34
M0009675,E006674,K10+,Episode end,2025-07-31,28
M0009676,E006675,K10+,Episode start,2025-04-26,31
M0009677,E006675,K10+,Episode end,2025-07-15,27
M0009678,E006676,K10+,Episode start,2025-04-28,33
M0009679,E006676,K10+,Episode end,2025-08-16,21
M0009680,E006677,K10+,Episode start,2025-04-23,40
M0009681,E006677,K10+,Episode end,2025-08-15,20
M0009682,E006678,K10+,Episode start,2025-05-04,33
M0009683,E006678,K10+,Episode end,2025-06-18,33
M0009684,E006679,K10+,Episode start,2025-05-04,27
M0009685,E006679,K10+,Episode end,2025-12-22,21
M0009686,E006680,K10+,Episode start,2025-04-29,32
M0009687,E006680,K10+,Episode end,2025-07-24,16
M0009688,E006681,K10+,Episode start,2025-05-15,30
M0009689,E006681,K10+,Episode end,2025-07-29,17
M0009690,E006682,K10+,Episode start,2025-05-06,22
M0009691,E006682,K10+,Episode end,2025-09-14,15
M0009692,E006683,K10+,Episode start,2025-05-03,27
M0009693,E006684,K10+,Episode start,2025-04-28,42
M0009694,E006685,K10+,Episode start,2025-04-23,34
M0009695,E006685,K10+,Episode end,2025-06-21,30
M0009696,E006686,K10+,Episode start,2025-04-25,36
M0009697,E006686,K10+,Episode end,2025-06-19,24
M0009698,E006687,K10+,Episode start,2025-05-04,32
M0009699,E006688,K10+,Episode end,2025-09-11,27
M0009700,E006689,K10+,Episode start,2025-05-06,34
M0009701,E006689,K10+,Episode end,2025-06-01,20
M0009702,E006690,K10+,Episode start,2025-04-29,39
M0009703,E006690,K10+,Episode end,2025-09-18,34
M0009704,E006691,K10+,Episode end,2025-07-15,15
M0009705,E006693,K10+,Episode start,2025-05-01,30
M0009706,E006693,K10+,Episode end,2025-09-15,20
M0009707,E006694,K10+,Episode start,2025-05-04,22
M0009708,E006694,K10+,Episode end,2025-07-05,27
M0009709,E006695,K10+,Episode start,2025-05-05,37
M0009710,E006695,K10+,Episode end,2025-11-23,34
M0009711,E006697,K10+,Episode start,2025-05-05,39
M0009712,E006697,K10+,Episode end,2025-09-25,19
M0009713,E006698,K10+,Episode start,2025-05-02,29
M0009714,E006698,K10+,Episode end,2025-08-06,22
M0009715,E006699,K10+,Episode start,2025-05-06,26
M0009716,E006699,K10+,Episode end,2025-07-20,25
M0009717,E006700,K10+,Episode start,2025-05-12,35
M0009718,E006701,K10+,Episode start,2025-05-15,28
M0009719,E006702,K10+,Episode start,2025-05-09,28
M0009720,E006702,K10+,Episode end,2025-06-03,32
M0009721,E006703,SDQ,Episode start,2025-06-20,11
M0009722,E006703,SDQ,Episode end,2025-10-07,12
M0009723,E006704,K10+,Episode start,2025-05-12,40
M0009724,E006704,K10+,Episode end,2025-08-27,23
M0009725,E006705,SDQ,Episode start,2025-05-09,8
M0009726,E006706,K10+,Episode start,2025-05-05,31
M0009727,E006706,K10+,Episode end,2025-09-09,26
M0009728,E006707,K10+,Episode start,2025-05-13,30
M0009729,E006707,K10+,Episode end,2025-09-18,13
M0009730,E006708,K10+,Episode start,2025-05-05,38
M0009731,E006708,K10+,Episode end,2025-08-15,24
M0009732,E006709,K10+,Episode start,2025-05-12,40
M0009733,E006709,K10+,Episode end,2025-08-08,36
M0009734,E006710,K10+,Episode start,2025-05-10,40
M0009735,E006710,K10+,Episode end,2025-08-20,39
M0009736,E006712,K10+,Episode start,2025-05-10,17
M0009737,E006712,K10+,Episode end,2025-07-31,10
M0009738,E006713,K10+,Episode start,2025-05-12,34
M0009739,E006713,K10+,Episode end,2026-01-24,41
M0009740,E006714,K10+,Episode start,2025-05-10,24
M0009741,E006714,K10+,Episode end,2025-09-27,23
M0009742,E006715,K10+,Episode start,2025-05-14,26
M0009743,E006716,K10+,Episode start,2025-05-11,26
M0009744,E006717,K10+,Episode start,2025-06-04,40
M0009745,E006717,K10+,Episode end,2025-08-11,41
M0009746,E006718,K10+,Episode start,2025-05-13,34
M0009747,E006718,K10+,Episode end,2025-08-25,26
M0009748,E006719,K10+,Episode start,2025-05-14,35
M0009749,E006719,K10+,Episode end,2025-11-28,24
M0009750,E006720,K10+,Episode start,2025-05-11,41
M0009751,E006720,K10+,Episode end,2025-06-29,46
M0009752,E006721,K10+,Episode start,2025-05-11,36
M0009753,E006721,K10+,Episode end,2025-07-09,36
M0009754,E006722,K10+,Episode end,2025-07-21,28
M0009755,E006723,K10+,Episode start,2025-06-07,31
M0009756,E006723,K10+,Episode end,2025-12-15,31
M0009757,E006724,K10+,Episode start,2025-05-12,29
M0009758,E006725,K10+,Episode start,2025-06-11,19
M0009759,E006728,K10+,Episode start,2025-05-20,32
M0009760,E006730,K10+,Episode start,2025-05-21,42
M0009761,E006730,K10+,Episode end,2025-08-12,31
M0009762,E006731,K10+,Episode start,2025-05-31,26
M0009763,E006732,K10+,Episode start,2025-05-19,28
M0009764,E006732,K10+,Episode end,2025-07-05,25
M0009765,E006733,K10+,Episode start,2025-06-05,38
M0009766,E006734,K10+,Episode start,2025-05-17,30
M0009767,E006734,K10+,Episode end,2025-10-28,27
M0009768,E006735,K10+,Episode start,2025-05-23,30
M0009769,E006735,K10+,Episode end,2025-11-21,27
M0009770,E006736,K10+,Episode start,2025-05-17,37
M0009771,E006736,K10+,Episode end,2025-10-24,34
M0009772,E006737,K10+,Episode start,2025-06-29,19
M0009773,E006737,K10+,Episode end,2025-11-12,10
M0009774,E006738,K10+,Episode end,2025-12-07,22
M0009775,E006739,K10+,Episode start,2025-05-19,28
M0009776,E006740,K10+,Episode start,2025-05-13,23
M0009777,E006740,K10+,Episode end,2025-09-11,24
M0009778,E006741,K10+,Episode start,2025-05-24,30
M0009779,E006743,K10+,Episode start,2025-05-25,34
M0009780,E006743,K10+,Episode end,2025-10-25,20
M0009781,E006744,K10+,Episode start,2025-05-21,37
M0009782,E006744,K10+,Episode end,2025-09-21,21
M0009783,E006746,K10+,Episode start,2025-06-10,30
M0009784,E006747,K10+,Episode start,2025-05-19,18
M0009785,E006749,K10+,Episode start,2025-05-17,36
M0009786,E006749,K10+,Episode end,2025-10-14,30
M0009787,E006750,K10+,Episode start,2025-05-25,26
M0009788,E006751,K10+,Episode start,2025-05-26,34
M0009789,E006751,K10+,Episode end,2025-07-25,24
M0009790,E006752,K10+,Episode start,2025-05-29,32
M0009791,E006752,K10+,Episode end,2025-06-20,24
M0009792,E006753,K10+,Episode start,2025-05-25,26
M0009793,E006753,K10+,Episode end,2025-08-06,20
M0009794,E006754,K10+,Episode start,2025-05-21,24
M0009795,E006754,K10+,Episode end,2026-01-15,10
M0009796,E006755,K10+,Episode start,2025-05-21,35
M0009797,E006755,K10+,Episode end,2026-02-07,25
M0009798,E006756,K10+,Episode start,2025-05-27,35
M0009799,E006756,K10+,Episode end,2025-08-02,35
M0009800,E006757,K10+,Episode start,2025-05-31,44
M0009801,E006757,K10+,Episode end,2026-01-28,32
M0009802,E006759,K10+,Episode start,2025-06-01,29
M0009803,E006759,K10+,Episode end,2025-07-22,28
M0009804,E006760,K10+,Episode start,2025-05-22,30
M0009805,E006761,K10+,Episode start,2025-05-20,28
M0009806,E006761,K10+,Episode end,2025-10-17,28
M0009807,E006762,K10+,Episode start,2025-06-20,28
M0009808,E006762,K10+,Episode end,2025-08-17,23
M0009809,E006763,K10+,Episode start,2025-06-11,36
M0009810,E006764,K10+,Episode start,2025-05-22,37
M0009811,E006764,K10+,Episode end,2025-12-04,29
M0009812,E006765,K10+,Episode start,2025-05-24,21
M0009813,E006766,K10+,Episode end,2025-11-02,19
M0009814,E006767,K10+,Episode start,2025-07-23,27
M0009815,E006768,K10+,Episode start,2025-05-24,32
M0009816,E006768,K10+,Episode end,2025-07-06,27
M0009817,E006769,K10+,Episode start,2025-06-10,20
M0009818,E006769,K10+,Episode end,2025-09-17,14
M0009819,E006770,K10+,Episode start,2025-06-05,43
M0009820,E006770,K10+,Episode end,2026-03-27,32
M0009821,E006771,K10+,Episode end,2025-10-11,17
M0009822,E006772,K10+,Episode start,2025-05-27,23
M0009823,E006773,K10+,Episode start,2025-05-28,38
M0009824,E006774,K10+,Episode start,2025-06-21,28
M0009825,E006774,K10+,Episode end,2025-08-27,23
M0009826,E006775,K10+,Episode start,2025-05-24,27
M0009827,E006775,K10+,Episode end,2025-10-09,24
M0009828,E006776,K10+,Episode start,2025-05-29,34
M0009829,E006776,K10+,Episode end,2025-10-08,26
M0009830,E006777,K10+,Episode start,2025-06-08,22
M0009831,E006777,K10+,Episode end,2025-09-25,10
M0009832,E006778,K10+,Episode start,2025-06-27,36
M0009833,E006779,K10+,Episode start,2025-06-13,35
M0009834,E006779,K10+,Episode end,2025-10-02,26
M0009835,E006780,K10+,Episode start,2025-06-08,30
M0009836,E006780,K10+,Episode end,2025-09-06,25
M0009837,E006781,K10+,Episode start,2025-06-04,22
M0009838,E006781,K10+,Episode end,2025-08-17,12
M0009839,E006782,SDQ,Episode end,2025-11-21,15
M0009840,E006784,K10+,Episode start,2025-06-01,26
M0009841,E006784,K10+,Episode end,2025-07-14,24
M0009842,E006785,SDQ,Episode start,2025-06-07,26
M0009843,E006785,SDQ,Episode end,2025-11-28,26
M0009844,E006786,K10+,Episode start,2025-06-10,37
M0009845,E006786,K10+,Episode end,2025-07-11,30
M0009846,E006788,K10+,Episode start,2025-06-01,27
M0009847,E006788,K10+,Episode end,2025-07-24,17
M0009848,E006789,K10+,Episode start,2025-07-06,29
M0009849,E006789,K10+,Episode end,2025-09-05,23
M0009850,E006790,K10+,Episode end,2026-01-19,38
M0009851,E006791,K10+,Episode start,2025-06-03,28
M0009852,E006791,K10+,Episode end,2025-09-02,19
M0009853,E006792,K10+,Episode start,2025-06-02,38
M0009854,E006792,K10+,Episode end,2025-07-25,33
M0009855,E006793,K10+,Episode end,2025-11-24,36
M0009856,E006794,K10+,Episode start,2025-06-10,37
M0009857,E006794,K10+,Episode end,2025-08-16,27
M0009858,E006795,K10+,Episode start,2025-06-04,32
M0009859,E006795,K10+,Episode end,2025-07-07,33
M0009860,E006796,K10+,Episode start,2025-06-17,24
M0009861,E006797,K10+,Episode start,2025-06-15,32
M0009862,E006798,K10+,Episode end,2025-12-15,25
M0009863,E006799,K10+,Episode start,2025-06-10,29
M0009864,E006799,K10+,Episode end,2025-09-06,23
M0009865,E006800,K10+,Episode start,2025-06-09,31
M0009866,E006800,K10+,Episode end,2025-10-16,26
M0009867,E006801,K10+,Episode start,2025-06-16,37
M0009868,E006801,K10+,Episode end,2025-11-17,36
M0009869,E006802,K10+,Episode start,2025-06-20,29
M0009870,E006803,SDQ,Episode end,2025-10-25,14
M0009871,E006804,K10+,Episode start,2025-06-04,40
M0009872,E006804,K10+,Episode end,2025-07-31,39
M0009873,E006805,K10+,Episode start,2025-06-08,30
M0009874,E006806,K10+,Episode start,2025-06-13,28
M0009875,E006806,K10+,Episode end,2025-11-07,14
M0009876,E006807,K10+,Episode start,2025-06-10,32
M0009877,E006807,K10+,Episode end,2025-07-06,27
M0009878,E006809,K10+,Episode start,2025-07-01,29
M0009879,E006809,K10+,Episode end,2025-08-19,30
M0009880,E006810,K10+,Episode start,2025-06-25,39
M0009881,E006813,K10+,Episode start,2025-06-20,25
M0009882,E006813,K10+,Episode end,2025-10-20,13
M0009883,E006814,K10+,Episode start,2025-06-13,29
M0009884,E006814,K10+,Episode end,2025-10-14,22
M0009885,E006816,K10+,Episode start,2025-06-29,41
M0009886,E006816,K10+,Episode end,2025-11-08,35
M0009887,E006817,K10+,Episode start,2025-07-18,36
M0009888,E006817,K10+,Episode end,2025-09-25,41
M0009889,E006818,K10+,Episode start,2025-06-14,40
M0009890,E006818,K10+,Episode end,2025-08-28,33
M0009891,E006819,K10+,Episode start,2025-06-16,32
M0009892,E006819,K10+,Episode end,2025-08-02,18
M0009893,E006820,K10+,Episode start,2025-06-20,38
M0009894,E006820,K10+,Episode end,2026-05-02,27
M0009895,E006822,SDQ,Episode start,2025-06-26,26
M0009896,E006822,SDQ,Episode end,2025-09-12,26
M0009897,E006823,K10+,Episode start,2025-06-16,32
M0009898,E006824,K10+,Episode start,2025-06-15,26
M0009899,E006825,K10+,Episode start,2025-06-19,26
M0009900,E006825,K10+,Episode end,2025-12-05,22
M0009901,E006826,SDQ,Episode start,2025-06-13,17
M0009902,E006826,SDQ,Episode end,2025-09-13,18
M0009903,E006827,K10+,Episode start,2025-07-17,27
M0009904,E006827,K10+,Episode end,2025-09-29,15
M0009905,E006828,K10+,Episode start,2025-06-29,27
M0009906,E006828,K10+,Episode end,2025-12-09,23
M0009907,E006829,K10+,Episode start,2025-06-23,21
M0009908,E006830,K10+,Episode end,2025-10-24,23
M0009909,E006831,K10+,Episode start,2025-06-18,37
M0009910,E006833,K10+,Episode start,2025-06-25,25
M0009911,E006833,K10+,Episode end,2025-08-27,15
M0009912,E006834,K10+,Episode start,2025-06-17,34
M0009913,E006834,K10+,Episode end,2025-09-25,30
M0009914,E006835,K10+,Episode start,2025-06-16,29
M0009915,E006835,K10+,Episode end,2025-08-28,25
M0009916,E006836,K10+,Episode start,2025-06-21,38
M0009917,E006838,K10+,Episode start,2025-06-22,35
M0009918,E006838,K10+,Episode end,2025-08-26,27
M0009919,E006840,K10+,Episode start,2025-07-17,20
M0009920,E006841,K10+,Episode start,2025-07-11,23
M0009921,E006841,K10+,Episode end,2025-10-10,16
M0009922,E006842,K10+,Episode start,2025-06-23,30
M0009923,E006842,K10+,Episode end,2025-09-01,29
M0009924,E006843,K10+,Episode start,2025-06-21,24
M0009925,E006844,K10+,Episode start,2025-06-26,28
M0009926,E006844,K10+,Episode end,2025-09-30,16
M0009927,E006845,K10+,Episode start,2025-06-23,38
M0009928,E006845,K10+,Episode end,2025-12-04,19
M0009929,E006846,K10+,Episode start,2025-06-27,31
M0009930,E006847,SDQ,Episode start,2025-06-29,22
M0009931,E006847,SDQ,Episode end,2025-09-19,20
M0009932,E006848,K10+,Episode start,2025-06-28,41
M0009933,E006848,K10+,Episode end,2025-09-15,39
M0009934,E006849,K10+,Episode start,2025-06-30,26
M0009935,E006849,K10+,Episode end,2025-11-09,10
M0009936,E006850,K10+,Episode start,2025-06-29,37
M0009937,E006850,K10+,Episode end,2025-11-09,37
M0009938,E006851,K10+,Episode start,2025-06-30,28
M0009939,E006851,K10+,Episode end,2025-09-24,26
M0009940,E006853,K10+,Episode start,2025-07-02,27
M0009941,E006853,K10+,Episode end,2025-09-13,19
M0009942,E006854,K10+,Episode start,2025-06-26,41
M0009943,E006854,K10+,Episode end,2025-12-25,35
M0009944,E006855,K10+,Episode start,2025-06-29,29
M0009945,E006855,K10+,Episode end,2025-12-23,26
M0009946,E006856,K10+,Episode start,2025-07-05,29
M0009947,E006856,K10+,Episode end,2025-11-09,14
M0009948,E006857,K10+,Episode start,2025-07-02,22
M0009949,E006857,K10+,Episode end,2025-09-05,10
M0009950,E006858,K10+,Episode start,2025-07-25,32
M0009951,E006859,K10+,Episode start,2025-06-28,38
M0009952,E006859,K10+,Episode end,2025-12-04,36
M0009953,E006860,K10+,Episode start,2025-07-14,28
M0009954,E006860,K10+,Episode end,2025-10-07,21
M0009955,E006862,K10+,Episode start,2025-07-05,26
M0009956,E006862,K10+,Episode end,2025-10-25,13
M0009957,E006863,K10+,Episode start,2025-07-07,29
M0009958,E006863,K10+,Episode end,2025-11-10,17
M0009959,E006864,SDQ,Episode start,2025-07-08,18
M0009960,E006864,SDQ,Episode end,2025-10-09,16
M0009961,E006865,K10+,Episode start,2025-07-04,37
M0009962,E006865,K10+,Episode end,2025-09-22,39
M0009963,E006867,K10+,Episode start,2025-07-22,24
M0009964,E006867,K10+,Episode end,2025-11-17,13
M0009965,E006868,K10+,Episode start,2025-07-06,35
M0009966,E006868,K10+,Episode end,2026-05-28,26
M0009967,E006870,K10+,Episode start,2025-07-07,36
M0009968,E006871,K10+,Episode start,2025-07-14,26
M0009969,E006871,K10+,Episode end,2025-09-28,10
M0009970,E006872,K10+,Episode start,2025-07-08,31
M0009971,E006872,K10+,Episode end,2025-11-23,29
M0009972,E006873,K10+,Episode start,2025-07-08,34
M0009973,E006874,K10+,Episode start,2025-07-03,36
M0009974,E006874,K10+,Episode end,2025-09-05,31
M0009975,E006876,K10+,Episode start,2025-07-07,32
M0009976,E006876,K10+,Episode end,2025-09-30,23
M0009977,E006877,K10+,Episode start,2025-07-06,27
M0009978,E006877,K10+,Episode end,2025-09-23,12
M0009979,E006878,K10+,Episode start,2025-07-05,38
M0009980,E006878,K10+,Episode end,2025-09-08,35
M0009981,E006879,K10+,Episode start,2025-07-07,29
M0009982,E006879,K10+,Episode end,2025-10-14,29
M0009983,E006880,K10+,Episode start,2025-07-19,24
M0009984,E006880,K10+,Episode end,2025-09-14,20
M0009985,E006881,K10+,Episode start,2025-07-05,21
M0009986,E006881,K10+,Episode end,2025-11-11,16
M0009987,E006882,K10+,Episode start,2025-08-05,39
M0009988,E006882,K10+,Episode end,2025-11-23,21
M0009989,E006883,K10+,Episode start,2025-07-09,30
M0009990,E006883,K10+,Episode end,2025-09-07,25
M0009991,E006884,SDQ,Episode start,2025-07-09,23
M0009992,E006884,SDQ,Episode end,2025-08-17,17
M0009993,E006885,K10+,Episode start,2025-07-24,39
M0009994,E006885,K10+,Episode end,2026-02-26,37
M0009995,E006888,K10+,Episode start,2025-07-13,26
M0009996,E006888,K10+,Episode end,2026-01-12,10
M0009997,E006889,K10+,Episode start,2025-07-11,40
M0009998,E006889,K10+,Episode end,2025-11-30,39
M0009999,E006890,K10+,Episode start,2025-07-10,28
M0010000,E006891,K10+,Episode start,2025-07-23,33
M0010001,E006891,K10+,Episode end,2026-02-08,30
M0010002,E006892,K10+,Episode end,2026-02-12,33
M0010003,E006893,SDQ,Episode start,2025-07-12,23
M0010004,E006893,SDQ,Episode end,2025-09-14,23
M0010005,E006894,K10+,Episode start,2025-07-27,29
M0010006,E006894,K10+,Episode end,2025-08-27,23
M0010007,E006895,SDQ,Episode start,2025-07-14,18
M0010008,E006895,SDQ,Episode end,2026-01-08,11
M0010009,E006896,K10+,Episode start,2025-07-10,31
M0010010,E006896,K10+,Episode end,2026-01-21,30
M0010011,E006897,K10+,Episode start,2025-07-13,25
M0010012,E006897,K10+,Episode end,2025-10-17,21
M0010013,E006898,K10+,Episode start,2025-07-12,18
M0010014,E006898,K10+,Episode end,2025-11-30,13
M0010015,E006900,K10+,Episode start,2025-07-12,32
M0010016,E006900,K10+,Episode end,2025-09-08,21
M0010017,E006901,K10+,Episode start,2025-07-28,25
M0010018,E006901,K10+,Episode end,2025-08-26,18
M0010019,E006902,K10+,Episode start,2025-07-18,34
M0010020,E006902,K10+,Episode end,2025-10-05,31
M0010021,E006904,K10+,Episode end,2025-12-23,32
M0010022,E006906,SDQ,Episode start,2025-07-18,27
M0010023,E006906,SDQ,Episode end,2025-10-15,18
M0010024,E006907,K10+,Episode start,2025-07-25,31
M0010025,E006907,K10+,Episode end,2025-10-10,27
M0010026,E006908,K10+,Episode start,2025-08-17,35
M0010027,E006908,K10+,Episode end,2025-10-31,30
M0010028,E006909,K10+,Episode start,2025-07-16,38
M0010029,E006909,K10+,Episode end,2026-01-08,18
M0010030,E006910,K10+,Episode start,2025-07-25,27
M0010031,E006910,K10+,Episode end,2025-10-29,19
M0010032,E006911,K10+,Episode start,2025-08-16,37
M0010033,E006911,K10+,Episode end,2025-11-19,33
M0010034,E006912,K10+,Episode start,2025-07-21,40
M0010035,E006913,K10+,Episode start,2025-07-22,35
M0010036,E006913,K10+,Episode end,2025-10-01,34
M0010037,E006914,K10+,Episode start,2025-07-23,37
M0010038,E006914,K10+,Episode end,2026-02-06,24
M0010039,E006915,K10+,Episode start,2025-07-31,33
M0010040,E006915,K10+,Episode end,2025-11-30,26
M0010041,E006916,K10+,Episode start,2025-07-17,22
M0010042,E006917,K10+,Episode start,2025-07-23,33
M0010043,E006918,K10+,Episode start,2025-07-17,23
M0010044,E006918,K10+,Episode end,2025-10-21,10
M0010045,E006919,K10+,Episode start,2025-07-18,35
M0010046,E006919,K10+,Episode end,2025-12-15,18
M0010047,E006920,K10+,Episode start,2025-07-19,28
M0010048,E006922,K10+,Episode start,2025-07-31,31
M0010049,E006922,K10+,Episode end,2025-09-07,27
M0010050,E006923,K10+,Episode start,2025-08-01,31
M0010051,E006923,K10+,Episode end,2025-12-10,21
M0010052,E006924,K10+,Episode start,2025-07-20,36
M0010053,E006924,K10+,Episode end,2025-12-31,40
M0010054,E006925,K10+,Episode start,2025-08-03,27
M0010055,E006925,K10+,Episode end,2026-01-01,26
M0010056,E006927,K10+,Episode start,2025-07-28,32
M0010057,E006927,K10+,Episode end,2025-10-21,33
M0010058,E006929,K10+,Episode start,2025-08-06,38
M0010059,E006929,K10+,Episode end,2025-11-28,28
M0010060,E006930,K10+,Episode start,2025-07-22,25
M0010061,E006930,K10+,Episode end,2026-02-18,18
M0010062,E006931,K10+,Episode start,2025-08-05,38
M0010063,E006931,K10+,Episode end,2025-10-25,33
M0010064,E006932,K10+,Episode start,2025-07-22,37
M0010065,E006932,K10+,Episode end,2025-10-27,35
M0010066,E006933,K10+,Episode start,2025-07-25,31
M0010067,E006933,K10+,Episode end,2026-01-19,34
M0010068,E006934,K10+,Episode start,2025-07-28,24
M0010069,E006934,K10+,Episode end,2025-10-04,16
M0010070,E006936,K10+,Episode start,2025-07-26,33
M0010071,E006936,K10+,Episode end,2026-04-07,29
M0010072,E006937,K10+,Episode start,2025-08-25,39
M0010073,E006939,K10+,Episode start,2025-07-25,27
M0010074,E006939,K10+,Episode end,2025-09-06,21
M0010075,E006940,K10+,Episode start,2025-07-26,29
M0010076,E006941,K10+,Episode start,2025-07-26,19
M0010077,E006941,K10+,Episode end,2025-09-05,10
M0010078,E006943,K10+,Episode start,2025-08-09,27
M0010079,E006943,K10+,Episode end,2025-09-23,22
M0010080,E006944,K10+,Episode start,2025-07-29,32
M0010081,E006944,K10+,Episode end,2025-12-06,33
M0010082,E006945,K10+,Episode start,2025-08-07,35
M0010083,E006945,K10+,Episode end,2026-02-02,20
M0010084,E006946,K10+,Episode start,2025-08-13,32
M0010085,E006946,K10+,Episode end,2025-12-26,33
M0010086,E006947,K10+,Episode start,2025-07-28,46
M0010087,E006947,K10+,Episode end,2025-11-25,33
M0010088,E006948,K10+,Episode start,2025-08-06,41
M0010089,E006948,K10+,Episode end,2025-11-18,41
M0010090,E006949,K10+,Episode start,2025-08-15,28
M0010091,E006949,K10+,Episode end,2026-03-11,24
M0010092,E006950,K10+,Episode start,2025-08-05,35
M0010093,E006951,K10+,Episode start,2025-08-03,25
M0010094,E006951,K10+,Episode end,2025-09-22,17
M0010095,E006952,K10+,Episode start,2025-08-06,42
M0010096,E006952,K10+,Episode end,2025-12-05,28
M0010097,E006953,K10+,Episode start,2025-08-13,41
M0010098,E006953,K10+,Episode end,2025-11-24,25
M0010099,E006954,K10+,Episode start,2025-08-12,31
M0010100,E006954,K10+,Episode end,2026-03-17,29
M0010101,E006955,K10+,Episode start,2025-08-15,34
M0010102,E006955,K10+,Episode end,2025-11-20,32
M0010103,E006956,K10+,Episode start,2025-08-16,30
M0010104,E006957,K10+,Episode start,2025-08-04,36
M0010105,E006958,K10+,Episode start,2025-08-09,26
M0010106,E006958,K10+,Episode end,2026-02-19,26
M0010107,E006959,K10+,Episode start,2025-08-05,20
M0010108,E006960,K10+,Episode start,2025-08-08,35
M0010109,E006960,K10+,Episode end,2026-01-22,32
M0010110,E006961,K10+,Episode start,2025-08-05,25
M0010111,E006961,K10+,Episode end,2025-12-26,18
M0010112,E006962,K10+,Episode start,2025-08-07,32
M0010113,E006962,K10+,Episode end,2025-09-26,25
M0010114,E006963,K10+,Episode start,2025-08-07,23
M0010115,E006963,K10+,Episode end,2026-01-07,14
M0010116,E006964,K10+,Episode start,2025-08-29,32
M0010117,E006964,K10+,Episode end,2026-01-01,29
M0010118,E006966,K10+,Episode end,2026-03-12,32
M0010119,E006967,K10+,Episode start,2025-08-06,32
M0010120,E006968,K10+,Episode start,2025-08-09,33
M0010121,E006969,K10+,Episode start,2025-08-06,26
M0010122,E006969,K10+,Episode end,2025-10-11,10
M0010123,E006970,K10+,Episode start,2025-08-05,31
M0010124,E006971,K10+,Episode start,2025-08-10,34
M0010125,E006971,K10+,Episode end,2025-10-05,24
M0010126,E006972,K10+,Episode start,2025-08-07,40
M0010127,E006972,K10+,Episode end,2025-10-11,34
M0010128,E006973,K10+,Episode start,2025-08-18,36
M0010129,E006973,K10+,Episode end,2025-12-21,35
M0010130,E006974,K10+,Episode start,2025-08-20,34
M0010131,E006974,K10+,Episode end,2025-12-06,34
M0010132,E006975,K10+,Episode start,2025-08-18,26
M0010133,E006975,K10+,Episode end,2025-12-02,17
M0010134,E006976,K10+,Episode start,2025-09-05,30
M0010135,E006976,K10+,Episode end,2025-12-11,20
M0010136,E006977,K10+,Episode start,2025-08-14,31
M0010137,E006977,K10+,Episode end,2025-11-22,33
M0010138,E006978,K10+,Episode start,2025-08-12,30
M0010139,E006978,K10+,Episode end,2026-03-07,26
M0010140,E006979,K10+,Episode start,2025-08-17,32
M0010141,E006979,K10+,Episode end,2026-03-03,29
M0010142,E006980,K10+,Episode start,2025-08-22,23
M0010143,E006980,K10+,Episode end,2025-10-09,10
M0010144,E006981,K10+,Episode start,2025-08-11,29
M0010145,E006981,K10+,Episode end,2026-02-16,21
M0010146,E006982,K10+,Episode start,2025-08-12,34
M0010147,E006982,K10+,Episode end,2025-12-16,36
M0010148,E006983,K10+,Episode start,2025-08-14,39
M0010149,E006983,K10+,Episode end,2026-01-14,24
M0010150,E006984,K10+,Episode start,2025-08-20,25
M0010151,E006984,K10+,Episode end,2025-11-27,14
M0010152,E006985,K10+,Episode start,2025-08-28,30
M0010153,E006985,K10+,Episode end,2025-12-24,31
M0010154,E006986,K10+,Episode start,2025-08-18,37
M0010155,E006986,K10+,Episode end,2025-11-16,28
M0010156,E006987,K10+,Episode start,2025-08-17,43
M0010157,E006988,K10+,Episode start,2025-08-19,32
M0010158,E006989,K10+,Episode end,2025-11-27,12
M0010159,E006990,K10+,Episode start,2025-08-24,33
M0010160,E006990,K10+,Episode end,2025-11-25,26
M0010161,E006991,K10+,Episode start,2025-08-10,38
M0010162,E006992,SDQ,Episode start,2025-08-12,18
M0010163,E006992,SDQ,Episode end,2026-03-27,21
M0010164,E006993,K10+,Episode start,2025-08-13,21
M0010165,E006993,K10+,Episode end,2025-09-26,10
M0010166,E006994,K10+,Episode start,2025-08-18,43
M0010167,E006994,K10+,Episode end,2025-11-17,34
M0010168,E006995,K10+,Episode start,2025-08-20,28
M0010169,E006995,K10+,Episode end,2025-11-07,15
M0010170,E006996,K10+,Episode start,2025-08-21,31
M0010171,E006996,K10+,Episode end,2025-11-27,16
M0010172,E006997,K10+,Episode start,2025-08-22,32
M0010173,E006997,K10+,Episode end,2026-04-12,25
M0010174,E006998,K10+,Episode start,2025-08-15,36
M0010175,E006998,K10+,Episode end,2025-12-22,26
M0010176,E006999,K10+,Episode start,2025-08-22,25
M0010177,E006999,K10+,Episode end,2026-01-29,26
M0010178,E007000,K10+,Episode start,2025-08-16,40
M0010179,E007000,K10+,Episode end,2025-11-24,43
M0010180,E007001,K10+,Episode start,2025-08-24,26
M0010181,E007002,K10+,Episode start,2025-08-28,35
M0010182,E007002,K10+,Episode end,2025-12-12,45
M0010183,E007003,K10+,Episode start,2025-09-15,33
M0010184,E007003,K10+,Episode end,2025-12-02,22
M0010185,E007004,K10+,Episode start,2025-08-27,28
M0010186,E007004,K10+,Episode end,2025-11-21,17
M0010187,E007005,K10+,Episode start,2025-09-16,34
M0010188,E007005,K10+,Episode end,2025-12-14,37
M0010189,E007006,K10+,Episode start,2025-08-20,33
M0010190,E007006,K10+,Episode end,2025-10-04,31
M0010191,E007007,K10+,Episode start,2025-08-25,40
M0010192,E007007,K10+,Episode end,2025-11-28,36
M0010193,E007009,K10+,Episode start,2025-08-22,21
M0010194,E007010,K10+,Episode start,2025-08-22,37
M0010195,E007010,K10+,Episode end,2026-01-21,27
M0010196,E007011,K10+,Episode start,2025-08-24,41
M0010197,E007011,K10+,Episode end,2025-10-07,42
M0010198,E007012,K10+,Episode start,2025-09-12,28
M0010199,E007012,K10+,Episode end,2025-11-09,29
M0010200,E007013,K10+,Episode start,2025-09-04,41
M0010201,E007013,K10+,Episode end,2025-11-27,34
M0010202,E007014,K10+,Episode start,2025-08-21,32
M0010203,E007014,K10+,Episode end,2025-12-02,21
M0010204,E007015,K10+,Episode start,2025-08-24,28
M0010205,E007017,K10+,Episode start,2025-08-24,22
M0010206,E007018,K10+,Episode start,2025-08-28,35
M0010207,E007018,K10+,Episode end,2025-12-21,29
M0010208,E007019,K10+,Episode start,2025-08-29,34
M0010209,E007019,K10+,Episode end,2025-11-13,19
M0010210,E007020,K10+,Episode start,2025-08-24,27
M0010211,E007020,K10+,Episode end,2025-11-15,17
M0010212,E007021,K10+,Episode start,2025-09-03,22
M0010213,E007021,K10+,Episode end,2025-12-04,10
M0010214,E007023,K10+,Episode start,2025-08-25,35
M0010215,E007023,K10+,Episode end,2026-01-02,34
M0010216,E007024,K10+,Episode start,2025-08-28,27
M0010217,E007025,K10+,Episode start,2025-09-12,39
M0010218,E007025,K10+,Episode end,2025-11-15,36
M0010219,E007026,K10+,Episode end,2025-11-27,42
M0010220,E007028,K10+,Episode start,2025-08-29,38
M0010221,E007028,K10+,Episode end,2026-05-13,36
M0010222,E007029,K10+,Episode start,2025-09-02,31
M0010223,E007029,K10+,Episode end,2025-12-09,24
M0010224,E007030,K10+,Episode start,2025-08-27,34
M0010225,E007030,K10+,Episode end,2025-10-26,18
M0010226,E007031,SDQ,Episode start,2025-09-01,19
M0010227,E007031,SDQ,Episode end,2025-10-17,15
M0010228,E007032,K10+,Episode start,2025-08-31,20
M0010229,E007032,K10+,Episode end,2025-10-11,12
M0010230,E007033,K10+,Episode start,2025-09-13,40
M0010231,E007033,K10+,Episode end,2025-12-06,31
M0010232,E007035,K10+,Episode start,2025-08-28,25
M0010233,E007035,K10+,Episode end,2026-03-06,22
M0010234,E007036,K10+,Episode start,2025-09-11,32
M0010235,E007036,K10+,Episode end,2025-10-28,30
M0010236,E007037,K10+,Episode start,2025-09-02,27
M0010237,E007037,K10+,Episode end,2026-01-12,27
M0010238,E007038,SDQ,Episode start,2025-08-26,24
M0010239,E007039,K10+,Episode end,2025-11-09,14
M0010240,E007040,K10+,Episode start,2025-09-18,24
M0010241,E007040,K10+,Episode end,2025-11-26,15
M0010242,E007041,K10+,Episode end,2025-11-13,14
M0010243,E007043,K10+,Episode start,2025-09-16,32
M0010244,E007043,K10+,Episode end,2025-12-05,18
M0010245,E007044,K10+,Episode start,2025-09-01,35
M0010246,E007044,K10+,Episode end,2025-11-29,36
M0010247,E007045,K10+,Episode start,2025-09-08,26
M0010248,E007045,K10+,Episode end,2025-11-15,20
M0010249,E007046,K10+,Episode end,2025-12-26,23
M0010250,E007047,K10+,Episode start,2025-09-11,36
M0010251,E007047,K10+,Episode end,2025-10-15,34
M0010252,E007048,K10+,Episode start,2025-08-30,36
M0010253,E007048,K10+,Episode end,2026-01-06,36
M0010254,E007049,K10+,Episode start,2025-09-18,27
M0010255,E007049,K10+,Episode end,2026-04-30,23
M0010256,E007050,K10+,Episode start,2025-09-10,23
M0010257,E007050,K10+,Episode end,2026-01-23,21
M0010258,E007051,K10+,Episode start,2025-09-01,27
M0010259,E007052,K10+,Episode start,2025-09-09,29
M0010260,E007052,K10+,Episode end,2025-11-14,15
M0010261,E007053,K10+,Episode start,2025-09-06,25
M0010262,E007053,K10+,Episode end,2026-01-29,16
M0010263,E007055,K10+,Episode start,2025-09-05,36
M0010264,E007055,K10+,Episode end,2026-01-19,39
M0010265,E007056,K10+,Episode start,2025-09-27,34
M0010266,E007056,K10+,Episode end,2025-11-25,32
M0010267,E007057,K10+,Episode start,2025-09-11,29
M0010268,E007058,K10+,Episode start,2025-09-15,24
M0010269,E007058,K10+,Episode end,2026-01-11,30
M0010270,E007059,K10+,Episode start,2025-09-05,34
M0010271,E007059,K10+,Episode end,2025-11-26,20
M0010272,E007061,K10+,Episode start,2025-09-06,43
M0010273,E007063,K10+,Episode start,2025-09-04,48
M0010274,E007063,K10+,Episode end,2025-11-07,41
M0010275,E007064,K10+,Episode start,2025-09-21,31
M0010276,E007064,K10+,Episode end,2026-01-24,25
M0010277,E007065,K10+,Episode start,2025-09-04,38
M0010278,E007065,K10+,Episode end,2025-11-14,26
M0010279,E007066,K10+,Episode end,2025-12-15,30
M0010280,E007067,SDQ,Episode start,2025-09-05,14
M0010281,E007067,SDQ,Episode end,2026-04-23,4
M0010282,E007068,K10+,Episode start,2025-09-24,19
M0010283,E007068,K10+,Episode end,2025-12-22,17
M0010284,E007069,K10+,Episode start,2025-09-11,33
M0010285,E007070,K10+,Episode start,2025-10-26,28
M0010286,E007070,K10+,Episode end,2025-12-03,14
M0010287,E007072,K10+,Episode start,2025-09-22,27
M0010288,E007072,K10+,Episode end,2026-02-28,24
M0010289,E007073,K10+,Episode start,2025-09-09,31
M0010290,E007073,K10+,Episode end,2025-11-17,25
M0010291,E007074,K10+,Episode start,2025-09-09,33
M0010292,E007074,K10+,Episode end,2025-10-15,22
M0010293,E007075,K10+,Episode start,2025-09-16,24
M0010294,E007075,K10+,Episode end,2026-02-28,24
M0010295,E007076,K10+,Episode start,2025-09-20,30
M0010296,E007076,K10+,Episode end,2026-04-15,31
M0010297,E007077,K10+,Episode start,2025-09-09,31
M0010298,E007077,K10+,Episode end,2026-03-03,29
M0010299,E007078,K10+,Episode start,2025-09-19,44
M0010300,E007079,K10+,Episode start,2025-09-18,26
M0010301,E007079,K10+,Episode end,2026-01-17,23
M0010302,E007080,K10+,Episode start,2025-09-11,20
M0010303,E007080,K10+,Episode end,2025-12-25,27
M0010304,E007082,K10+,Episode start,2025-09-12,38
M0010305,E007082,K10+,Episode end,2025-11-06,36
M0010306,E007083,K10+,Episode start,2025-09-19,33
M0010307,E007083,K10+,Episode end,2026-05-15,22
M0010308,E007084,K10+,Episode end,2025-12-06,24
M0010309,E007085,K10+,Episode start,2025-09-15,31
M0010310,E007085,K10+,Episode end,2025-12-06,22
M0010311,E007087,K10+,Episode start,2025-09-14,31
M0010312,E007087,K10+,Episode end,2025-10-28,25
M0010313,E007088,K10+,Episode start,2025-09-16,28
M0010314,E007088,K10+,Episode end,2026-04-03,10
M0010315,E007090,K10+,Episode start,2025-09-25,37
M0010316,E007090,K10+,Episode end,2026-05-04,32
M0010317,E007092,K10+,Episode start,2025-09-19,31
M0010318,E007092,K10+,Episode end,2026-05-20,24
M0010319,E007093,K10+,Episode start,2025-09-22,34
M0010320,E007093,K10+,Episode end,2025-12-15,33
M0010321,E007094,K10+,Episode start,2025-09-19,34
M0010322,E007095,K10+,Episode start,2025-09-16,25
M0010323,E007095,K10+,Episode end,2025-10-04,15
M0010324,E007096,K10+,Episode start,2025-09-28,31
M0010325,E007096,K10+,Episode end,2025-12-04,32
M0010326,E007097,K10+,Episode start,2025-09-21,22
M0010327,E007097,K10+,Episode end,2025-11-26,24
M0010328,E007098,SDQ,Episode start,2025-10-06,19
M0010329,E007098,SDQ,Episode end,2025-11-18,12
M0010330,E007100,K10+,Episode start,2025-09-25,34
M0010331,E007100,K10+,Episode end,2025-11-27,22
M0010332,E007101,K10+,Episode start,2025-09-20,28
M0010333,E007101,K10+,Episode end,2026-02-16,24
M0010334,E007102,K10+,Episode start,2025-09-18,33
M0010335,E007102,K10+,Episode end,2025-12-26,24
M0010336,E007104,K10+,Episode start,2025-10-03,35
M0010337,E007104,K10+,Episode end,2025-12-30,25
M0010338,E007106,K10+,Episode start,2025-10-02,35
M0010339,E007106,K10+,Episode end,2026-01-20,34
M0010340,E007107,K10+,Episode start,2025-09-21,33
M0010341,E007107,K10+,Episode end,2025-10-31,27
M0010342,E007108,K10+,Episode start,2025-09-25,34
M0010343,E007108,K10+,Episode end,2025-12-31,27
M0010344,E007109,K10+,Episode start,2025-10-04,25
M0010345,E007109,K10+,Episode end,2026-01-15,18
M0010346,E007110,K10+,Episode end,2025-12-27,10
M0010347,E007111,K10+,Episode start,2025-09-28,26
M0010348,E007111,K10+,Episode end,2025-11-16,20
M0010349,E007112,K10+,Episode start,2025-09-24,42
M0010350,E007112,K10+,Episode end,2025-12-29,31
M0010351,E007113,K10+,Episode start,2025-09-27,37
M0010352,E007114,K10+,Episode end,2025-10-29,20
M0010353,E007115,K10+,Episode end,2026-03-11,31
M0010354,E007116,K10+,Episode start,2025-10-01,26
M0010355,E007117,SDQ,Episode start,2025-09-28,22
M0010356,E007117,SDQ,Episode end,2026-02-22,13
M0010357,E007118,K10+,Episode start,2025-10-07,48
M0010358,E007119,K10+,Episode start,2025-10-02,37
M0010359,E007119,K10+,Episode end,2025-11-21,18
M0010360,E007120,K10+,Episode start,2025-09-29,29
M0010361,E007120,K10+,Episode end,2026-04-12,29
M0010362,E007121,K10+,Episode start,2025-09-28,28
M0010363,E007121,K10+,Episode end,2026-01-03,20
M0010364,E007122,K10+,Episode start,2025-09-29,24
M0010365,E007122,K10+,Episode end,2026-04-19,29
M0010366,E007123,K10+,Episode start,2025-10-03,29
M0010367,E007124,K10+,Episode start,2025-10-21,36
M0010368,E007124,K10+,Episode end,2026-02-01,33
M0010369,E007125,K10+,Episode start,2025-09-29,27
M0010370,E007125,K10+,Episode end,2025-12-08,15
M0010371,E007126,K10+,Episode start,2025-10-07,35
M0010372,E007126,K10+,Episode end,2026-04-30,25
M0010373,E007128,K10+,Episode start,2025-09-30,30
M0010374,E007128,K10+,Episode end,2025-12-15,25
M0010375,E007129,K10+,Episode start,2025-11-28,34
M0010376,E007129,K10+,Episode end,2026-01-10,35
M0010377,E007130,K10+,Episode start,2025-10-02,32
M0010378,E007131,K10+,Episode start,2025-10-05,35
M0010379,E007131,K10+,Episode end,2026-06-29,35
M0010380,E007132,K10+,Episode start,2025-10-12,27
M0010381,E007132,K10+,Episode end,2026-02-12,25
M0010382,E007133,K10+,Episode start,2025-10-02,26
M0010383,E007133,K10+,Episode end,2026-01-10,16
M0010384,E007134,K10+,Episode start,2025-10-02,25
M0010385,E007134,K10+,Episode end,2026-01-04,21
M0010386,E007135,K10+,Episode start,2025-10-06,27
M0010387,E007135,K10+,Episode end,2025-12-20,25
M0010388,E007137,K10+,Episode start,2025-10-07,27
M0010389,E007137,K10+,Episode end,2025-12-27,17
M0010390,E007138,K10+,Episode start,2025-10-19,40
M0010391,E007138,K10+,Episode end,2026-04-01,38
M0010392,E007139,K10+,Episode start,2025-10-13,27
M0010393,E007139,K10+,Episode end,2026-01-22,26
M0010394,E007140,K10+,Episode start,2025-10-31,32
M0010395,E007140,K10+,Episode end,2026-03-18,18
M0010396,E007141,K10+,Episode start,2025-10-18,27
M0010397,E007141,K10+,Episode end,2026-01-29,28
M0010398,E007142,K10+,Episode start,2025-10-10,37
M0010399,E007142,K10+,Episode end,2026-02-03,40
M0010400,E007143,K10+,Episode start,2025-10-07,29
M0010401,E007143,K10+,Episode end,2025-12-27,26
M0010402,E007144,K10+,Episode start,2025-10-14,32
M0010403,E007145,K10+,Episode start,2025-10-14,32
M0010404,E007145,K10+,Episode end,2026-04-24,29
M0010405,E007146,K10+,Episode start,2025-10-15,31
M0010406,E007147,K10+,Episode start,2025-10-07,24
M0010407,E007148,K10+,Episode start,2025-10-04,29
M0010408,E007148,K10+,Episode end,2026-02-20,30
M0010409,E007149,K10+,Episode start,2025-10-11,32
M0010410,E007149,K10+,Episode end,2026-04-16,24
M0010411,E007150,K10+,Episode start,2025-10-28,26
M0010412,E007150,K10+,Episode end,2026-02-04,24
M0010413,E007151,K10+,Episode start,2025-10-07,32
M0010414,E007151,K10+,Episode end,2025-12-14,26
M0010415,E007152,K10+,Episode start,2025-10-13,26
M0010416,E007152,K10+,Episode end,2026-03-26,31
M0010417,E007153,K10+,Episode start,2025-10-15,41
M0010418,E007153,K10+,Episode end,2026-02-28,34
M0010419,E007154,K10+,Episode start,2025-11-20,35
M0010420,E007155,K10+,Episode start,2025-10-10,31
M0010421,E007155,K10+,Episode end,2026-03-06,20
M0010422,E007156,K10+,Episode start,2025-10-06,33
M0010423,E007156,K10+,Episode end,2025-12-11,19
M0010424,E007158,K10+,Episode start,2025-10-10,35
M0010425,E007158,K10+,Episode end,2026-03-21,17
M0010426,E007159,K10+,Episode end,2026-01-21,44
M0010427,E007160,K10+,Episode start,2025-10-16,32
M0010428,E007160,K10+,Episode end,2026-01-14,26
M0010429,E007161,K10+,Episode start,2025-10-14,31
M0010430,E007161,K10+,Episode end,2026-02-27,31
M0010431,E007162,SDQ,Episode start,2025-10-30,27
M0010432,E007163,K10+,Episode start,2025-10-22,27
M0010433,E007163,K10+,Episode end,2025-12-23,11
M0010434,E007164,K10+,Episode start,2025-11-03,31
M0010435,E007164,K10+,Episode end,2026-03-25,24
M0010436,E007165,K10+,Episode start,2025-10-12,28
M0010437,E007165,K10+,Episode end,2026-01-15,20
M0010438,E007166,K10+,Episode start,2025-10-19,28
M0010439,E007166,K10+,Episode end,2025-12-02,24
M0010440,E007167,K10+,Episode start,2025-11-19,28
M0010441,E007167,K10+,Episode end,2026-01-08,21
M0010442,E007168,K10+,Episode end,2025-12-15,24
M0010443,E007169,K10+,Episode start,2025-10-15,20
M0010444,E007169,K10+,Episode end,2025-12-29,15
M0010445,E007170,K10+,Episode start,2025-10-18,29
M0010446,E007170,K10+,Episode end,2026-01-26,23
M0010447,E007171,K10+,Episode start,2025-10-19,28
M0010448,E007171,K10+,Episode end,2025-11-29,23
M0010449,E007172,K10+,Episode start,2025-10-21,25
M0010450,E007172,K10+,Episode end,2026-02-16,23
M0010451,E007173,K10+,Episode start,2025-10-24,35
M0010452,E007174,K10+,Episode start,2025-10-18,26
M0010453,E007174,K10+,Episode end,2026-03-27,17
M0010454,E007175,K10+,Episode start,2025-10-20,27
M0010455,E007175,K10+,Episode end,2026-02-02,14
M0010456,E007176,K10+,Episode start,2025-10-16,33
M0010457,E007176,K10+,Episode end,2026-01-25,31
M0010458,E007177,K10+,Episode start,2025-10-19,33
M0010459,E007178,K10+,Episode end,2026-03-07,35
M0010460,E007179,K10+,Episode start,2025-10-22,21
M0010461,E007179,K10+,Episode end,2025-11-16,18
M0010462,E007180,K10+,Episode start,2025-10-22,32
M0010463,E007180,K10+,Episode end,2026-02-22,14
M0010464,E007182,K10+,Episode start,2025-10-26,39
M0010465,E007182,K10+,Episode end,2026-03-11,38
M0010466,E007183,K10+,Episode end,2026-01-30,24
M0010467,E007184,K10+,Episode start,2025-10-22,48
M0010468,E007184,K10+,Episode end,2026-04-12,39
M0010469,E007185,K10+,Episode start,2025-10-20,29
M0010470,E007185,K10+,Episode end,2025-11-07,24
M0010471,E007186,K10+,Episode start,2025-10-22,34
M0010472,E007187,K10+,Episode start,2025-10-28,26
M0010473,E007187,K10+,Episode end,2026-02-13,24
M0010474,E007188,K10+,Episode start,2025-10-23,22
M0010475,E007188,K10+,Episode end,2026-01-28,19
M0010476,E007189,K10+,Episode start,2025-10-27,35
M0010477,E007189,K10+,Episode end,2025-12-05,30
M0010478,E007191,K10+,Episode start,2025-10-22,16
M0010479,E007191,K10+,Episode end,2025-12-25,11
M0010480,E007192,K10+,Episode start,2025-11-11,38
M0010481,E007192,K10+,Episode end,2026-01-09,40
M0010482,E007193,K10+,Episode start,2025-10-19,37
M0010483,E007194,K10+,Episode start,2025-10-26,43
M0010484,E007195,K10+,Episode start,2025-10-29,40
M0010485,E007196,K10+,Episode start,2025-10-25,30
M0010486,E007196,K10+,Episode end,2026-02-19,16
M0010487,E007197,K10+,Episode start,2025-10-23,21
M0010488,E007198,K10+,Episode start,2025-12-03,26
M0010489,E007198,K10+,Episode end,2026-03-10,11
M0010490,E007199,K10+,Episode start,2025-10-26,31
M0010491,E007199,K10+,Episode end,2026-02-05,13
M0010492,E007201,K10+,Episode start,2025-10-31,34
M0010493,E007201,K10+,Episode end,2026-02-07,28
M0010494,E007202,SDQ,Episode start,2025-10-27,21
M0010495,E007202,SDQ,Episode end,2026-03-24,18
M0010496,E007203,K10+,Episode start,2025-11-04,29
M0010497,E007203,K10+,Episode end,2026-02-06,32
M0010498,E007204,K10+,Episode start,2025-10-30,28
M0010499,E007204,K10+,Episode end,2026-01-24,33
M0010500,E007205,K10+,Episode start,2025-11-11,15
M0010501,E007205,K10+,Episode end,2026-03-28,10
M0010502,E007206,K10+,Episode start,2025-11-08,36
M0010503,E007207,K10+,Episode start,2025-10-26,23
M0010504,E007208,K10+,Episode start,2025-11-07,36
M0010505,E007208,K10+,Episode end,2026-02-21,27
M0010506,E007209,K10+,Episode start,2025-10-28,37
M0010507,E007209,K10+,Episode end,2025-12-09,32
M0010508,E007210,K10+,Episode start,2025-10-29,31
M0010509,E007210,K10+,Episode end,2025-11-14,31
M0010510,E007211,K10+,Episode start,2025-11-08,26
M0010511,E007212,K10+,Episode start,2025-10-30,39
M0010512,E007212,K10+,Episode end,2025-12-10,17
M0010513,E007213,K10+,Episode start,2025-11-14,28
M0010514,E007214,K10+,Episode start,2025-10-29,36
M0010515,E007215,K10+,Episode start,2025-11-04,30
M0010516,E007215,K10+,Episode end,2026-02-13,29
M0010517,E007216,K10+,Episode start,2025-11-09,42
M0010518,E007216,K10+,Episode end,2026-01-09,38
M0010519,E007217,SDQ,Episode start,2025-11-11,15
M0010520,E007217,SDQ,Episode end,2026-04-14,14
M0010521,E007219,K10+,Episode start,2025-11-05,31
M0010522,E007219,K10+,Episode end,2026-02-03,18
M0010523,E007220,SDQ,Episode start,2025-11-15,16
M0010524,E007220,SDQ,Episode end,2026-04-28,10
M0010525,E007221,K10+,Episode start,2025-11-05,28
M0010526,E007222,K10+,Episode start,2025-11-21,30
M0010527,E007222,K10+,Episode end,2026-02-04,29
M0010528,E007223,K10+,Episode start,2025-11-10,31
M0010529,E007223,K10+,Episode end,2026-04-01,32
M0010530,E007224,K10+,Episode start,2025-11-06,30
M0010531,E007224,K10+,Episode end,2026-03-02,25
M0010532,E007225,K10+,Episode start,2025-11-05,43
M0010533,E007225,K10+,Episode end,2026-03-28,31
M0010534,E007226,K10+,Episode start,2025-11-22,21
M0010535,E007226,K10+,Episode end,2026-03-12,10
M0010536,E007227,K10+,Episode start,2025-11-09,29
M0010537,E007227,K10+,Episode end,2026-03-25,24
M0010538,E007228,K10+,Episode start,2025-11-06,36
M0010539,E007228,K10+,Episode end,2026-02-09,35
M0010540,E007229,K10+,Episode start,2025-11-04,28
M0010541,E007229,K10+,Episode end,2026-05-16,32
M0010542,E007230,SDQ,Episode start,2025-11-03,17
M0010543,E007230,SDQ,Episode end,2026-02-03,11
M0010544,E007231,K10+,Episode end,2026-01-16,16
M0010545,E007232,K10+,Episode start,2025-12-08,24
M0010546,E007233,K10+,Episode start,2025-11-07,38
M0010547,E007233,K10+,Episode end,2026-04-06,33
M0010548,E007234,K10+,Episode start,2025-11-02,43
M0010549,E007236,K10+,Episode start,2025-11-13,27
M0010550,E007236,K10+,Episode end,2026-01-21,23
M0010551,E007237,K10+,Episode start,2025-11-21,29
M0010552,E007237,K10+,Episode end,2026-04-01,28
M0010553,E007238,K10+,Episode start,2025-11-06,35
M0010554,E007238,K10+,Episode end,2026-01-19,26
M0010555,E007239,K10+,Episode start,2025-11-12,29
M0010556,E007239,K10+,Episode end,2025-12-29,23
M0010557,E007240,K10+,Episode start,2025-11-03,37
M0010558,E007240,K10+,Episode end,2026-01-06,34
M0010559,E007241,K10+,Episode start,2025-11-13,26
M0010560,E007241,K10+,Episode end,2025-12-14,17
M0010561,E007242,K10+,Episode start,2025-11-06,29
M0010562,E007242,K10+,Episode end,2026-01-28,28
M0010563,E007243,K10+,Episode start,2025-11-09,31
M0010564,E007244,SDQ,Episode start,2025-11-07,21
M0010565,E007245,K10+,Episode start,2025-11-25,28
M0010566,E007246,K10+,Episode start,2025-11-18,32
M0010567,E007247,K10+,Episode start,2025-11-07,32
M0010568,E007247,K10+,Episode end,2026-03-18,25
M0010569,E007248,K10+,Episode start,2025-12-01,28
M0010570,E007248,K10+,Episode end,2026-02-11,17
M0010571,E007249,K10+,Episode start,2025-11-16,32
M0010572,E007249,K10+,Episode end,2026-02-11,34
M0010573,E007250,K10+,Episode start,2025-11-26,37
M0010574,E007250,K10+,Episode end,2026-02-17,32
M0010575,E007251,K10+,Episode start,2025-11-20,36
M0010576,E007251,K10+,Episode end,2026-02-21,27
M0010577,E007252,K10+,Episode start,2025-11-12,28
M0010578,E007252,K10+,Episode end,2026-01-27,27
M0010579,E007253,K10+,Episode start,2025-11-24,30
M0010580,E007254,K10+,Episode start,2025-11-24,25
M0010581,E007254,K10+,Episode end,2026-05-23,22
M0010582,E007255,K10+,Episode start,2025-11-12,25
M0010583,E007256,K10+,Episode start,2025-11-10,40
M0010584,E007256,K10+,Episode end,2026-02-07,29
M0010585,E007257,K10+,Episode start,2025-11-08,42
M0010586,E007258,K10+,Episode end,2026-01-30,33
M0010587,E007259,K10+,Episode start,2025-11-10,22
M0010588,E007260,K10+,Episode start,2025-11-11,36
M0010589,E007260,K10+,Episode end,2026-01-25,17
M0010590,E007261,K10+,Episode start,2025-11-13,28
M0010591,E007261,K10+,Episode end,2026-01-14,26
M0010592,E007262,K10+,Episode start,2025-11-20,27
M0010593,E007262,K10+,Episode end,2026-01-13,10
M0010594,E007263,K10+,Episode start,2025-11-15,31
M0010595,E007264,K10+,Episode start,2025-11-15,35
M0010596,E007264,K10+,Episode end,2026-02-22,33
M0010597,E007266,K10+,Episode start,2025-11-20,29
M0010598,E007267,K10+,Episode start,2025-11-15,32
M0010599,E007267,K10+,Episode end,2026-05-07,28
M0010600,E007268,K10+,Episode start,2025-12-22,30
M0010601,E007268,K10+,Episode end,2026-02-18,33
M0010602,E007269,K10+,Episode start,2025-12-21,24
M0010603,E007270,K10+,Episode start,2025-11-13,34
M0010604,E007270,K10+,Episode end,2026-06-26,19
M0010605,E007271,K10+,Episode start,2025-11-15,28
M0010606,E007271,K10+,Episode end,2026-03-22,22
M0010607,E007272,K10+,Episode start,2025-11-23,28
M0010608,E007272,K10+,Episode end,2026-03-31,29
M0010609,E007273,K10+,Episode start,2025-11-20,30
M0010610,E007273,K10+,Episode end,2026-05-09,19
M0010611,E007274,K10+,Episode start,2025-11-16,34
M0010612,E007275,K10+,Episode start,2025-11-27,33
M0010613,E007275,K10+,Episode end,2026-03-31,18
M0010614,E007276,K10+,Episode start,2025-11-21,27
M0010615,E007276,K10+,Episode end,2026-02-17,13
M0010616,E007277,K10+,Episode start,2025-11-19,38
M0010617,E007277,K10+,Episode end,2026-04-13,32
M0010618,E007278,K10+,Episode start,2025-11-18,24
M0010619,E007279,K10+,Episode start,2025-11-21,31
M0010620,E007280,K10+,Episode start,2025-11-22,34
M0010621,E007280,K10+,Episode end,2026-01-25,18
M0010622,E007281,K10+,Episode start,2025-11-15,34
M0010623,E007281,K10+,Episode end,2026-01-12,22
M0010624,E007282,K10+,Episode start,2025-11-24,29
M0010625,E007282,K10+,Episode end,2026-01-19,17
M0010626,E007283,K10+,Episode start,2025-11-21,38
M0010627,E007283,K10+,Episode end,2026-05-19,30
M0010628,E007284,K10+,Episode start,2025-11-17,38
M0010629,E007285,K10+,Episode start,2025-11-21,27
M0010630,E007285,K10+,Episode end,2026-02-04,24
M0010631,E007286,K10+,Episode start,2025-11-23,34
M0010632,E007287,K10+,Episode start,2025-11-25,35
M0010633,E007287,K10+,Episode end,2026-05-17,35
M0010634,E007288,K10+,Episode start,2025-11-20,26
M0010635,E007288,K10+,Episode end,2026-02-14,25
M0010636,E007289,K10+,Episode start,2025-11-30,33
M0010637,E007289,K10+,Episode end,2026-06-23,27
M0010638,E007290,K10+,Episode start,2025-11-21,24
M0010639,E007290,K10+,Episode end,2026-01-20,19
M0010640,E007291,K10+,Episode start,2025-12-09,22
M0010641,E007291,K10+,Episode end,2026-03-28,17
M0010642,E007292,K10+,Episode start,2025-12-09,46
M0010643,E007292,K10+,Episode end,2026-03-08,40
M0010644,E007293,K10+,Episode start,2025-11-29,38
M0010645,E007293,K10+,Episode end,2025-12-31,23
M0010646,E007296,K10+,Episode start,2025-12-20,31
M0010647,E007297,K10+,Episode start,2025-11-23,32
M0010648,E007298,K10+,Episode start,2025-11-24,21
M0010649,E007298,K10+,Episode end,2026-01-02,11
M0010650,E007299,K10+,Episode start,2025-12-04,22
M0010651,E007299,K10+,Episode end,2026-02-06,16
M0010652,E007300,K10+,Episode start,2025-12-10,38
M0010653,E007300,K10+,Episode end,2026-02-01,27
M0010654,E007301,K10+,Episode start,2025-11-27,31
M0010655,E007301,K10+,Episode end,2026-03-18,16
M0010656,E007302,K10+,Episode start,2025-12-02,38
M0010657,E007302,K10+,Episode end,2026-03-01,40
M0010658,E007303,K10+,Episode start,2025-11-25,46
M0010659,E007303,K10+,Episode end,2026-01-23,43
M0010660,E007304,K10+,Episode start,2025-11-23,23
M0010661,E007304,K10+,Episode end,2026-04-20,21
M0010662,E007305,K10+,Episode start,2025-11-26,36
M0010663,E007306,K10+,Episode start,2025-12-03,36
M0010664,E007307,SDQ,Episode start,2025-11-30,9
M0010665,E007307,SDQ,Episode end,2026-06-08,8
M0010666,E007308,K10+,Episode start,2025-12-02,34
M0010667,E007308,K10+,Episode end,2026-04-29,29
M0010668,E007309,K10+,Episode start,2025-11-27,33
M0010669,E007309,K10+,Episode end,2026-02-04,28
M0010670,E007310,K10+,Episode start,2025-12-05,43
M0010671,E007310,K10+,Episode end,2026-04-02,32
M0010672,E007311,K10+,Episode start,2025-11-27,31
M0010673,E007311,K10+,Episode end,2026-03-30,24
M0010674,E007312,K10+,Episode start,2025-12-05,20
M0010675,E007313,K10+,Episode start,2025-12-08,42
M0010676,E007313,K10+,Episode end,2026-02-25,36
M0010677,E007314,K10+,Episode start,2025-11-30,35
M0010678,E007314,K10+,Episode end,2026-01-17,31
M0010679,E007315,K10+,Episode start,2025-12-04,43
M0010680,E007316,K10+,Episode start,2025-11-25,40
M0010681,E007316,K10+,Episode end,2026-05-27,28
M0010682,E007317,K10+,Episode start,2025-11-26,30
M0010683,E007317,K10+,Episode end,2026-04-09,31
M0010684,E007318,K10+,Episode end,2026-04-15,36
M0010685,E007319,K10+,Episode start,2025-12-04,33
M0010686,E007319,K10+,Episode end,2026-03-30,34
M0010687,E007320,K10+,Episode start,2025-12-04,32
M0010688,E007320,K10+,Episode end,2026-04-17,18
M0010689,E007321,K10+,Episode start,2025-12-05,40
M0010690,E007321,K10+,Episode end,2026-03-26,34
M0010691,E007322,K10+,Episode start,2025-12-18,33
M0010692,E007322,K10+,Episode end,2026-06-09,28
M0010693,E007323,K10+,Episode start,2025-12-06,36
M0010694,E007324,K10+,Episode start,2025-12-03,38
M0010695,E007324,K10+,Episode end,2026-02-05,27
M0010696,E007325,K10+,Episode start,2025-12-01,37
M0010697,E007325,K10+,Episode end,2026-02-13,35
M0010698,E007326,K10+,Episode start,2025-12-23,31
M0010699,E007326,K10+,Episode end,2026-03-29,21
M0010700,E007327,K10+,Episode start,2025-12-03,37
M0010701,E007328,K10+,Episode start,2025-12-11,34
M0010702,E007328,K10+,Episode end,2026-04-21,32
M0010703,E007329,K10+,Episode start,2025-12-10,30
M0010704,E007330,K10+,Episode start,2025-12-04,30
M0010705,E007330,K10+,Episode end,2026-04-06,23
M0010706,E007331,K10+,Episode start,2025-12-05,34
M0010707,E007332,K10+,Episode start,2025-12-16,30
M0010708,E007332,K10+,Episode end,2026-03-02,22
M0010709,E007333,K10+,Episode start,2025-12-07,35
M0010710,E007333,K10+,Episode end,2026-02-04,25
M0010711,E007334,K10+,Episode end,2026-04-26,37
M0010712,E007335,K10+,Episode start,2025-12-03,27
M0010713,E007335,K10+,Episode end,2026-03-26,24
M0010714,E007336,K10+,Episode start,2025-12-07,37
M0010715,E007337,K10+,Episode start,2025-12-09,22
M0010716,E007337,K10+,Episode end,2026-05-03,17
M0010717,E007338,K10+,Episode start,2025-12-12,28
M0010718,E007338,K10+,Episode end,2026-04-16,18
M0010719,E007339,K10+,Episode start,2025-12-16,28
M0010720,E007339,K10+,Episode end,2026-02-07,43
M0010721,E007340,K10+,Episode start,2025-12-05,26
M0010722,E007340,K10+,Episode end,2026-02-27,10
M0010723,E007342,K10+,Episode start,2025-12-29,24
M0010724,E007342,K10+,Episode end,2026-04-02,18
M0010725,E007343,K10+,Episode start,2026-01-09,37
M0010726,E007344,K10+,Episode start,2025-12-15,21
M0010727,E007344,K10+,Episode end,2026-01-24,29
M0010728,E007345,K10+,Episode start,2025-12-11,36
M0010729,E007345,K10+,Episode end,2026-03-26,36
M0010730,E007346,K10+,Episode start,2025-12-27,32
M0010731,E007346,K10+,Episode end,2026-06-21,26
M0010732,E007347,K10+,Episode start,2025-12-15,40
M0010733,E007347,K10+,Episode end,2026-05-20,29
M0010734,E007348,K10+,Episode start,2025-12-20,34
M0010735,E007348,K10+,Episode end,2026-04-09,28
M0010736,E007349,K10+,Episode end,2026-05-13,12
M0010737,E007350,K10+,Episode start,2025-12-16,35
M0010738,E007351,K10+,Episode start,2025-12-13,41
M0010739,E007351,K10+,Episode end,2026-03-12,48
M0010740,E007352,K10+,Episode start,2025-12-12,40
M0010741,E007352,K10+,Episode end,2026-01-17,24
M0010742,E007353,K10+,Episode start,2025-12-24,19
M0010743,E007353,K10+,Episode end,2026-06-20,16
M0010744,E007356,K10+,Episode start,2025-12-14,33
M0010745,E007356,K10+,Episode end,2026-03-28,20
M0010746,E007357,K10+,Episode start,2025-12-27,27
M0010747,E007357,K10+,Episode end,2026-02-23,16
M0010748,E007358,K10+,Episode start,2026-01-17,26
M0010749,E007358,K10+,Episode end,2026-03-08,26
M0010750,E007359,K10+,Episode start,2025-12-16,29
M0010751,E007359,K10+,Episode end,2026-04-09,18
M0010752,E007360,K10+,Episode start,2025-12-19,35
M0010753,E007360,K10+,Episode end,2025-12-27,30
M0010754,E007361,K10+,Episode start,2025-12-26,31
M0010755,E007361,K10+,Episode end,2026-02-26,28
M0010756,E007362,K10+,Episode start,2025-12-22,32
M0010757,E007362,K10+,Episode end,2026-05-24,24
M0010758,E007363,K10+,Episode start,2025-12-28,32
M0010759,E007363,K10+,Episode end,2026-02-02,25
M0010760,E007364,K10+,Episode start,2025-12-24,36
M0010761,E007364,K10+,Episode end,2026-03-05,33
M0010762,E007365,K10+,Episode end,2026-03-21,24
M0010763,E007366,K10+,Episode start,2025-12-25,20
M0010764,E007367,K10+,Episode end,2026-05-14,15
M0010765,E007368,K10+,Episode end,2026-05-14,21
M0010766,E007369,K10+,Episode start,2025-12-20,38
M0010767,E007369,K10+,Episode end,2026-06-07,34
M0010768,E007370,K10+,Episode start,2025-12-25,25
M0010769,E007370,K10+,Episode end,2026-05-23,18
M0010770,E007371,K10+,Episode start,2025-12-27,28
M0010771,E007371,K10+,Episode end,2026-03-26,18
M0010772,E007372,K10+,Episode start,2026-01-02,37
M0010773,E007372,K10+,Episode end,2026-01-20,24
M0010774,E007373,K10+,Episode start,2025-12-27,37
M0010775,E007373,K10+,Episode end,2026-04-16,27
M0010776,E007374,K10+,Episode start,2025-12-30,36
M0010777,E007374,K10+,Episode end,2026-03-04,28
M0010778,E007375,K10+,Episode start,2026-01-03,25
M0010779,E007375,K10+,Episode end,2026-02-06,22
M0010780,E007376,K10+,Episode start,2025-12-27,44
M0010781,E007377,K10+,Episode start,2025-12-25,42
M0010782,E007377,K10+,Episode end,2026-03-29,49
M0010783,E007378,K10+,Episode start,2025-12-31,38
M0010784,E007379,K10+,Episode start,2025-12-28,22
M0010785,E007379,K10+,Episode end,2026-06-20,11
M0010786,E007380,K10+,Episode start,2025-12-27,20
M0010787,E007380,K10+,Episode end,2026-04-01,20
M0010788,E007381,K10+,Episode start,2025-12-25,48
M0010789,E007381,K10+,Episode end,2026-05-16,38
M0010790,E007382,K10+,Episode start,2026-01-02,36
M0010791,E007382,K10+,Episode end,2026-04-10,38
M0010792,E007383,K10+,Episode start,2025-12-30,38
M0010793,E007384,K10+,Episode start,2026-01-06,26
M0010794,E007384,K10+,Episode end,2026-06-18,31
M0010795,E007385,K10+,Episode start,2025-12-27,32
M0010796,E007386,K10+,Episode start,2026-01-02,42
M0010797,E007386,K10+,Episode end,2026-01-11,46
M0010798,E007387,K10+,Episode start,2025-12-30,25
M0010799,E007388,K10+,Episode start,2026-01-03,29
M0010800,E007388,K10+,Episode end,2026-02-11,25
M0010801,E007389,K10+,Episode start,2026-01-14,27
M0010802,E007390,K10+,Episode start,2026-01-08,29
M0010803,E007391,K10+,Episode start,2026-01-13,27
M0010804,E007391,K10+,Episode end,2026-04-24,13
M0010805,E007393,K10+,Episode start,2026-01-07,34
M0010806,E007393,K10+,Episode end,2026-04-29,30
M0010807,E007394,K10+,Episode start,2026-01-08,26
M0010808,E007395,K10+,Episode start,2026-01-04,42
M0010809,E007395,K10+,Episode end,2026-05-22,45
M0010810,E007396,K10+,Episode end,2026-04-24,13
M0010811,E007398,K10+,Episode start,2026-01-04,35
M0010812,E007398,K10+,Episode end,2026-06-10,27
M0010813,E007400,K10+,Episode start,2026-01-04,42
M0010814,E007400,K10+,Episode end,2026-03-28,38
M0010815,E007401,K10+,Episode end,2026-02-03,28
M0010816,E007402,K10+,Episode start,2026-01-16,28
M0010817,E007402,K10+,Episode end,2026-05-31,24
M0010818,E007403,K10+,Episode start,2026-01-13,34
M0010819,E007403,K10+,Episode end,2026-02-13,31
M0010820,E007404,K10+,Episode start,2026-01-12,37
M0010821,E007404,K10+,Episode end,2026-05-07,28
M0010822,E007405,K10+,Episode start,2026-01-20,35
M0010823,E007405,K10+,Episode end,2026-03-07,26
M0010824,E007406,K10+,Episode start,2026-01-19,35
M0010825,E007406,K10+,Episode end,2026-04-10,19
M0010826,E007407,K10+,Episode start,2026-01-14,21
M0010827,E007408,K10+,Episode start,2026-01-07,28
M0010828,E007408,K10+,Episode end,2026-03-09,18
M0010829,E007411,K10+,Episode start,2026-02-04,20
M0010830,E007411,K10+,Episode end,2026-04-15,22
M0010831,E007412,K10+,Episode start,2026-01-13,33
M0010832,E007412,K10+,Episode end,2026-03-05,35
M0010833,E007413,K10+,Episode end,2026-04-23,25
M0010834,E007414,K10+,Episode start,2026-03-08,44
M0010835,E007414,K10+,Episode end,2026-06-01,33
M0010836,E007415,K10+,Episode start,2026-01-15,34
M0010837,E007415,K10+,Episode end,2026-05-18,29
M0010838,E007416,K10+,Episode start,2026-01-12,39
M0010839,E007416,K10+,Episode end,2026-05-30,37
M0010840,E007417,K10+,Episode start,2026-01-29,27
M0010841,E007417,K10+,Episode end,2026-04-12,16
M0010842,E007418,K10+,Episode start,2026-01-18,39
M0010843,E007418,K10+,Episode end,2026-05-02,37
M0010844,E007419,K10+,Episode start,2026-01-17,31
M0010845,E007422,SDQ,Episode start,2026-01-17,25
M0010846,E007422,SDQ,Episode end,2026-06-27,20
M0010847,E007423,K10+,Episode start,2026-01-23,44
M0010848,E007423,K10+,Episode end,2026-03-02,47
M0010849,E007424,K10+,Episode start,2026-01-22,28
M0010850,E007424,K10+,Episode end,2026-03-27,24
M0010851,E007425,K10+,Episode start,2026-01-31,32
M0010852,E007426,K10+,Episode start,2026-01-21,36
M0010853,E007427,K10+,Episode start,2026-01-18,38
M0010854,E007428,K10+,Episode start,2026-01-21,24
M0010855,E007428,K10+,Episode end,2026-04-23,19
M0010856,E007429,K10+,Episode end,2026-03-16,39
M0010857,E007430,K10+,Episode start,2026-01-24,41
M0010858,E007430,K10+,Episode end,2026-03-28,36
M0010859,E007431,K10+,Episode start,2026-01-22,33
M0010860,E007431,K10+,Episode end,2026-03-14,31
M0010861,E007432,K10+,Episode start,2026-01-19,22
M0010862,E007432,K10+,Episode end,2026-02-15,23
M0010863,E007433,K10+,Episode end,2026-04-17,39
M0010864,E007434,K10+,Episode start,2026-01-18,27
M0010865,E007434,K10+,Episode end,2026-04-17,22
M0010866,E007435,K10+,Episode start,2026-01-16,31
M0010867,E007435,K10+,Episode end,2026-04-23,30
M0010868,E007436,K10+,Episode start,2026-01-23,20
M0010869,E007437,K10+,Episode start,2026-01-25,37
M0010870,E007437,K10+,Episode end,2026-05-18,34
M0010871,E007438,K10+,Episode start,2026-01-22,39
M0010872,E007438,K10+,Episode end,2026-02-23,33
M0010873,E007439,K10+,Episode start,2026-01-17,40
M0010874,E007439,K10+,Episode end,2026-04-08,33
M0010875,E007440,K10+,Episode start,2026-01-20,32
M0010876,E007440,K10+,Episode end,2026-06-07,22
M0010877,E007441,K10+,Episode start,2026-01-21,30
M0010878,E007441,K10+,Episode end,2026-03-31,25
M0010879,E007442,K10+,Episode start,2026-01-20,35
M0010880,E007442,K10+,Episode end,2026-03-13,22
M0010881,E007443,K10+,Episode start,2026-01-22,22
M0010882,E007444,K10+,Episode start,2026-02-04,33
M0010883,E007444,K10+,Episode end,2026-03-29,27
M0010884,E007445,K10+,Episode start,2026-02-02,29
M0010885,E007445,K10+,Episode end,2026-06-02,32
M0010886,E007446,K10+,Episode start,2026-01-25,27
M0010887,E007446,K10+,Episode end,2026-04-15,17
M0010888,E007447,K10+,Episode start,2026-01-22,28
M0010889,E007447,K10+,Episode end,2026-03-19,22
M0010890,E007448,K10+,Episode start,2026-01-20,31
M0010891,E007448,K10+,Episode end,2026-03-23,32
M0010892,E007449,K10+,Episode start,2026-01-21,31
M0010893,E007449,K10+,Episode end,2026-04-30,17
M0010894,E007450,K10+,Episode start,2026-01-30,31
M0010895,E007450,K10+,Episode end,2026-06-05,29
M0010896,E007451,K10+,Episode start,2026-01-27,19
M0010897,E007451,K10+,Episode end,2026-05-19,23
M0010898,E007452,K10+,Episode start,2026-01-30,29
M0010899,E007453,K10+,Episode start,2026-02-01,21
M0010900,E007453,K10+,Episode end,2026-02-26,10
M0010901,E007454,K10+,Episode start,2026-02-01,36
M0010902,E007455,K10+,Episode start,2026-01-31,37
M0010903,E007455,K10+,Episode end,2026-03-05,25
M0010904,E007456,K10+,Episode start,2026-01-31,42
M0010905,E007456,K10+,Episode end,2026-03-31,35
M0010906,E007458,K10+,Episode end,2026-03-19,13
M0010907,E007459,K10+,Episode start,2026-01-28,39
M0010908,E007459,K10+,Episode end,2026-06-09,34
M0010909,E007460,K10+,Episode start,2026-03-04,27
M0010910,E007462,K10+,Episode start,2026-01-31,28
M0010911,E007462,K10+,Episode end,2026-02-27,23
M0010912,E007463,K10+,Episode start,2026-01-27,28
M0010913,E007463,K10+,Episode end,2026-05-02,22
M0010914,E007464,K10+,Episode start,2026-02-27,28
M0010915,E007464,K10+,Episode end,2026-04-28,23
M0010916,E007465,K10+,Episode start,2026-01-30,19
M0010917,E007466,K10+,Episode start,2026-02-16,42
M0010918,E007467,K10+,Episode start,2026-02-03,32
M0010919,E007468,K10+,Episode end,2026-05-26,36
M0010920,E007469,K10+,Episode start,2026-01-30,24
M0010921,E007469,K10+,Episode end,2026-06-16,17
M0010922,E007470,K10+,Episode start,2026-02-06,21
M0010923,E007470,K10+,Episode end,2026-03-19,13
M0010924,E007471,K10+,Episode start,2026-01-31,35
M0010925,E007472,K10+,Episode start,2026-02-03,36
M0010926,E007472,K10+,Episode end,2026-03-13,19
M0010927,E007473,K10+,Episode start,2026-01-29,29
M0010928,E007474,K10+,Episode start,2026-02-21,35
M0010929,E007474,K10+,Episode end,2026-06-02,39
M0010930,E007475,SDQ,Episode start,2026-02-05,23
M0010931,E007476,K10+,Episode start,2026-02-03,32
M0010932,E007477,K10+,Episode start,2026-02-10,36
M0010933,E007478,K10+,Episode start,2026-02-03,29
M0010934,E007479,K10+,Episode start,2026-02-07,39
M0010935,E007480,K10+,Episode start,2026-02-07,42
M0010936,E007481,K10+,Episode start,2026-02-20,35
M0010937,E007482,K10+,Episode start,2026-02-03,28
M0010938,E007482,K10+,Episode end,2026-04-05,19
M0010939,E007483,K10+,Episode start,2026-03-04,30
M0010940,E007483,K10+,Episode end,2026-06-13,20
M0010941,E007485,K10+,Episode start,2026-02-05,32
M0010942,E007485,K10+,Episode end,2026-04-14,25
M0010943,E007486,K10+,Episode start,2026-02-16,32
M0010944,E007486,K10+,Episode end,2026-06-07,31
M0010945,E007487,K10+,Episode start,2026-02-06,27
M0010946,E007487,K10+,Episode end,2026-06-28,20
M0010947,E007488,K10+,Episode start,2026-02-06,32
M0010948,E007488,K10+,Episode end,2026-04-07,24
M0010949,E007489,K10+,Episode start,2026-02-06,28
M0010950,E007489,K10+,Episode end,2026-05-28,17
M0010951,E007490,K10+,Episode start,2026-02-11,33
M0010952,E007490,K10+,Episode end,2026-04-09,23
M0010953,E007491,K10+,Episode start,2026-02-19,22
M0010954,E007491,K10+,Episode end,2026-03-18,19
M0010955,E007492,K10+,Episode start,2026-02-15,38
M0010956,E007493,K10+,Episode start,2026-02-07,31
M0010957,E007494,K10+,Episode start,2026-02-20,30
M0010958,E007494,K10+,Episode end,2026-04-29,16
M0010959,E007495,K10+,Episode start,2026-02-24,33
M0010960,E007495,K10+,Episode end,2026-04-14,15
M0010961,E007496,K10+,Episode start,2026-02-12,32
M0010962,E007497,K10+,Episode start,2026-02-10,26
M0010963,E007497,K10+,Episode end,2026-05-04,11
M0010964,E007498,K10+,Episode start,2026-02-15,30
M0010965,E007498,K10+,Episode end,2026-04-13,22
M0010966,E007499,K10+,Episode start,2026-02-11,33
M0010967,E007500,SDQ,Episode end,2026-05-05,14
M0010968,E007501,K10+,Episode start,2026-02-08,24
M0010969,E007501,K10+,Episode end,2026-06-23,19
M0010970,E007503,K10+,Episode start,2026-02-13,43
M0010971,E007504,K10+,Episode start,2026-02-11,35
M0010972,E007504,K10+,Episode end,2026-05-28,32
M0010973,E007505,K10+,Episode start,2026-02-11,31
M0010974,E007505,K10+,Episode end,2026-05-29,20
M0010975,E007506,K10+,Episode start,2026-02-10,23
M0010976,E007507,SDQ,Episode start,2026-02-19,25
M0010977,E007508,K10+,Episode start,2026-03-04,33
M0010978,E007508,K10+,Episode end,2026-05-23,33
M0010979,E007510,K10+,Episode start,2026-02-14,33
M0010980,E007510,K10+,Episode end,2026-04-28,24
M0010981,E007511,K10+,Episode start,2026-02-15,20
M0010982,E007512,K10+,Episode start,2026-02-20,26
M0010983,E007513,K10+,Episode start,2026-02-20,28
M0010984,E007513,K10+,Episode end,2026-03-26,24
M0010985,E007514,K10+,Episode start,2026-03-02,37
M0010986,E007515,K10+,Episode start,2026-02-23,34
M0010987,E007516,K10+,Episode start,2026-02-17,36
M0010988,E007517,K10+,Episode start,2026-02-17,34
M0010989,E007517,K10+,Episode end,2026-03-20,38
M0010990,E007518,K10+,Episode start,2026-02-17,37
M0010991,E007518,K10+,Episode end,2026-05-13,32
M0010992,E007519,K10+,Episode start,2026-03-15,31
M0010993,E007520,K10+,Episode start,2026-02-25,32
M0010994,E007522,K10+,Episode start,2026-02-22,29
M0010995,E007522,K10+,Episode end,2026-06-04,20
M0010996,E007523,K10+,Episode start,2026-02-24,31
M0010997,E007524,K10+,Episode start,2026-02-17,30
M0010998,E007525,K10+,Episode start,2026-03-14,33
M0010999,E007525,K10+,Episode end,2026-05-15,31
M0011000,E007526,K10+,Episode start,2026-02-23,34
M0011001,E007527,K10+,Episode start,2026-02-25,32
M0011002,E007528,K10+,Episode start,2026-03-28,37
M0011003,E007529,K10+,Episode start,2026-02-18,28
M0011004,E007530,K10+,Episode start,2026-02-20,19
M0011005,E007532,K10+,Episode start,2026-03-16,31
M0011006,E007532,K10+,Episode end,2026-05-04,33
M0011007,E007533,K10+,Episode start,2026-02-20,32
M0011008,E007534,SDQ,Episode start,2026-02-26,8
M0011009,E007534,SDQ,Episode end,2026-04-18,6
M0011010,E007535,K10+,Episode start,2026-02-19,28
M0011011,E007536,K10+,Episode start,2026-02-27,33
M0011012,E007538,K10+,Episode start,2026-02-27,29
M0011013,E007539,K10+,Episode start,2026-02-28,36
M0011014,E007539,K10+,Episode end,2026-06-27,23
M0011015,E007540,K10+,Episode start,2026-02-19,33
M0011016,E007540,K10+,Episode end,2026-06-07,26
M0011017,E007541,K10+,Episode start,2026-03-04,36
M0011018,E007541,K10+,Episode end,2026-05-29,26
M0011019,E007543,K10+,Episode start,2026-03-03,25
M0011020,E007544,K10+,Episode start,2026-02-28,25
M0011021,E007545,K10+,Episode start,2026-02-22,37
M0011022,E007545,K10+,Episode end,2026-04-01,33
M0011023,E007546,K10+,Episode start,2026-02-26,25
M0011024,E007546,K10+,Episode end,2026-05-11,23
M0011025,E007547,K10+,Episode end,2026-05-27,29
M0011026,E007550,K10+,Episode end,2026-05-31,28
M0011027,E007551,K10+,Episode end,2026-04-17,24
M0011028,E007552,K10+,Episode start,2026-03-10,29
M0011029,E007553,K10+,Episode start,2026-03-04,28
M0011030,E007553,K10+,Episode end,2026-05-27,26
M0011031,E007554,K10+,Episode start,2026-02-24,37
M0011032,E007554,K10+,Episode end,2026-05-30,18
M0011033,E007555,K10+,Episode start,2026-03-04,27
M0011034,E007555,K10+,Episode end,2026-05-13,22
M0011035,E007557,K10+,Episode start,2026-02-28,33
M0011036,E007558,K10+,Episode start,2026-02-26,33
M0011037,E007558,K10+,Episode end,2026-05-26,26
M0011038,E007559,K10+,Episode start,2026-03-01,24
M0011039,E007560,K10+,Episode start,2026-03-21,32
M0011040,E007561,K10+,Episode start,2026-03-02,36
M0011041,E007562,K10+,Episode start,2026-03-03,26
M0011042,E007563,K10+,Episode start,2026-04-14,28
M0011043,E007563,K10+,Episode end,2026-06-18,17
M0011044,E007565,K10+,Episode start,2026-03-04,30
M0011045,E007565,K10+,Episode end,2026-05-06,26
M0011046,E007566,K10+,Episode start,2026-03-28,33
M0011047,E007566,K10+,Episode end,2026-06-24,27
M0011048,E007567,K10+,Episode start,2026-03-15,26
M0011049,E007567,K10+,Episode end,2026-06-14,15
M0011050,E007568,K10+,Episode start,2026-03-12,32
M0011051,E007568,K10+,Episode end,2026-04-17,28
M0011052,E007569,SDQ,Episode start,2026-03-08,21
M0011053,E007569,SDQ,Episode end,2026-05-21,12
M0011054,E007570,K10+,Episode start,2026-03-08,31
M0011055,E007571,K10+,Episode start,2026-03-07,35
M0011056,E007572,K10+,Episode start,2026-03-14,28
M0011057,E007574,K10+,Episode start,2026-03-07,28
M0011058,E007575,K10+,Episode start,2026-03-08,38
M0011059,E007576,K10+,Episode start,2026-03-12,34
M0011060,E007576,K10+,Episode end,2026-06-06,32
M0011061,E007577,SDQ,Episode start,2026-03-25,22
M0011062,E007577,SDQ,Episode end,2026-06-09,18
M0011063,E007578,K10+,Episode start,2026-03-19,28
M0011064,E007579,K10+,Episode start,2026-03-09,33
M0011065,E007580,K10+,Episode start,2026-03-11,29
M0011066,E007580,K10+,Episode end,2026-05-21,29
M0011067,E007581,K10+,Episode start,2026-03-07,27
M0011068,E007582,K10+,Episode start,2026-03-12,35
M0011069,E007583,K10+,Episode end,2026-06-20,27
M0011070,E007584,K10+,Episode end,2026-05-18,28
M0011071,E007585,K10+,Episode start,2026-03-14,31
M0011072,E007585,K10+,Episode end,2026-06-01,29
M0011073,E007586,K10+,Episode start,2026-03-09,29
M0011074,E007587,K10+,Episode start,2026-03-24,24
M0011075,E007588,K10+,Episode start,2026-03-08,33
M0011076,E007588,K10+,Episode end,2026-06-02,36
M0011077,E007589,K10+,Episode start,2026-03-09,35
M0011078,E007590,K10+,Episode start,2026-03-12,33
M0011079,E007592,K10+,Episode start,2026-03-11,23
M0011080,E007592,K10+,Episode end,2026-06-27,22
M0011081,E007594,K10+,Episode start,2026-03-16,28
M0011082,E007594,K10+,Episode end,2026-06-16,23
M0011083,E007595,K10+,Episode start,2026-03-09,31
M0011084,E007596,K10+,Episode start,2026-03-14,20
M0011085,E007597,K10+,Episode start,2026-03-17,25
M0011086,E007598,K10+,Episode start,2026-03-14,31
M0011087,E007599,K10+,Episode start,2026-03-19,25
M0011088,E007600,K10+,Episode start,2026-03-12,17
M0011089,E007602,K10+,Episode start,2026-04-04,38
M0011090,E007603,K10+,Episode start,2026-03-31,30
M0011091,E007603,K10+,Episode end,2026-06-25,13
M0011092,E007604,K10+,Episode start,2026-03-20,27
M0011093,E007604,K10+,Episode end,2026-05-23,20
M0011094,E007606,K10+,Episode start,2026-03-16,36
M0011095,E007607,SDQ,Episode start,2026-03-15,19
M0011096,E007608,K10+,Episode start,2026-03-25,28
M0011097,E007609,K10+,Episode start,2026-03-27,26
M0011098,E007610,K10+,Episode start,2026-03-20,35
M0011099,E007611,K10+,Episode start,2026-03-28,43
M0011100,E007612,K10+,Episode start,2026-03-30,38
M0011101,E007612,K10+,Episode end,2026-04-25,32
M0011102,E007613,K10+,Episode start,2026-03-19,29
M0011103,E007613,K10+,Episode end,2026-06-25,28
M0011104,E007614,K10+,Episode start,2026-03-19,26
M0011105,E007615,K10+,Episode start,2026-03-24,39
M0011106,E007615,K10+,Episode end,2026-06-23,33
M0011107,E007616,SDQ,Episode start,2026-03-22,17
M0011108,E007616,SDQ,Episode end,2026-05-18,10
M0011109,E007617,K10+,Episode start,2026-04-07,38
M0011110,E007618,K10+,Episode start,2026-03-25,19
M0011111,E007618,K10+,Episode end,2026-05-21,17
M0011112,E007619,K10+,Episode start,2026-03-25,35
M0011113,E007619,K10+,Episode end,2026-06-26,31
M0011114,E007620,K10+,Episode start,2026-03-21,30
M0011115,E007621,K10+,Episode start,2026-04-04,27
M0011116,E007622,K10+,Episode start,2026-03-24,28
M0011117,E007623,K10+,Episode start,2026-03-27,33
M0011118,E007624,K10+,Episode start,2026-04-22,45
M0011119,E007625,K10+,Episode start,2026-03-21,27
M0011120,E007626,K10+,Episode start,2026-03-30,42
M0011121,E007627,K10+,Episode start,2026-03-28,32
M0011122,E007627,K10+,Episode end,2026-06-01,25
M0011123,E007628,K10+,Episode start,2026-04-12,28
M0011124,E007629,K10+,Episode start,2026-03-24,26
M0011125,E007630,K10+,Episode start,2026-03-26,34
M0011126,E007630,K10+,Episode end,2026-04-08,23
M0011127,E007632,K10+,Episode start,2026-03-24,19
M0011128,E007633,K10+,Episode start,2026-03-24,35
M0011129,E007634,K10+,Episode start,2026-03-30,40
M0011130,E007634,K10+,Episode end,2026-05-23,35
M0011131,E007635,K10+,Episode start,2026-04-15,41
M0011132,E007636,K10+,Episode start,2026-03-31,29
M0011133,E007636,K10+,Episode end,2026-06-22,26
M0011134,E007637,K10+,Episode start,2026-03-23,30
M0011135,E007637,K10+,Episode end,2026-05-08,23
M0011136,E007638,K10+,Episode start,2026-03-30,27
M0011137,E007638,K10+,Episode end,2026-05-10,23
M0011138,E007639,K10+,Episode start,2026-04-01,30
M0011139,E007642,SDQ,Episode start,2026-04-07,18
M0011140,E007643,SDQ,Episode start,2026-04-05,8
M0011141,E007644,K10+,Episode start,2026-05-31,39
M0011142,E007645,K10+,Episode start,2026-04-15,25
M0011143,E007647,SDQ,Episode start,2026-04-26,16
M0011144,E007648,K10+,Episode start,2026-03-30,22
M0011145,E007648,K10+,Episode end,2026-06-18,28
M0011146,E007649,K10+,Episode start,2026-04-05,26
M0011147,E007649,K10+,Episode end,2026-06-20,11
M0011148,E007650,K10+,Episode start,2026-04-06,32
M0011149,E007651,K10+,Episode start,2026-03-28,42
M0011150,E007652,K10+,Episode start,2026-03-31,37
M0011151,E007652,K10+,Episode end,2026-06-04,30
M0011152,E007653,K10+,Episode start,2026-04-21,29
M0011153,E007654,K10+,Episode start,2026-03-31,27
M0011154,E007655,K10+,Episode start,2026-04-02,31
M0011155,E007655,K10+,Episode end,2026-06-02,26
M0011156,E007656,K10+,Episode start,2026-04-10,31
M0011157,E007657,K10+,Episode start,2026-04-14,29
M0011158,E007657,K10+,Episode end,2026-05-22,18
M0011159,E007658,K10+,Episode start,2026-04-15,35
M0011160,E007659,K10+,Episode start,2026-04-03,34
M0011161,E007659,K10+,Episode end,2026-05-23,21
M0011162,E007660,K10+,Episode start,2026-04-18,43
M0011163,E007662,K10+,Episode start,2026-04-02,31
M0011164,E007662,K10+,Episode end,2026-05-21,18
M0011165,E007663,K10+,Episode start,2026-04-09,28
M0011166,E007664,K10+,Episode start,2026-04-05,32
M0011167,E007665,K10+,Episode start,2026-04-08,33
M0011168,E007666,K10+,Episode start,2026-04-11,35
M0011169,E007666,K10+,Episode end,2026-06-20,22
M0011170,E007668,K10+,Episode start,2026-04-17,46
M0011171,E007669,K10+,Episode start,2026-04-11,35
M0011172,E007669,K10+,Episode end,2026-06-27,31
M0011173,E007670,K10+,Episode start,2026-04-05,35
M0011174,E007672,K10+,Episode start,2026-04-09,31
M0011175,E007673,K10+,Episode start,2026-04-12,36
M0011176,E007673,K10+,Episode end,2026-05-12,36
M0011177,E007674,K10+,Episode start,2026-04-03,26
M0011178,E007674,K10+,Episode end,2026-06-27,22
M0011179,E007675,K10+,Episode start,2026-04-06,30
M0011180,E007675,K10+,Episode end,2026-06-15,21
M0011181,E007676,K10+,Episode start,2026-04-04,36
M0011182,E007677,K10+,Episode start,2026-04-06,39
M0011183,E007678,K10+,Episode start,2026-04-14,34
M0011184,E007679,K10+,Episode start,2026-04-10,31
M0011185,E007680,K10+,Episode start,2026-04-16,16
M0011186,E007680,K10+,Episode end,2026-06-17,15
M0011187,E007682,K10+,Episode start,2026-05-11,29
M0011188,E007683,K10+,Episode start,2026-04-16,31
M0011189,E007684,K10+,Episode start,2026-04-18,25
M0011190,E007684,K10+,Episode end,2026-06-15,12
M0011191,E007685,K10+,Episode start,2026-04-09,32
M0011192,E007685,K10+,Episode end,2026-05-18,20
M0011193,E007688,K10+,Episode start,2026-04-14,39
M0011194,E007688,K10+,Episode end,2026-06-13,24
M0011195,E007689,K10+,Episode start,2026-04-22,34
M0011196,E007690,K10+,Episode start,2026-04-16,26
M0011197,E007690,K10+,Episode end,2026-06-14,27
M0011198,E007691,K10+,Episode start,2026-04-21,22
M0011199,E007693,K10+,Episode start,2026-04-23,19
M0011200,E007694,K10+,Episode start,2026-04-23,36
M0011201,E007695,K10+,Episode start,2026-04-25,34
M0011202,E007697,K10+,Episode start,2026-04-14,36
M0011203,E007699,SDQ,Episode start,2026-04-14,20
M0011204,E007700,K10+,Episode start,2026-04-18,35
M0011205,E007700,K10+,Episode end,2026-05-31,30
M0011206,E007702,K10+,Episode start,2026-04-26,32
M0011207,E007703,K10+,Episode start,2026-04-17,35
M0011208,E007704,K10+,Episode start,2026-04-15,42
M0011209,E007705,K10+,Episode start,2026-05-15,31
M0011210,E007706,K10+,Episode start,2026-04-14,39
M0011211,E007706,K10+,Episode end,2026-06-02,25
M0011212,E007707,K10+,Episode start,2026-04-27,31
M0011213,E007707,K10+,Episode end,2026-06-20,27
M0011214,E007708,K10+,Episode start,2026-04-15,28
M0011215,E007709,K10+,Episode start,2026-04-15,27
M0011216,E007710,K10+,Episode start,2026-04-19,22
M0011217,E007710,K10+,Episode end,2026-05-27,15
M0011218,E007711,K10+,Episode start,2026-05-31,27
M0011219,E007712,K10+,Episode start,2026-04-21,30
M0011220,E007713,K10+,Episode start,2026-05-09,30
M0011221,E007714,K10+,Episode start,2026-06-08,34
M0011222,E007715,K10+,Episode start,2026-05-07,30
M0011223,E007716,K10+,Episode start,2026-05-02,33
M0011224,E007717,K10+,Episode start,2026-05-30,25
M0011225,E007718,K10+,Episode start,2026-04-24,40
M0011226,E007718,K10+,Episode end,2026-06-17,31
M0011227,E007719,SDQ,Episode start,2026-04-22,27
M0011228,E007719,SDQ,Episode end,2026-06-22,20
M0011229,E007720,K10+,Episode start,2026-04-22,33
M0011230,E007722,K10+,Episode start,2026-04-25,37
M0011231,E007723,K10+,Episode start,2026-04-23,30
M0011232,E007724,K10+,Episode start,2026-04-21,31
M0011233,E007725,K10+,Episode start,2026-05-05,30
M0011234,E007726,K10+,Episode start,2026-04-29,21
M0011235,E007727,K10+,Episode start,2026-04-23,33
M0011236,E007728,K10+,Episode start,2026-04-28,23
M0011237,E007729,SDQ,Episode start,2026-04-27,20
M0011238,E007730,K10+,Episode start,2026-04-29,28
M0011239,E007731,K10+,Episode start,2026-04-29,39
M0011240,E007731,K10+,Episode end,2026-06-03,34
M0011241,E007732,K10+,Episode start,2026-04-25,40
M0011242,E007734,K10+,Episode start,2026-05-03,31
M0011243,E007735,K10+,Episode start,2026-05-25,29
M0011244,E007736,K10+,Episode start,2026-04-28,26
M0011245,E007737,K10+,Episode start,2026-05-04,30
M0011246,E007738,K10+,Episode start,2026-04-29,36
M0011247,E007739,K10+,Episode start,2026-04-25,19
M0011248,E007740,K10+,Episode start,2026-05-06,28
M0011249,E007741,K10+,Episode start,2026-06-07,33
M0011250,E007744,K10+,Episode start,2026-05-03,26
M0011251,E007745,K10+,Episode start,2026-04-25,37
M0011252,E007746,K10+,Episode start,2026-04-27,29
M0011253,E007747,K10+,Episode start,2026-04-26,35
M0011254,E007748,K10+,Episode start,2026-05-04,35
M0011255,E007749,K10+,Episode start,2026-04-28,30
M0011256,E007749,K10+,Episode end,2026-06-30,15
M0011257,E007750,K10+,Episode start,2026-05-05,27
M0011258,E007751,K10+,Episode start,2026-04-28,35
M0011259,E007752,K10+,Episode start,2026-05-08,27
M0011260,E007753,K10+,Episode start,2026-05-06,31
M0011261,E007755,K10+,Episode start,2026-05-13,29
M0011262,E007756,K10+,Episode start,2026-05-11,27
M0011263,E007757,K10+,Episode start,2026-05-11,28
M0011264,E007758,K10+,Episode start,2026-05-02,32
M0011265,E007759,K10+,Episode start,2026-05-07,40
M0011266,E007760,K10+,Episode start,2026-05-14,35
M0011267,E007761,K10+,Episode start,2026-05-04,32
M0011268,E007762,K10+,Episode start,2026-05-04,40
M0011269,E007763,K10+,Episode start,2026-05-21,28
M0011270,E007764,K10+,Episode start,2026-05-12,26
M0011271,E007765,K10+,Episode start,2026-05-03,31
M0011272,E007765,K10+,Episode end,2026-06-13,27
M0011273,E007766,K10+,Episode start,2026-05-24,39
M0011274,E007767,K10+,Episode start,2026-05-04,29
M0011275,E007769,K10+,Episode start,2026-05-19,33
M0011276,E007770,K10+,Episode start,2026-05-03,24
M0011277,E007771,K10+,Episode start,2026-05-14,32
M0011278,E007773,K10+,Episode start,2026-05-10,31
M0011279,E007774,K10+,Episode start,2026-05-22,23
M0011280,E007775,SDQ,Episode start,2026-05-29,16
M0011281,E007776,K10+,Episode start,2026-05-14,29
M0011282,E007777,K10+,Episode start,2026-06-23,26
M0011283,E007778,K10+,Episode start,2026-05-17,19
M0011284,E007779,K10+,Episode start,2026-05-12,38
M0011285,E007780,K10+,Episode start,2026-05-08,37
M0011286,E007781,K10+,Episode start,2026-05-15,38
M0011287,E007781,K10+,Episode end,2026-06-05,31
M0011288,E007782,K10+,Episode start,2026-05-14,33
M0011289,E007783,K10+,Episode start,2026-05-10,32
M0011290,E007783,K10+,Episode end,2026-06-28,38
M0011291,E007784,K10+,Episode start,2026-05-18,34
M0011292,E007785,K10+,Episode start,2026-06-02,19
M0011293,E007786,K10+,Episode start,2026-05-11,24
M0011294,E007787,K10+,Episode start,2026-05-11,29
M0011295,E007788,K10+,Episode start,2026-05-24,20
M0011296,E007789,K10+,Episode start,2026-05-11,29
M0011297,E007789,K10+,Episode end,2026-06-29,23
M0011298,E007790,K10+,Episode start,2026-05-15,35
M0011299,E007790,K10+,Episode end,2026-06-18,13
M0011300,E007791,K10+,Episode start,2026-05-07,30
M0011301,E007792,K10+,Episode start,2026-05-09,31
M0011302,E007794,K10+,Episode start,2026-06-11,24
M0011303,E007795,K10+,Episode start,2026-05-08,38
M0011304,E007796,K10+,Episode start,2026-05-16,26
M0011305,E007797,K10+,Episode start,2026-05-12,32
M0011306,E007798,K10+,Episode start,2026-05-12,21
M0011307,E007799,K10+,Episode start,2026-05-12,23
M0011308,E007800,K10+,Episode start,2026-05-27,36
M0011309,E007801,K10+,Episode start,2026-05-18,31
M0011310,E007802,K10+,Episode start,2026-06-10,26
M0011311,E007803,K10+,Episode start,2026-05-24,31
M0011312,E007804,K10+,Episode start,2026-05-13,43
M0011313,E007805,K10+,Episode start,2026-05-24,23
M0011314,E007806,K10+,Episode start,2026-05-26,26
M0011315,E007807,K10+,Episode start,2026-05-13,28
M0011316,E007810,K10+,Episode start,2026-05-21,28
M0011317,E007811,K10+,Episode start,2026-05-19,41
M0011318,E007812,K10+,Episode start,2026-05-19,39
M0011319,E007813,K10+,Episode start,2026-05-19,33
M0011320,E007814,SDQ,Episode start,2026-05-18,18
M0011321,E007815,K10+,Episode start,2026-05-16,30
M0011322,E007816,K10+,Episode start,2026-05-26,37
M0011323,E007817,K10+,Episode start,2026-05-14,26
M0011324,E007818,K10+,Episode start,2026-05-17,46
M0011325,E007820,K10+,Episode start,2026-05-20,33
M0011326,E007821,K10+,Episode start,2026-05-28,23
M0011327,E007822,K10+,Episode start,2026-05-26,14
M0011328,E007823,K10+,Episode start,2026-05-21,37
M0011329,E007824,K10+,Episode end,2026-06-13,31
M0011330,E007825,K10+,Episode start,2026-05-21,42
M0011331,E007827,K10+,Episode start,2026-05-24,27
M0011332,E007828,K10+,Episode start,2026-05-28,32
M0011333,E007829,K10+,Episode start,2026-05-19,32
M0011334,E007830,K10+,Episode start,2026-05-25,34
M0011335,E007831,K10+,Episode start,2026-05-26,31
M0011336,E007832,K10+,Episode start,2026-06-01,38
M0011337,E007833,K10+,Episode start,2026-05-23,40
M0011338,E007834,K10+,Episode start,2026-06-12,31
M0011339,E007835,K10+,Episode start,2026-05-25,27
M0011340,E007836,SDQ,Episode start,2026-05-24,20
M0011341,E007837,K10+,Episode start,2026-05-25,23
M0011342,E007838,K10+,Episode start,2026-05-20,33
M0011343,E007839,SDQ,Episode start,2026-05-23,24
M0011344,E007840,K10+,Episode start,2026-05-28,27
M0011345,E007841,K10+,Episode start,2026-05-21,27
M0011346,E007842,K10+,Episode start,2026-05-25,26
M0011347,E007843,K10+,Episode start,2026-05-29,28
M0011348,E007844,K10+,Episode start,2026-06-11,36
M0011349,E007846,K10+,Episode start,2026-06-28,26
M0011350,E007847,K10+,Episode start,2026-05-26,28
M0011351,E007848,K10+,Episode start,2026-05-25,37
M0011352,E007851,K10+,Episode start,2026-05-28,26
M0011353,E007852,K10+,Episode start,2026-06-24,36
M0011354,E007853,K10+,Episode start,2026-05-27,26
M0011355,E007854,K10+,Episode start,2026-05-29,24
M0011356,E007855,K10+,Episode start,2026-06-06,21
M0011357,E007856,K10+,Episode start,2026-05-28,27
M0011358,E007857,K10+,Episode start,2026-05-30,30
M0011359,E007858,K10+,Episode start,2026-06-04,36
M0011360,E007860,K10+,Episode start,2026-06-14,32
M0011361,E007861,K10+,Episode start,2026-06-04,39
M0011362,E007862,SDQ,Episode start,2026-05-30,20
M0011363,E007863,K10+,Episode start,2026-05-29,30
M0011364,E007864,K10+,Episode start,2026-06-07,37
M0011365,E007865,K10+,Episode start,2026-06-09,33
M0011366,E007866,K10+,Episode start,2026-06-11,39
M0011367,E007868,K10+,Episode start,2026-05-28,37
M0011368,E007869,K10+,Episode start,2026-05-28,31
M0011369,E007870,K10+,Episode start,2026-06-07,24
M0011370,E007871,K10+,Episode start,2026-06-01,34
M0011371,E007873,K10+,Episode start,2026-06-04,34
M0011372,E007874,K10+,Episode start,2026-06-22,31
M0011373,E007875,K10+,Episode start,2026-06-04,30
M0011374,E007876,K10+,Episode start,2026-06-01,29
M0011375,E007878,K10+,Episode start,2026-06-09,35
M0011376,E007879,K10+,Episode start,2026-06-14,35
M0011377,E007880,K10+,Episode start,2026-06-01,40
M0011378,E007881,K10+,Episode start,2026-06-20,31
M0011379,E007883,K10+,Episode start,2026-06-10,34
M0011380,E007884,K10+,Episode start,2026-06-03,33
M0011381,E007885,K10+,Episode start,2026-06-15,30
M0011382,E007886,K10+,Episode start,2026-06-06,34
M0011383,E007887,K10+,Episode start,2026-06-10,36
M0011384,E007888,K10+,Episode start,2026-06-29,36
M0011385,E007890,K10+,Episode start,2026-06-15,33
M0011386,E007891,K10+,Episode start,2026-06-17,42
M0011387,E007892,K10+,Episode start,2026-06-14,30
M0011388,E007893,K10+,Episode start,2026-06-11,27
M0011389,E007894,K10+,Episode start,2026-06-19,31
M0011390,E007895,K10+,Episode start,2026-06-13,21
M0011391,E007896,K10+,Episode start,2026-06-17,34
M0011392,E007897,SDQ,Episode start,2026-06-09,21
M0011393,E007898,K10+,Episode start,2026-06-12,44
M0011394,E007900,K10+,Episode start,2026-06-14,32
M0011395,E007902,K10+,Episode start,2026-06-08,28
M0011396,E007903,K10+,Episode start,2026-06-23,28
M0011397,E007904,K10+,Episode start,2026-06-18,34
M0011398,E007905,K10+,Episode start,2026-06-26,35
M0011399,E007906,K10+,Episode start,2026-06-26,34
M0011400,E007911,K10+,Episode start,2026-06-14,26
M0011401,E007912,K10+,Episode start,2026-06-15,23
M0011402,E007913,K10+,Episode start,2026-06-17,34
M0011403,E007916,K10+,Episode start,2026-06-25,29
M0011404,E007917,K10+,Episode start,2026-06-16,29
M0011405,E007918,K10+,Episode start,2026-06-14,28
M0011406,E007919,K10+,Episode start,2026-06-24,32
M0011407,E007922,K10+,Episode start,2026-06-20,27
M0011408,E007923,K10+,Episode start,2026-06-25,37
M0011409,E007924,K10+,Episode start,2026-06-17,28
M0011410,E007925,K10+,Episode start,2026-06-14,26
M0011411,E007926,K10+,Episode start,2026-06-19,27
M0011412,E007927,K10+,Episode start,2026-06-22,36
M0011413,E007928,K10+,Episode start,2026-06-30,27
M0011414,E007929,K10+,Episode start,2026-06-21,29
M0011415,E007930,K10+,Episode start,2026-06-24,35
M0011416,E007931,K10+,Episode start,2026-06-21,24
M0011417,E007935,K10+,Episode start,2026-06-15,36
M0011418,E007936,K10+,Episode start,2026-06-29,31
M0011419,E007937,K10+,Episode start,2026-06-26,46
M0011420,E007939,K10+,Episode start,2026-06-24,44
M0011421,E007940,K10+,Episode start,2026-06-25,27
M0011422,E007943,K10+,Episode start,2026-06-23,36
M0011423,E007944,K10+,Episode start,2026-06-27,39
M0011424,E007945,K10+,Episode start,2026-06-23,30
M0011425,E007946,K10+,Episode start,2026-06-25,39
M0011426,E007948,K10+,Episode start,2026-06-21,32
M0011427,E007951,K10+,Episode start,2026-06-26,29
M0011428,E007952,SDQ,Episode start,2026-06-23,25
M0011429,E007955,K10+,Episode start,2026-06-26,29
M0011430,E007956,K10+,Episode start,2026-06-30,24
M0011431,E007959,K10+,Episode start,2026-06-27,32
M0011432,E007960,K10+,Episode start,2026-06-28,25
M0011433,E007964,K10+,Episode start,2026-06-25,13
M0011434,E007965,K10+,Episode start,2026-06-26,30
M0011435,E007978,K10+,Episode start,2025-01-06,31
M0011436,E007979,K10+,Episode start,2025-01-11,35
M0011437,E007980,K10+,Episode start,2025-01-19,27
M0011438,E007981,K10+,Episode start,2025-02-02,37
M0011439,E007982,SDQ,Episode start,2025-01-22,13
M0011440,E007983,K10+,Episode start,2025-01-10,38
M0011441,E007984,K10+,Episode start,2025-01-17,35
M0011442,E007985,K10+,Episode start,2025-01-14,30
M0011443,E007986,K10+,Episode start,2025-01-14,27
M0011444,E007987,K10+,Episode start,2025-01-15,40
M0011445,E007988,K10+,Episode start,2025-01-20,31
M0011446,E007989,K10+,Episode start,2025-02-13,28
M0011447,E007990,K10+,Episode start,2025-01-23,15
M0011448,E007990,K10+,Episode end,2025-03-12,10
M0011449,E007991,K10+,Episode start,2025-01-31,24
M0011450,E007992,K10+,Episode start,2025-01-28,32
M0011451,E007993,K10+,Episode start,2025-01-28,35
M0011452,E007993,K10+,Episode end,2025-02-23,27
M0011453,E007994,K10+,Episode start,2025-01-20,34
M0011454,E007995,K10+,Episode start,2025-02-09,31
M0011455,E007996,K10+,Episode start,2025-01-20,28
M0011456,E007996,K10+,Episode end,2025-02-23,21
M0011457,E007998,K10+,Episode start,2025-01-28,34
M0011458,E007999,K10+,Episode start,2025-02-01,44
M0011459,E008000,K10+,Episode start,2025-02-03,22
M0011460,E008001,K10+,Episode start,2025-02-15,40
M0011461,E008002,K10+,Episode start,2025-01-29,30
M0011462,E008002,K10+,Episode end,2025-03-06,25
M0011463,E008004,K10+,Episode start,2025-02-07,43
M0011464,E008005,K10+,Episode start,2025-02-06,16
M0011465,E008005,K10+,Episode end,2025-03-03,10
M0011466,E008006,K10+,Episode start,2025-02-14,17
M0011467,E008007,K10+,Episode start,2025-01-30,33
M0011468,E008007,K10+,Episode end,2025-04-27,36
M0011469,E008008,K10+,Episode start,2025-02-08,25
M0011470,E008009,K10+,Episode start,2025-02-16,36
M0011471,E008009,K10+,Episode end,2025-04-07,37
M0011472,E008010,K10+,Episode start,2025-02-08,33
M0011473,E008011,K10+,Episode start,2025-02-08,36
M0011474,E008012,K10+,Episode start,2025-03-02,32
M0011475,E008013,K10+,Episode start,2025-02-15,34
M0011476,E008014,K10+,Episode start,2025-02-05,45
M0011477,E008017,K10+,Episode start,2025-02-11,29
M0011478,E008018,K10+,Episode start,2025-02-09,34
M0011479,E008019,K10+,Episode start,2025-02-23,30
M0011480,E008020,K10+,Episode start,2025-02-13,31
M0011481,E008020,K10+,Episode end,2025-03-09,28
M0011482,E008021,K10+,Episode start,2025-02-14,32
M0011483,E008022,K10+,Episode start,2025-02-21,32
M0011484,E008022,K10+,Episode end,2025-04-14,19
M0011485,E008023,K10+,Episode start,2025-02-12,24
M0011486,E008025,K10+,Episode start,2025-02-16,31
M0011487,E008027,SDQ,Episode start,2025-02-10,22
M0011488,E008028,K10+,Episode start,2025-02-14,30
M0011489,E008028,K10+,Episode end,2025-03-20,24
M0011490,E008029,K10+,Episode start,2025-02-18,32
M0011491,E008029,K10+,Episode end,2025-03-19,32
M0011492,E008030,K10+,Episode start,2025-02-16,22
M0011493,E008031,K10+,Episode start,2025-02-16,36
M0011494,E008032,K10+,Episode start,2025-02-17,34
M0011495,E008033,K10+,Episode start,2025-02-16,32
M0011496,E008034,K10+,Episode start,2025-03-06,37
M0011497,E008035,K10+,Episode start,2025-03-07,30
M0011498,E008036,K10+,Episode start,2025-02-16,27
M0011499,E008037,K10+,Episode start,2025-02-27,39
M0011500,E008037,K10+,Episode end,2025-03-24,31
M0011501,E008038,K10+,Episode start,2025-02-26,35
M0011502,E008039,K10+,Episode start,2025-02-28,46
M0011503,E008040,K10+,Episode start,2025-02-24,36
M0011504,E008042,K10+,Episode start,2025-03-06,28
M0011505,E008042,K10+,Episode end,2025-04-09,14
M0011506,E008043,K10+,Episode start,2025-02-21,30
M0011507,E008044,K10+,Episode start,2025-03-03,41
M0011508,E008045,K10+,Episode start,2025-04-13,34
M0011509,E008046,K10+,Episode end,2025-05-03,31
M0011510,E008047,K10+,Episode start,2025-02-28,30
M0011511,E008048,K10+,Episode start,2025-03-02,30
M0011512,E008048,K10+,Episode end,2025-05-14,23
M0011513,E008049,K10+,Episode start,2025-03-03,32
M0011514,E008050,K10+,Episode start,2025-02-25,36
M0011515,E008050,K10+,Episode end,2025-03-20,22
M0011516,E008051,K10+,Episode start,2025-02-28,33
M0011517,E008052,K10+,Episode start,2025-02-28,29
M0011518,E008052,K10+,Episode end,2025-05-11,28
M0011519,E008053,SDQ,Episode start,2025-03-08,17
M0011520,E008054,K10+,Episode start,2025-02-26,32
M0011521,E008055,K10+,Episode start,2025-03-07,39
M0011522,E008056,K10+,Episode start,2025-02-26,17
M0011523,E008057,K10+,Episode start,2025-03-06,34
M0011524,E008058,K10+,Episode start,2025-03-17,33
M0011525,E008059,K10+,Episode start,2025-03-05,35
M0011526,E008060,K10+,Episode start,2025-03-12,35
M0011527,E008060,K10+,Episode end,2025-04-17,33
M0011528,E008061,K10+,Episode start,2025-03-04,32
M0011529,E008061,K10+,Episode end,2025-03-17,24
M0011530,E008062,K10+,Episode start,2025-03-08,27
M0011531,E008063,K10+,Episode start,2025-03-07,36
M0011532,E008063,K10+,Episode end,2025-04-13,35
M0011533,E008064,K10+,Episode start,2025-03-07,34
M0011534,E008065,K10+,Episode start,2025-03-06,31
M0011535,E008066,K10+,Episode start,2025-03-08,37
M0011536,E008066,K10+,Episode end,2025-04-07,36
M0011537,E008067,K10+,Episode start,2025-03-07,28
M0011538,E008068,K10+,Episode start,2025-03-04,37
M0011539,E008069,K10+,Episode start,2025-03-07,35
M0011540,E008070,K10+,Episode start,2025-03-08,26
M0011541,E008071,K10+,Episode start,2025-03-08,38
M0011542,E008072,SDQ,Episode start,2025-03-23,19
M0011543,E008072,SDQ,Episode end,2025-05-24,13
M0011544,E008073,K10+,Episode end,2025-04-27,22
M0011545,E008074,K10+,Episode start,2025-03-12,23
M0011546,E008075,K10+,Episode start,2025-03-15,31
M0011547,E008076,K10+,Episode start,2025-03-23,27
M0011548,E008077,K10+,Episode start,2025-03-18,27
M0011549,E008079,K10+,Episode start,2025-03-13,29
M0011550,E008079,K10+,Episode end,2025-04-05,29
M0011551,E008080,K10+,Episode start,2025-03-28,41
M0011552,E008080,K10+,Episode end,2025-05-18,37
M0011553,E008081,K10+,Episode start,2025-03-23,24
M0011554,E008082,K10+,Episode start,2025-04-01,39
M0011555,E008082,K10+,Episode end,2025-04-30,32
M0011556,E008083,K10+,Episode start,2025-03-22,42
M0011557,E008084,K10+,Episode start,2025-03-25,37
M0011558,E008085,K10+,Episode start,2025-03-30,30
M0011559,E008085,K10+,Episode end,2025-05-09,32
M0011560,E008087,K10+,Episode start,2025-03-25,33
M0011561,E008089,K10+,Episode start,2025-04-01,40
M0011562,E008089,K10+,Episode end,2025-05-20,35
M0011563,E008090,K10+,Episode start,2025-03-26,30
M0011564,E008090,K10+,Episode end,2025-04-07,21
M0011565,E008092,K10+,Episode start,2025-03-27,36
M0011566,E008092,K10+,Episode end,2025-05-06,31
M0011567,E008094,K10+,Episode start,2025-03-27,38
M0011568,E008095,K10+,Episode start,2025-03-27,41
M0011569,E008095,K10+,Episode end,2025-06-07,37
M0011570,E008096,K10+,Episode start,2025-05-01,24
M0011571,E008097,K10+,Episode start,2025-04-01,39
M0011572,E008098,K10+,Episode start,2025-03-30,33
M0011573,E008099,K10+,Episode start,2025-03-30,19
M0011574,E008100,K10+,Episode start,2025-04-02,36
M0011575,E008101,K10+,Episode start,2025-04-04,38
M0011576,E008102,K10+,Episode start,2025-04-05,35
M0011577,E008103,K10+,Episode start,2025-03-28,35
M0011578,E008103,K10+,Episode end,2025-07-02,33
M0011579,E008104,K10+,Episode start,2025-04-08,27
M0011580,E008104,K10+,Episode end,2025-07-03,28
M0011581,E008105,K10+,Episode start,2025-04-05,34
M0011582,E008106,K10+,Episode start,2025-03-29,26
M0011583,E008107,K10+,Episode start,2025-05-01,37
M0011584,E008108,K10+,Episode start,2025-04-02,36
M0011585,E008109,K10+,Episode start,2025-04-01,33
M0011586,E008110,K10+,Episode start,2025-04-10,27
M0011587,E008111,K10+,Episode start,2025-03-30,31
M0011588,E008113,K10+,Episode start,2025-04-15,31
M0011589,E008114,K10+,Episode start,2025-03-31,26
M0011590,E008115,K10+,Episode start,2025-04-14,25
M0011591,E008116,K10+,Episode start,2025-04-09,29
M0011592,E008118,K10+,Episode start,2025-04-04,28
M0011593,E008119,K10+,Episode start,2025-04-05,37
M0011594,E008119,K10+,Episode end,2025-06-07,20
M0011595,E008120,K10+,Episode start,2025-04-05,23
M0011596,E008121,K10+,Episode start,2025-04-13,25
M0011597,E008122,K10+,Episode start,2025-04-16,36
M0011598,E008123,K10+,Episode start,2025-04-24,33
M0011599,E008124,K10+,Episode start,2025-04-16,32
M0011600,E008127,K10+,Episode start,2025-04-15,33
M0011601,E008128,K10+,Episode start,2025-04-28,41
M0011602,E008129,K10+,Episode start,2025-04-11,31
M0011603,E008130,K10+,Episode start,2025-04-15,30
M0011604,E008130,K10+,Episode end,2025-05-06,26
M0011605,E008131,SDQ,Episode start,2025-04-14,12
M0011606,E008132,K10+,Episode start,2025-04-10,38
M0011607,E008133,K10+,Episode start,2025-04-11,41
M0011608,E008134,K10+,Episode start,2025-04-10,19
M0011609,E008135,K10+,Episode start,2025-04-13,38
M0011610,E008136,K10+,Episode start,2025-04-15,28
M0011611,E008137,K10+,Episode start,2025-05-01,32
M0011612,E008137,K10+,Episode end,2025-07-24,24
M0011613,E008138,K10+,Episode start,2025-04-17,34
M0011614,E008139,K10+,Episode start,2025-04-19,32
M0011615,E008140,K10+,Episode start,2025-04-18,30
M0011616,E008141,K10+,Episode start,2025-04-22,38
M0011617,E008142,K10+,Episode start,2025-04-24,32
M0011618,E008143,K10+,Episode start,2025-04-14,33
M0011619,E008143,K10+,Episode end,2025-06-20,32
M0011620,E008144,K10+,Episode start,2025-05-01,30
M0011621,E008145,K10+,Episode start,2025-04-25,14
M0011622,E008146,K10+,Episode start,2025-04-24,32
M0011623,E008147,K10+,Episode start,2025-04-28,28
M0011624,E008148,K10+,Episode start,2025-04-16,27
M0011625,E008149,K10+,Episode start,2025-05-21,40
M0011626,E008149,K10+,Episode end,2025-06-08,28
M0011627,E008150,K10+,Episode start,2025-04-20,43
M0011628,E008151,K10+,Episode start,2025-05-02,24
M0011629,E008152,K10+,Episode start,2025-04-23,34
M0011630,E008152,K10+,Episode end,2025-06-24,37
M0011631,E008153,K10+,Episode start,2025-04-28,35
M0011632,E008154,K10+,Episode start,2025-04-26,38
M0011633,E008154,K10+,Episode end,2025-06-01,35
M0011634,E008155,K10+,Episode start,2025-05-06,32
M0011635,E008156,K10+,Episode start,2025-04-25,28
M0011636,E008156,K10+,Episode end,2025-05-29,25
M0011637,E008157,K10+,Episode start,2025-05-01,25
M0011638,E008158,K10+,Episode start,2025-04-25,29
M0011639,E008158,K10+,Episode end,2025-05-24,21
M0011640,E008159,K10+,Episode start,2025-05-02,44
M0011641,E008160,K10+,Episode start,2025-04-28,27
M0011642,E008161,K10+,Episode start,2025-04-29,44
M0011643,E008162,K10+,Episode start,2025-04-27,32
M0011644,E008164,SDQ,Episode start,2025-05-03,23
M0011645,E008164,SDQ,Episode end,2025-06-20,19
M0011646,E008165,K10+,Episode start,2025-05-11,25
M0011647,E008165,K10+,Episode end,2025-06-28,16
M0011648,E008166,K10+,Episode start,2025-05-06,36
M0011649,E008167,K10+,Episode start,2025-06-08,30
M0011650,E008167,K10+,Episode end,2025-06-23,29
M0011651,E008168,K10+,Episode start,2025-05-03,22
M0011652,E008168,K10+,Episode end,2025-06-30,20
M0011653,E008169,K10+,Episode start,2025-04-27,34
M0011654,E008169,K10+,Episode end,2025-06-25,27
M0011655,E008170,K10+,Episode start,2025-05-02,28
M0011656,E008171,K10+,Episode start,2025-05-05,25
M0011657,E008172,K10+,Episode start,2025-05-01,14
M0011658,E008172,K10+,Episode end,2025-05-26,10
M0011659,E008173,K10+,Episode start,2025-05-03,36
M0011660,E008175,K10+,Episode start,2025-05-24,39
M0011661,E008176,K10+,Episode start,2025-05-05,26
M0011662,E008177,K10+,Episode start,2025-05-18,37
M0011663,E008178,K10+,Episode start,2025-05-03,32
M0011664,E008179,K10+,Episode start,2025-05-05,26
M0011665,E008180,K10+,Episode start,2025-05-11,33
M0011666,E008181,K10+,Episode start,2025-05-06,34
M0011667,E008182,K10+,Episode start,2025-05-04,39
M0011668,E008183,K10+,Episode start,2025-05-02,26
M0011669,E008184,K10+,Episode start,2025-05-18,25
M0011670,E008185,K10+,Episode start,2025-05-20,28
M0011671,E008187,K10+,Episode start,2025-05-20,40
M0011672,E008188,K10+,Episode start,2025-05-13,19
M0011673,E008188,K10+,Episode end,2025-06-05,24
M0011674,E008189,K10+,Episode start,2025-05-08,29
M0011675,E008190,K10+,Episode start,2025-05-11,32
M0011676,E008190,K10+,Episode end,2025-06-12,21
M0011677,E008191,K10+,Episode start,2025-05-13,32
M0011678,E008191,K10+,Episode end,2025-05-24,26
M0011679,E008192,K10+,Episode start,2025-05-07,31
M0011680,E008192,K10+,Episode end,2025-06-27,28
M0011681,E008193,K10+,Episode start,2025-06-03,37
M0011682,E008193,K10+,Episode end,2025-07-22,27
M0011683,E008194,K10+,Episode start,2025-05-14,24
M0011684,E008195,K10+,Episode start,2025-05-16,31
M0011685,E008196,K10+,Episode start,2025-05-28,32
M0011686,E008197,K10+,Episode start,2025-05-19,35
M0011687,E008198,K10+,Episode start,2025-05-16,24
M0011688,E008200,K10+,Episode start,2025-05-18,27
M0011689,E008200,K10+,Episode end,2025-08-23,13
M0011690,E008201,K10+,Episode start,2025-05-22,23
M0011691,E008202,K10+,Episode start,2025-05-22,29
M0011692,E008203,K10+,Episode start,2025-05-26,32
M0011693,E008203,K10+,Episode end,2025-06-18,30
M0011694,E008204,K10+,Episode start,2025-06-01,39
M0011695,E008205,K10+,Episode start,2025-05-31,28
M0011696,E008206,K10+,Episode start,2025-05-21,32
M0011697,E008208,K10+,Episode start,2025-07-10,41
M0011698,E008210,K10+,Episode start,2025-05-30,32
M0011699,E008211,K10+,Episode start,2025-06-11,32
M0011700,E008212,K10+,Episode start,2025-06-07,27
M0011701,E008213,K10+,Episode start,2025-05-24,36
M0011702,E008214,K10+,Episode start,2025-05-23,41
M0011703,E008214,K10+,Episode end,2025-07-24,34
M0011704,E008215,K10+,Episode start,2025-06-04,25
M0011705,E008217,K10+,Episode start,2025-06-06,19
M0011706,E008218,K10+,Episode start,2025-06-05,31
M0011707,E008219,K10+,Episode start,2025-06-05,28
M0011708,E008220,K10+,Episode start,2025-06-13,26
M0011709,E008221,K10+,Episode start,2025-05-27,34
M0011710,E008221,K10+,Episode end,2025-06-24,25
M0011711,E008222,K10+,Episode start,2025-06-01,28
M0011712,E008222,K10+,Episode end,2025-06-26,33
M0011713,E008223,K10+,Episode start,2025-06-04,27
M0011714,E008223,K10+,Episode end,2025-08-01,28
M0011715,E008224,K10+,Episode start,2025-06-09,26
M0011716,E008225,K10+,Episode start,2025-06-04,44
M0011717,E008226,K10+,Episode start,2025-06-12,41
M0011718,E008226,K10+,Episode end,2025-07-21,30
M0011719,E008227,K10+,Episode start,2025-06-12,27
M0011720,E008228,K10+,Episode start,2025-06-06,21
M0011721,E008229,K10+,Episode start,2025-06-05,27
M0011722,E008229,K10+,Episode end,2025-06-25,18
M0011723,E008230,K10+,Episode start,2025-06-05,31
M0011724,E008231,K10+,Episode start,2025-06-08,38
M0011725,E008232,K10+,Episode start,2025-06-12,27
M0011726,E008232,K10+,Episode end,2025-08-13,20
M0011727,E008233,K10+,Episode start,2025-06-24,29
M0011728,E008233,K10+,Episode end,2025-08-23,27
M0011729,E008234,K10+,Episode start,2025-06-07,39
M0011730,E008235,K10+,Episode start,2025-06-04,32
M0011731,E008239,K10+,Episode start,2025-06-17,35
M0011732,E008240,K10+,Episode start,2025-06-11,23
M0011733,E008241,K10+,Episode start,2025-06-15,25
M0011734,E008242,K10+,Episode start,2025-06-24,31
M0011735,E008244,K10+,Episode start,2025-07-08,24
M0011736,E008245,K10+,Episode start,2025-06-25,33
M0011737,E008246,K10+,Episode start,2025-06-15,34
M0011738,E008246,K10+,Episode end,2025-07-03,25
M0011739,E008247,K10+,Episode start,2025-06-14,27
M0011740,E008248,K10+,Episode start,2025-06-26,20
M0011741,E008249,K10+,Episode start,2025-06-19,40
M0011742,E008250,K10+,Episode start,2025-06-21,32
M0011743,E008251,SDQ,Episode start,2025-06-16,23
M0011744,E008251,SDQ,Episode end,2025-08-15,29
M0011745,E008253,K10+,Episode start,2025-06-17,38
M0011746,E008253,K10+,Episode end,2025-07-05,29
M0011747,E008254,K10+,Episode start,2025-07-06,31
M0011748,E008255,K10+,Episode start,2025-06-21,34
M0011749,E008257,K10+,Episode start,2025-07-19,27
M0011750,E008258,K10+,Episode start,2025-06-20,22
M0011751,E008259,K10+,Episode start,2025-06-30,32
M0011752,E008259,K10+,Episode end,2025-08-26,24
M0011753,E008260,K10+,Episode start,2025-07-29,25
M0011754,E008261,K10+,Episode start,2025-06-28,27
M0011755,E008263,K10+,Episode start,2025-06-25,27
M0011756,E008264,K10+,Episode start,2025-07-04,32
M0011757,E008266,K10+,Episode start,2025-06-25,30
M0011758,E008266,K10+,Episode end,2025-09-04,26
M0011759,E008268,K10+,Episode start,2025-07-14,37
M0011760,E008270,K10+,Episode start,2025-07-11,26
M0011761,E008271,K10+,Episode start,2025-07-10,40
M0011762,E008272,K10+,Episode start,2025-07-04,43
M0011763,E008272,K10+,Episode end,2025-08-29,45
M0011764,E008274,K10+,Episode start,2025-08-01,34
M0011765,E008275,K10+,Episode start,2025-07-02,26
M0011766,E008276,K10+,Episode start,2025-07-03,13
M0011767,E008278,K10+,Episode start,2025-07-13,30
M0011768,E008279,K10+,Episode start,2025-07-03,21
M0011769,E008279,K10+,Episode end,2025-08-07,16
M0011770,E008280,K10+,Episode start,2025-07-13,28
M0011771,E008280,K10+,Episode end,2025-08-09,20
M0011772,E008283,K10+,Episode start,2025-07-15,31
M0011773,E008284,K10+,Episode start,2025-07-12,37
M0011774,E008285,K10+,Episode start,2025-07-22,27
M0011775,E008288,K10+,Episode start,2025-07-08,36
M0011776,E008289,K10+,Episode start,2025-08-06,30
M0011777,E008289,K10+,Episode end,2025-09-27,28
M0011778,E008290,K10+,Episode start,2025-07-15,31
M0011779,E008291,K10+,Episode start,2025-07-11,34
M0011780,E008291,K10+,Episode end,2025-07-22,36
M0011781,E008292,K10+,Episode start,2025-07-24,33
M0011782,E008292,K10+,Episode end,2025-08-26,22
M0011783,E008293,K10+,Episode start,2025-07-16,30
M0011784,E008294,K10+,Episode start,2025-07-10,30
M0011785,E008294,K10+,Episode end,2025-09-25,32
M0011786,E008295,K10+,Episode start,2025-07-14,38
M0011787,E008295,K10+,Episode end,2025-09-22,29
M0011788,E008296,K10+,Episode start,2025-07-15,38
M0011789,E008296,K10+,Episode end,2025-10-10,27
M0011790,E008297,K10+,Episode start,2025-07-16,33
M0011791,E008298,K10+,Episode start,2025-07-24,35
M0011792,E008298,K10+,Episode end,2025-08-19,30
M0011793,E008299,K10+,Episode start,2025-07-24,36
M0011794,E008301,K10+,Episode start,2025-07-25,30
M0011795,E008302,K10+,Episode start,2025-07-15,34
M0011796,E008303,K10+,Episode start,2025-08-01,31
M0011797,E008304,K10+,Episode start,2025-07-21,35
M0011798,E008305,K10+,Episode start,2025-07-25,31
M0011799,E008306,K10+,Episode start,2025-08-01,40
M0011800,E008307,K10+,Episode start,2025-08-10,25
M0011801,E008308,K10+,Episode start,2025-08-06,27
M0011802,E008310,K10+,Episode start,2025-08-09,40
M0011803,E008311,K10+,Episode start,2025-07-31,32
M0011804,E008311,K10+,Episode end,2025-10-02,31
M0011805,E008312,K10+,Episode start,2025-08-09,29
M0011806,E008312,K10+,Episode end,2025-09-30,17
M0011807,E008313,K10+,Episode start,2025-08-02,21
M0011808,E008314,K10+,Episode start,2025-08-03,33
M0011809,E008315,K10+,Episode start,2025-08-05,24
M0011810,E008315,K10+,Episode end,2025-08-31,19
M0011811,E008316,K10+,Episode start,2025-08-28,23
M0011812,E008318,K10+,Episode start,2025-08-06,38
M0011813,E008319,K10+,Episode start,2025-08-06,14
M0011814,E008320,SDQ,Episode start,2025-08-02,22
M0011815,E008322,K10+,Episode start,2025-08-01,34
M0011816,E008323,K10+,Episode start,2025-08-12,22
M0011817,E008324,K10+,Episode start,2025-08-06,31
M0011818,E008324,K10+,Episode end,2025-10-10,13
M0011819,E008325,K10+,Episode start,2025-08-02,40
M0011820,E008326,K10+,Episode start,2025-08-06,32
M0011821,E008327,K10+,Episode start,2025-08-05,33
M0011822,E008328,K10+,Episode start,2025-08-04,23
M0011823,E008329,K10+,Episode start,2025-08-07,36
M0011824,E008330,K10+,Episode start,2025-08-17,29
M0011825,E008331,K10+,Episode start,2025-08-08,32
M0011826,E008332,K10+,Episode start,2025-08-13,33
M0011827,E008333,K10+,Episode start,2025-08-11,42
M0011828,E008334,K10+,Episode start,2025-08-20,34
M0011829,E008335,K10+,Episode start,2025-08-14,21
M0011830,E008336,K10+,Episode start,2025-08-20,32
M0011831,E008337,K10+,Episode start,2025-08-18,27
M0011832,E008338,K10+,Episode start,2025-08-23,17
M0011833,E008338,K10+,Episode end,2025-09-03,10
M0011834,E008339,K10+,Episode start,2025-08-25,36
M0011835,E008340,K10+,Episode start,2025-09-01,29
M0011836,E008341,K10+,Episode start,2025-08-14,39
M0011837,E008343,K10+,Episode start,2025-08-14,32
M0011838,E008343,K10+,Episode end,2025-09-26,22
M0011839,E008344,K10+,Episode start,2025-08-18,34
M0011840,E008344,K10+,Episode end,2025-10-25,30
M0011841,E008345,K10+,Episode start,2025-08-17,23
M0011842,E008346,K10+,Episode start,2025-08-19,36
M0011843,E008347,K10+,Episode start,2025-09-20,35
M0011844,E008349,K10+,Episode start,2025-08-18,30
M0011845,E008349,K10+,Episode end,2025-09-21,19
M0011846,E008350,K10+,Episode start,2025-08-16,35
M0011847,E008350,K10+,Episode end,2025-09-17,37
M0011848,E008351,K10+,Episode start,2025-08-17,16
M0011849,E008352,K10+,Episode start,2025-08-29,39
M0011850,E008352,K10+,Episode end,2025-09-23,37
M0011851,E008353,K10+,Episode start,2025-08-20,40
M0011852,E008354,K10+,Episode start,2025-08-25,29
M0011853,E008355,K10+,Episode start,2025-08-20,27
M0011854,E008356,K10+,Episode start,2025-08-18,33
M0011855,E008357,K10+,Episode start,2025-08-23,18
M0011856,E008357,K10+,Episode end,2025-10-09,10
M0011857,E008358,K10+,Episode start,2025-08-29,33
M0011858,E008359,K10+,Episode start,2025-08-23,33
M0011859,E008359,K10+,Episode end,2025-09-02,31
M0011860,E008360,K10+,Episode start,2025-08-24,37
M0011861,E008361,K10+,Episode start,2025-08-27,33
M0011862,E008362,K10+,Episode start,2025-09-14,31
M0011863,E008363,K10+,Episode start,2025-09-05,20
M0011864,E008364,K10+,Episode start,2025-08-23,34
M0011865,E008365,K10+,Episode start,2025-08-26,31
M0011866,E008366,K10+,Episode start,2025-08-22,34
M0011867,E008367,K10+,Episode start,2025-09-04,30
M0011868,E008368,K10+,Episode start,2025-08-27,35
M0011869,E008368,K10+,Episode end,2025-10-07,16
M0011870,E008369,K10+,Episode start,2025-09-08,33
M0011871,E008370,K10+,Episode start,2025-08-23,26
M0011872,E008371,K10+,Episode start,2025-09-01,26
M0011873,E008371,K10+,Episode end,2025-12-02,20
M0011874,E008372,K10+,Episode start,2025-09-06,23
M0011875,E008373,K10+,Episode start,2025-09-01,36
M0011876,E008373,K10+,Episode end,2025-10-27,27
M0011877,E008375,K10+,Episode start,2025-09-02,32
M0011878,E008376,K10+,Episode start,2025-08-29,29
M0011879,E008377,K10+,Episode start,2025-08-30,26
M0011880,E008378,K10+,Episode start,2025-09-01,19
M0011881,E008380,K10+,Episode start,2025-09-04,23
M0011882,E008381,K10+,Episode start,2025-09-29,37
M0011883,E008382,K10+,Episode start,2025-09-02,31
M0011884,E008383,K10+,Episode start,2025-09-04,26
M0011885,E008384,K10+,Episode start,2025-09-05,39
M0011886,E008385,K10+,Episode start,2025-09-13,29
M0011887,E008385,K10+,Episode end,2025-11-14,26
M0011888,E008386,K10+,Episode start,2025-09-06,39
M0011889,E008387,K10+,Episode start,2025-09-17,23
M0011890,E008387,K10+,Episode end,2025-11-03,11
M0011891,E008388,K10+,Episode start,2025-09-19,46
M0011892,E008389,K10+,Episode start,2025-09-09,33
M0011893,E008391,SDQ,Episode start,2025-09-17,21
M0011894,E008393,K10+,Episode start,2025-09-14,26
M0011895,E008394,K10+,Episode start,2025-09-25,25
M0011896,E008395,K10+,Episode start,2025-10-05,34
M0011897,E008395,K10+,Episode end,2025-11-03,29
M0011898,E008396,K10+,Episode start,2025-09-13,38
M0011899,E008397,K10+,Episode start,2025-09-20,29
M0011900,E008398,K10+,Episode start,2025-09-11,36
M0011901,E008398,K10+,Episode end,2025-11-13,22
M0011902,E008399,K10+,Episode start,2025-09-15,28
M0011903,E008401,K10+,Episode start,2025-10-02,38
M0011904,E008402,K10+,Episode start,2025-09-16,25
M0011905,E008402,K10+,Episode end,2025-10-17,14
M0011906,E008403,K10+,Episode start,2025-09-27,32
M0011907,E008403,K10+,Episode end,2025-11-23,17
M0011908,E008404,K10+,Episode start,2025-09-15,25
M0011909,E008405,K10+,Episode start,2025-10-25,24
M0011910,E008406,K10+,Episode start,2025-09-24,25
M0011911,E008407,K10+,Episode start,2025-09-25,38
M0011912,E008408,K10+,Episode start,2025-09-17,37
M0011913,E008409,K10+,Episode start,2025-09-14,38
M0011914,E008410,K10+,Episode start,2025-09-30,41
M0011915,E008411,K10+,Episode start,2025-09-25,30
M0011916,E008413,K10+,Episode start,2025-09-19,22
M0011917,E008414,K10+,Episode start,2025-09-26,29
M0011918,E008414,K10+,Episode end,2025-11-28,18
M0011919,E008415,SDQ,Episode start,2025-10-01,22
M0011920,E008416,K10+,Episode start,2025-09-22,29
M0011921,E008417,K10+,Episode start,2025-09-25,37
M0011922,E008417,K10+,Episode end,2025-11-07,32
M0011923,E008418,K10+,Episode start,2025-09-25,32
M0011924,E008418,K10+,Episode end,2025-11-12,24
M0011925,E008419,K10+,Episode start,2025-09-26,34
M0011926,E008420,K10+,Episode start,2025-09-29,31
M0011927,E008422,K10+,Episode start,2025-09-29,35
M0011928,E008423,K10+,Episode start,2025-09-28,19
M0011929,E008424,K10+,Episode start,2025-10-01,18
M0011930,E008425,K10+,Episode start,2025-10-02,30
M0011931,E008426,K10+,Episode start,2025-10-20,34
M0011932,E008427,K10+,Episode start,2025-09-29,23
M0011933,E008428,K10+,Episode start,2025-10-04,27
M0011934,E008429,K10+,Episode start,2025-10-05,36
M0011935,E008429,K10+,Episode end,2025-10-25,35
M0011936,E008430,K10+,Episode start,2025-10-01,31
M0011937,E008430,K10+,Episode end,2025-11-12,33
M0011938,E008431,K10+,Episode start,2025-11-07,30
M0011939,E008431,K10+,Episode end,2026-01-25,26
M0011940,E008432,K10+,Episode start,2025-10-11,31
M0011941,E008433,K10+,Episode start,2025-10-12,41
M0011942,E008434,K10+,Episode start,2025-10-07,34
M0011943,E008435,K10+,Episode start,2025-10-09,29
M0011944,E008436,K10+,Episode start,2025-10-07,26
M0011945,E008437,K10+,Episode start,2025-10-11,28
M0011946,E008438,K10+,Episode start,2025-10-05,23
M0011947,E008441,K10+,Episode start,2025-10-23,35
M0011948,E008442,K10+,Episode start,2025-10-18,44
M0011949,E008442,K10+,Episode end,2025-12-07,44
M0011950,E008443,K10+,Episode start,2025-10-16,45
M0011951,E008446,K10+,Episode start,2025-10-30,34
M0011952,E008447,K10+,Episode start,2025-10-16,16
M0011953,E008448,K10+,Episode start,2025-10-28,29
M0011954,E008449,SDQ,Episode start,2025-11-25,26
M0011955,E008449,SDQ,Episode end,2026-02-19,21
M0011956,E008450,K10+,Episode start,2025-10-18,33
M0011957,E008450,K10+,Episode end,2025-12-03,28
M0011958,E008451,K10+,Episode start,2025-10-21,25
M0011959,E008451,K10+,Episode end,2025-11-06,20
M0011960,E008452,K10+,Episode start,2025-10-25,31
M0011961,E008452,K10+,Episode end,2025-12-02,29
M0011962,E008453,K10+,Episode start,2025-10-21,22
M0011963,E008453,K10+,Episode end,2025-11-09,17
M0011964,E008454,K10+,Episode start,2025-10-24,37
M0011965,E008456,K10+,Episode start,2025-10-21,33
M0011966,E008457,K10+,Episode start,2025-10-20,45
M0011967,E008457,K10+,Episode end,2025-12-02,33
M0011968,E008459,K10+,Episode start,2025-10-19,25
M0011969,E008460,K10+,Episode start,2025-11-20,36
M0011970,E008460,K10+,Episode end,2025-12-09,23
M0011971,E008461,K10+,Episode start,2025-11-13,20
M0011972,E008462,K10+,Episode start,2025-11-15,32
M0011973,E008462,K10+,Episode end,2025-12-11,30
M0011974,E008463,K10+,Episode start,2025-10-25,28
M0011975,E008464,K10+,Episode start,2025-10-27,28
M0011976,E008466,K10+,Episode start,2025-11-12,35
M0011977,E008466,K10+,Episode end,2026-01-26,27
M0011978,E008467,K10+,Episode start,2025-10-29,32
M0011979,E008468,K10+,Episode start,2025-10-27,28
M0011980,E008469,K10+,Episode start,2025-11-16,25
M0011981,E008471,K10+,Episode start,2025-11-05,41
M0011982,E008471,K10+,Episode end,2025-11-23,34
M0011983,E008472,K10+,Episode start,2025-11-17,34
M0011984,E008474,K10+,Episode start,2025-11-05,29
M0011985,E008475,K10+,Episode start,2025-12-11,29
M0011986,E008475,K10+,Episode end,2026-01-16,27
M0011987,E008476,K10+,Episode start,2025-11-03,27
M0011988,E008477,K10+,Episode start,2025-11-08,31
M0011989,E008478,K10+,Episode start,2025-10-30,30
M0011990,E008478,K10+,Episode end,2026-01-24,22
M0011991,E008479,K10+,Episode start,2025-11-04,27
M0011992,E008481,K10+,Episode start,2025-11-29,30
M0011993,E008481,K10+,Episode end,2025-12-28,27
M0011994,E008482,K10+,Episode start,2025-11-04,19
M0011995,E008483,K10+,Episode start,2025-11-05,30
M0011996,E008484,K10+,Episode start,2025-11-19,37
M0011997,E008485,K10+,Episode start,2025-11-04,36
M0011998,E008486,K10+,Episode start,2025-11-07,44
M0011999,E008487,K10+,Episode start,2025-11-13,30
M0012000,E008488,K10+,Episode start,2025-11-10,29
M0012001,E008489,K10+,Episode start,2025-11-20,25
M0012002,E008491,K10+,Episode start,2025-11-15,32
M0012003,E008492,K10+,Episode start,2025-11-17,39
M0012004,E008493,K10+,Episode start,2025-11-12,43
M0012005,E008495,K10+,Episode end,2025-12-02,11
M0012006,E008497,K10+,Episode start,2025-11-20,31
M0012007,E008498,K10+,Episode start,2025-11-09,29
M0012008,E008499,K10+,Episode start,2025-11-17,39
M0012009,E008500,K10+,Episode start,2025-11-28,30
M0012010,E008500,K10+,Episode end,2025-12-17,29
M0012011,E008501,K10+,Episode start,2025-11-18,40
M0012012,E008502,K10+,Episode start,2025-11-24,34
M0012013,E008502,K10+,Episode end,2026-02-11,23
M0012014,E008503,SDQ,Episode start,2025-11-16,19
M0012015,E008504,K10+,Episode start,2025-12-06,36
M0012016,E008505,K10+,Episode start,2025-11-16,37
M0012017,E008505,K10+,Episode end,2026-01-08,38
M0012018,E008506,K10+,Episode start,2025-11-27,26
M0012019,E008507,K10+,Episode start,2025-11-18,34
M0012020,E008508,K10+,Episode start,2025-12-01,32
M0012021,E008509,K10+,Episode start,2025-12-03,36
M0012022,E008510,K10+,Episode start,2025-11-28,28
M0012023,E008511,K10+,Episode start,2025-11-30,30
M0012024,E008512,K10+,Episode start,2025-11-27,36
M0012025,E008512,K10+,Episode end,2026-02-19,21
M0012026,E008513,K10+,Episode start,2025-12-11,28
M0012027,E008514,K10+,Episode start,2025-11-29,23
M0012028,E008515,K10+,Episode start,2025-12-03,28
M0012029,E008516,K10+,Episode start,2025-11-28,35
M0012030,E008517,K10+,Episode start,2025-11-25,28
M0012031,E008518,K10+,Episode start,2025-11-27,25
M0012032,E008520,K10+,Episode start,2025-12-08,39
M0012033,E008520,K10+,Episode end,2026-03-27,34
M0012034,E008521,K10+,Episode start,2025-11-23,19
M0012035,E008522,K10+,Episode start,2025-11-30,33
M0012036,E008522,K10+,Episode end,2026-01-11,34
M0012037,E008523,K10+,Episode start,2025-11-26,24
M0012038,E008524,K10+,Episode end,2026-01-15,30
M0012039,E008526,SDQ,Episode start,2025-12-02,26
M0012040,E008526,SDQ,Episode end,2025-12-30,12
M0012041,E008527,K10+,Episode start,2025-12-16,33
M0012042,E008528,K10+,Episode start,2025-12-01,23
M0012043,E008529,K10+,Episode start,2025-12-07,36
M0012044,E008530,K10+,Episode start,2025-12-07,48
M0012045,E008530,K10+,Episode end,2026-01-23,42
M0012046,E008531,K10+,Episode start,2025-12-15,13
M0012047,E008533,K10+,Episode start,2025-12-07,36
M0012048,E008534,K10+,Episode start,2025-12-09,35
M0012049,E008534,K10+,Episode end,2025-12-30,21
M0012050,E008535,K10+,Episode start,2025-12-19,21
M0012051,E008538,K10+,Episode start,2025-12-24,34
M0012052,E008539,K10+,Episode start,2025-12-26,32
M0012053,E008540,K10+,Episode start,2026-01-01,41
M0012054,E008540,K10+,Episode end,2026-03-25,36
M0012055,E008541,K10+,Episode start,2026-01-15,34
M0012056,E008542,K10+,Episode start,2025-12-20,27
M0012057,E008543,K10+,Episode start,2025-12-27,15
M0012058,E008544,K10+,Episode start,2026-02-13,26
M0012059,E008546,K10+,Episode start,2025-12-15,32
M0012060,E008547,K10+,Episode start,2025-12-19,18
M0012061,E008548,K10+,Episode start,2025-12-29,25
M0012062,E008548,K10+,Episode end,2026-04-07,12
M0012063,E008549,K10+,Episode start,2026-01-27,26
M0012064,E008549,K10+,Episode end,2026-05-07,31
M0012065,E008550,K10+,Episode start,2025-12-24,29
M0012066,E008551,K10+,Episode start,2025-12-29,27
M0012067,E008551,K10+,Episode end,2026-02-13,21
M0012068,E008552,K10+,Episode start,2025-12-24,27
M0012069,E008553,SDQ,Episode start,2025-12-22,12
M0012070,E008554,K10+,Episode start,2025-12-24,31
M0012071,E008555,K10+,Episode start,2025-12-26,33
M0012072,E008556,K10+,Episode start,2025-12-25,28
M0012073,E008556,K10+,Episode end,2026-01-31,25
M0012074,E008558,K10+,Episode start,2025-12-30,28
M0012075,E008558,K10+,Episode end,2026-04-23,37
M0012076,E008559,K10+,Episode start,2025-12-25,17
M0012077,E008560,K10+,Episode start,2026-01-11,26
M0012078,E008561,K10+,Episode start,2026-01-04,24
M0012079,E008562,K10+,Episode start,2025-12-31,25
M0012080,E008563,SDQ,Episode start,2026-01-13,17
M0012081,E008564,K10+,Episode start,2026-01-07,23
M0012082,E008565,K10+,Episode start,2026-01-07,35
M0012083,E008565,K10+,Episode end,2026-03-29,27
M0012084,E008566,K10+,Episode start,2026-01-12,27
M0012085,E008567,K10+,Episode start,2026-01-05,40
M0012086,E008568,K10+,Episode start,2026-01-07,33
M0012087,E008569,K10+,Episode start,2026-01-02,28
M0012088,E008571,K10+,Episode start,2026-01-30,31
M0012089,E008572,K10+,Episode start,2026-01-10,36
M0012090,E008573,K10+,Episode start,2026-01-16,37
M0012091,E008574,K10+,Episode start,2026-01-08,33
M0012092,E008575,K10+,Episode start,2026-01-12,43
M0012093,E008577,K10+,Episode start,2026-01-10,25
M0012094,E008580,K10+,Episode start,2026-01-13,36
M0012095,E008581,K10+,Episode start,2026-01-11,42
M0012096,E008582,K10+,Episode start,2026-01-15,27
M0012097,E008583,K10+,Episode start,2026-01-15,31
M0012098,E008584,K10+,Episode start,2026-01-25,33
M0012099,E008586,K10+,Episode start,2026-01-14,28
M0012100,E008586,K10+,Episode end,2026-02-27,17
M0012101,E008587,K10+,Episode start,2026-01-17,28
M0012102,E008588,K10+,Episode start,2026-01-15,40
M0012103,E008588,K10+,Episode end,2026-02-09,43
M0012104,E008589,K10+,Episode start,2026-01-20,42
M0012105,E008590,K10+,Episode start,2026-01-17,41
M0012106,E008591,K10+,Episode start,2026-01-25,34
M0012107,E008591,K10+,Episode end,2026-03-18,39
M0012108,E008592,K10+,Episode start,2026-01-19,23
M0012109,E008593,K10+,Episode start,2026-02-13,22
M0012110,E008594,K10+,Episode start,2026-01-27,28
M0012111,E008595,K10+,Episode start,2026-01-25,38
M0012112,E008596,K10+,Episode start,2026-02-02,38
M0012113,E008597,K10+,Episode start,2026-02-08,26
M0012114,E008597,K10+,Episode end,2026-03-13,17
M0012115,E008599,K10+,Episode start,2026-02-04,26
M0012116,E008599,K10+,Episode end,2026-03-09,14
M0012117,E008600,K10+,Episode start,2026-01-28,28
M0012118,E008601,K10+,Episode start,2026-01-30,35
M0012119,E008602,K10+,Episode start,2026-01-31,30
M0012120,E008602,K10+,Episode end,2026-04-13,34
M0012121,E008603,K10+,Episode start,2026-01-28,30
M0012122,E008604,K10+,Episode start,2026-02-20,26
M0012123,E008605,K10+,Episode start,2026-02-07,31
M0012124,E008606,K10+,Episode start,2026-02-03,28
M0012125,E008606,K10+,Episode end,2026-03-10,24
M0012126,E008607,K10+,Episode start,2026-02-14,31
M0012127,E008608,K10+,Episode start,2026-03-03,33
M0012128,E008609,K10+,Episode start,2026-02-09,39
M0012129,E008609,K10+,Episode end,2026-04-10,30
M0012130,E008610,K10+,Episode start,2026-02-07,22
M0012131,E008611,K10+,Episode start,2026-02-05,20
M0012132,E008612,K10+,Episode start,2026-02-27,46
M0012133,E008613,K10+,Episode start,2026-02-11,30
M0012134,E008614,K10+,Episode start,2026-02-06,23
M0012135,E008615,K10+,Episode start,2026-02-08,36
M0012136,E008616,K10+,Episode start,2026-02-07,27
M0012137,E008616,K10+,Episode end,2026-04-10,29
M0012138,E008617,K10+,Episode start,2026-02-18,40
M0012139,E008618,K10+,Episode start,2026-02-10,20
M0012140,E008619,K10+,Episode start,2026-02-21,39
M0012141,E008620,K10+,Episode start,2026-03-11,26
M0012142,E008621,K10+,Episode start,2026-02-08,30
M0012143,E008623,K10+,Episode start,2026-02-07,33
M0012144,E008624,K10+,Episode start,2026-03-16,30
M0012145,E008624,K10+,Episode end,2026-05-04,26
M0012146,E008625,K10+,Episode start,2026-02-20,30
M0012147,E008625,K10+,Episode end,2026-03-29,30
M0012148,E008627,K10+,Episode start,2026-02-08,39
M0012149,E008629,K10+,Episode start,2026-02-21,36
M0012150,E008630,K10+,Episode start,2026-03-16,34
M0012151,E008631,K10+,Episode start,2026-02-24,29
M0012152,E008632,K10+,Episode start,2026-02-12,21
M0012153,E008633,K10+,Episode start,2026-03-22,22
M0012154,E008633,K10+,Episode end,2026-04-24,10
M0012155,E008634,K10+,Episode start,2026-02-11,30
M0012156,E008635,K10+,Episode start,2026-02-15,31
M0012157,E008636,K10+,Episode start,2026-02-14,27
M0012158,E008637,K10+,Episode start,2026-02-13,26
M0012159,E008638,K10+,Episode start,2026-03-04,32
M0012160,E008639,K10+,Episode start,2026-02-10,37
M0012161,E008639,K10+,Episode end,2026-03-15,39
M0012162,E008640,K10+,Episode start,2026-02-16,37
M0012163,E008641,K10+,Episode start,2026-03-04,45
M0012164,E008642,K10+,Episode start,2026-03-01,27
M0012165,E008643,K10+,Episode start,2026-02-22,25
M0012166,E008644,K10+,Episode start,2026-03-18,34
M0012167,E008645,K10+,Episode start,2026-02-19,36
M0012168,E008646,K10+,Episode start,2026-02-21,26
M0012169,E008647,SDQ,Episode start,2026-02-22,19
M0012170,E008648,K10+,Episode start,2026-02-22,33
M0012171,E008649,K10+,Episode start,2026-02-24,29
M0012172,E008649,K10+,Episode end,2026-03-30,20
M0012173,E008650,K10+,Episode start,2026-02-20,18
M0012174,E008650,K10+,Episode end,2026-03-14,10
M0012175,E008651,K10+,Episode start,2026-02-21,26
M0012176,E008651,K10+,Episode end,2026-04-13,14
M0012177,E008652,K10+,Episode start,2026-02-27,28
M0012178,E008653,K10+,Episode start,2026-02-25,26
M0012179,E008654,K10+,Episode start,2026-02-28,38
M0012180,E008655,K10+,Episode start,2026-03-19,23
M0012181,E008656,K10+,Episode start,2026-03-03,27
M0012182,E008656,K10+,Episode end,2026-06-12,31
M0012183,E008658,K10+,Episode start,2026-03-04,22
M0012184,E008659,K10+,Episode start,2026-02-25,30
M0012185,E008660,K10+,Episode start,2026-03-02,25
M0012186,E008661,K10+,Episode start,2026-03-18,29
M0012187,E008662,K10+,Episode start,2026-02-27,36
M0012188,E008664,K10+,Episode start,2026-03-26,37
M0012189,E008665,K10+,Episode start,2026-03-11,27
M0012190,E008666,K10+,Episode start,2026-03-09,33
M0012191,E008668,K10+,Episode start,2026-03-10,33
M0012192,E008668,K10+,Episode end,2026-04-27,21
M0012193,E008669,K10+,Episode start,2026-03-07,21
M0012194,E008670,K10+,Episode start,2026-03-25,43
M0012195,E008670,K10+,Episode end,2026-04-12,30
M0012196,E008671,K10+,Episode start,2026-03-08,28
M0012197,E008672,K10+,Episode start,2026-03-18,33
M0012198,E008673,K10+,Episode start,2026-03-13,33
M0012199,E008673,K10+,Episode end,2026-05-02,25
M0012200,E008674,K10+,Episode start,2026-03-04,31
M0012201,E008675,K10+,Episode start,2026-03-08,24
M0012202,E008676,K10+,Episode start,2026-03-08,33
M0012203,E008677,K10+,Episode start,2026-03-26,34
M0012204,E008678,K10+,Episode start,2026-03-11,31
M0012205,E008679,K10+,Episode start,2026-03-08,44
M0012206,E008679,K10+,Episode end,2026-04-13,35
M0012207,E008680,K10+,Episode start,2026-03-28,27
M0012208,E008682,K10+,Episode start,2026-03-20,32
M0012209,E008682,K10+,Episode end,2026-05-09,26
M0012210,E008683,K10+,Episode start,2026-03-12,17
M0012211,E008683,K10+,Episode end,2026-04-11,10
M0012212,E008684,K10+,Episode start,2026-03-12,24
M0012213,E008685,K10+,Episode start,2026-03-15,32
M0012214,E008686,SDQ,Episode start,2026-03-15,18
M0012215,E008687,K10+,Episode start,2026-03-16,36
M0012216,E008688,K10+,Episode start,2026-04-06,32
M0012217,E008688,K10+,Episode end,2026-04-17,34
M0012218,E008690,K10+,Episode start,2026-03-15,25
M0012219,E008690,K10+,Episode end,2026-04-30,12
M0012220,E008691,K10+,Episode start,2026-03-11,22
M0012221,E008692,K10+,Episode start,2026-03-17,29
M0012222,E008693,K10+,Episode start,2026-03-20,28
M0012223,E008694,K10+,Episode start,2026-03-18,37
M0012224,E008695,K10+,Episode start,2026-03-17,36
M0012225,E008695,K10+,Episode end,2026-05-03,24
M0012226,E008696,K10+,Episode start,2026-03-25,26
M0012227,E008697,K10+,Episode start,2026-03-24,24
M0012228,E008697,K10+,Episode end,2026-04-07,19
M0012229,E008698,K10+,Episode start,2026-03-20,43
M0012230,E008699,K10+,Episode start,2026-03-22,34
M0012231,E008700,K10+,Episode start,2026-03-20,31
M0012232,E008701,K10+,Episode start,2026-03-15,23
M0012233,E008702,K10+,Episode start,2026-03-18,19
M0012234,E008703,K10+,Episode start,2026-04-21,26
M0012235,E008703,K10+,Episode end,2026-05-10,16
M0012236,E008704,SDQ,Episode start,2026-03-27,17
M0012237,E008704,SDQ,Episode end,2026-04-29,20
M0012238,E008705,K10+,Episode start,2026-04-04,34
M0012239,E008706,K10+,Episode start,2026-03-30,32
M0012240,E008708,SDQ,Episode start,2026-04-02,14
M0012241,E008709,K10+,Episode start,2026-04-21,29
M0012242,E008710,K10+,Episode start,2026-04-04,32
M0012243,E008711,K10+,Episode start,2026-04-17,24
M0012244,E008711,K10+,Episode end,2026-05-14,11
M0012245,E008712,K10+,Episode start,2026-03-23,26
M0012246,E008713,K10+,Episode start,2026-04-12,32
M0012247,E008713,K10+,Episode end,2026-05-11,31
M0012248,E008714,K10+,Episode start,2026-04-03,37
M0012249,E008716,K10+,Episode start,2026-04-04,37
M0012250,E008717,K10+,Episode start,2026-03-27,24
M0012251,E008718,K10+,Episode start,2026-03-31,30
M0012252,E008719,K10+,Episode start,2026-03-23,22
M0012253,E008720,K10+,Episode start,2026-03-25,28
M0012254,E008721,K10+,Episode start,2026-04-01,27
M0012255,E008722,K10+,Episode start,2026-04-13,37
M0012256,E008723,K10+,Episode start,2026-03-30,40
M0012257,E008725,K10+,Episode start,2026-04-12,32
M0012258,E008725,K10+,Episode end,2026-05-09,22
M0012259,E008726,K10+,Episode start,2026-04-13,29
M0012260,E008727,K10+,Episode start,2026-03-29,24
M0012261,E008728,K10+,Episode start,2026-03-29,35
M0012262,E008729,K10+,Episode start,2026-03-30,34
M0012263,E008730,K10+,Episode start,2026-04-04,24
M0012264,E008733,K10+,Episode start,2026-04-05,31
M0012265,E008733,K10+,Episode end,2026-04-27,31
M0012266,E008734,K10+,Episode start,2026-04-01,38
M0012267,E008735,K10+,Episode start,2026-04-09,31
M0012268,E008735,K10+,Episode end,2026-05-06,23
M0012269,E008736,K10+,Episode start,2026-04-13,29
M0012270,E008737,K10+,Episode end,2026-05-21,11
M0012271,E008738,K10+,Episode start,2026-04-14,26
M0012272,E008738,K10+,Episode end,2026-06-23,17
M0012273,E008739,K10+,Episode start,2026-04-21,22
M0012274,E008740,K10+,Episode start,2026-04-09,25
M0012275,E008741,K10+,Episode start,2026-04-07,40
M0012276,E008743,K10+,Episode start,2026-04-11,32
M0012277,E008743,K10+,Episode end,2026-05-01,16
M0012278,E008744,SDQ,Episode start,2026-04-29,31
M0012279,E008745,K10+,Episode start,2026-04-20,32
M0012280,E008746,K10+,Episode start,2026-04-13,27
M0012281,E008747,K10+,Episode start,2026-04-14,29
M0012282,E008748,K10+,Episode start,2026-04-15,30
M0012283,E008749,K10+,Episode start,2026-04-20,30
M0012284,E008750,K10+,Episode start,2026-04-14,37
M0012285,E008750,K10+,Episode end,2026-06-20,37
M0012286,E008753,K10+,Episode start,2026-06-01,36
M0012287,E008754,K10+,Episode start,2026-04-14,41
M0012288,E008755,K10+,Episode start,2026-04-18,37
M0012289,E008755,K10+,Episode end,2026-05-07,28
M0012290,E008756,K10+,Episode start,2026-04-23,34
M0012291,E008757,K10+,Episode start,2026-05-06,30
M0012292,E008758,K10+,Episode end,2026-06-22,19
M0012293,E008759,K10+,Episode start,2026-04-25,28
M0012294,E008759,K10+,Episode end,2026-06-02,29
M0012295,E008760,K10+,Episode start,2026-04-16,29
M0012296,E008761,K10+,Episode start,2026-04-24,31
M0012297,E008761,K10+,Episode end,2026-06-22,26
M0012298,E008762,K10+,Episode start,2026-04-24,35
M0012299,E008763,K10+,Episode start,2026-04-23,38
M0012300,E008765,K10+,Episode start,2026-04-20,31
M0012301,E008766,K10+,Episode start,2026-04-18,34
M0012302,E008767,K10+,Episode start,2026-04-27,39
M0012303,E008768,K10+,Episode start,2026-04-27,25
M0012304,E008769,K10+,Episode start,2026-05-11,33
M0012305,E008770,K10+,Episode start,2026-04-28,40
M0012306,E008770,K10+,Episode end,2026-06-30,38
M0012307,E008771,K10+,Episode start,2026-05-16,40
M0012308,E008772,K10+,Episode start,2026-04-28,31
M0012309,E008772,K10+,Episode end,2026-06-10,33
M0012310,E008773,K10+,Episode start,2026-04-25,35
M0012311,E008773,K10+,Episode end,2026-06-17,32
M0012312,E008774,K10+,Episode start,2026-04-29,38
M0012313,E008775,K10+,Episode start,2026-05-01,32
M0012314,E008776,K10+,Episode start,2026-05-21,33
M0012315,E008777,K10+,Episode start,2026-05-12,31
M0012316,E008777,K10+,Episode end,2026-06-23,32
M0012317,E008778,K10+,Episode start,2026-04-25,31
M0012318,E008780,K10+,Episode start,2026-04-30,24
M0012319,E008781,K10+,Episode start,2026-05-03,28
M0012320,E008783,K10+,Episode start,2026-04-30,33
M0012321,E008784,K10+,Episode start,2026-04-28,33
M0012322,E008785,K10+,Episode start,2026-05-07,26
M0012323,E008786,K10+,Episode start,2026-05-03,31
M0012324,E008787,K10+,Episode start,2026-05-11,24
M0012325,E008787,K10+,Episode end,2026-06-04,17
M0012326,E008788,K10+,Episode start,2026-05-06,36
M0012327,E008789,K10+,Episode start,2026-05-13,37
M0012328,E008789,K10+,Episode end,2026-06-17,19
M0012329,E008790,K10+,Episode start,2026-05-13,33
M0012330,E008791,K10+,Episode start,2026-05-11,40
M0012331,E008792,K10+,Episode start,2026-05-12,27
M0012332,E008793,K10+,Episode start,2026-05-04,30
M0012333,E008794,K10+,Episode start,2026-05-06,26
M0012334,E008796,K10+,Episode start,2026-05-01,42
M0012335,E008798,K10+,Episode start,2026-05-07,33
M0012336,E008799,K10+,Episode start,2026-05-11,39
M0012337,E008801,K10+,Episode start,2026-05-10,28
M0012338,E008803,K10+,Episode start,2026-05-07,26
M0012339,E008803,K10+,Episode end,2026-06-11,23
M0012340,E008804,K10+,Episode start,2026-05-15,31
M0012341,E008804,K10+,Episode end,2026-06-05,24
M0012342,E008805,K10+,Episode start,2026-05-09,32
M0012343,E008807,K10+,Episode start,2026-05-12,33
M0012344,E008808,K10+,Episode start,2026-05-21,26
M0012345,E008809,K10+,Episode start,2026-05-16,24
M0012346,E008810,K10+,Episode start,2026-05-21,26
M0012347,E008811,K10+,Episode start,2026-05-30,25
M0012348,E008812,K10+,Episode start,2026-05-21,34
M0012349,E008812,K10+,Episode end,2026-06-24,32
M0012350,E008813,K10+,Episode start,2026-05-18,37
M0012351,E008813,K10+,Episode end,2026-06-05,34
M0012352,E008815,K10+,Episode start,2026-05-21,39
M0012353,E008815,K10+,Episode end,2026-06-10,33
M0012354,E008816,K10+,Episode start,2026-05-17,24
M0012355,E008817,K10+,Episode start,2026-06-02,34
M0012356,E008818,K10+,Episode start,2026-05-25,33
M0012357,E008819,K10+,Episode start,2026-05-24,31
M0012358,E008819,K10+,Episode end,2026-06-11,26
M0012359,E008820,K10+,Episode start,2026-05-22,44
M0012360,E008821,K10+,Episode start,2026-05-19,27
M0012361,E008823,K10+,Episode start,2026-05-30,29
M0012362,E008824,K10+,Episode start,2026-05-28,36
M0012363,E008825,SDQ,Episode start,2026-05-27,18
M0012364,E008826,K10+,Episode start,2026-06-06,44
M0012365,E008827,K10+,Episode start,2026-06-02,29
M0012366,E008828,K10+,Episode start,2026-06-16,34
M0012367,E008829,K10+,Episode start,2026-05-27,28
M0012368,E008830,K10+,Episode start,2026-06-06,40
M0012369,E008831,K10+,Episode start,2026-06-16,26
M0012370,E008832,K10+,Episode start,2026-06-16,36
M0012371,E008833,K10+,Episode start,2026-05-31,38
M0012372,E008834,K10+,Episode start,2026-05-26,35
M0012373,E008835,K10+,Episode start,2026-05-31,30
M0012374,E008836,K10+,Episode start,2026-06-16,34
M0012375,E008838,K10+,Episode start,2026-06-10,24
M0012376,E008838,K10+,Episode end,2026-06-30,17
M0012377,E008839,K10+,Episode start,2026-06-02,34
M0012378,E008840,K10+,Episode start,2026-05-31,37
M0012379,E008841,K10+,Episode start,2026-05-29,22
M0012380,E008843,K10+,Episode start,2026-06-01,34
M0012381,E008844,K10+,Episode start,2026-06-12,26
M0012382,E008845,K10+,Episode start,2026-06-16,29
M0012383,E008846,K10+,Episode start,2026-06-07,31
M0012384,E008847,K10+,Episode start,2026-06-08,34
M0012385,E008848,K10+,Episode start,2026-06-11,28
M0012386,E008849,K10+,Episode start,2026-06-06,34
M0012387,E008850,K10+,Episode start,2026-06-11,31
M0012388,E008851,K10+,Episode start,2026-06-05,31
M0012389,E008852,K10+,Episode start,2026-06-12,25
M0012390,E008854,K10+,Episode start,2026-06-17,25
M0012391,E008857,K10+,Episode start,2026-06-18,39
M0012392,E008858,K10+,Episode start,2026-06-13,24
M0012393,E008860,K10+,Episode start,2026-06-14,25
M0012394,E008862,K10+,Episode start,2026-06-16,31
M0012395,E008863,K10+,Episode start,2026-06-18,33
M0012396,E008865,SDQ,Episode start,2026-06-21,20
M0012397,E008867,K10+,Episode start,2026-06-22,37
M0012398,E008868,SDQ,Episode start,2026-06-19,23
M0012399,E008869,K10+,Episode start,2026-06-28,30
M0012400,E008870,K10+,Episode start,2026-06-18,16
M0012401,E008871,K10+,Episode start,2026-06-21,27
M0012402,E008872,K10+,Episode start,2026-06-22,32
M0012403,E008874,K10+,Episode start,2026-06-26,31
M0012404,E008877,K10+,Episode start,2026-06-23,25
M0012405,E008878,K10+,Episode start,2026-06-24,33
M0012406,E008888,K10+,Episode start,2025-01-11,31
M0012407,E008889,K10+,Episode start,2025-01-04,27
M0012408,E008889,K10+,Episode end,2025-07-16,28
M0012409,E008890,K10+,Episode start,2025-01-18,20
M0012410,E008893,K10+,Episode start,2025-01-07,29
M0012411,E008894,K10+,Episode start,2025-01-14,33
M0012412,E008895,K10+,Episode start,2025-01-09,26
M0012413,E008896,K10+,Episode start,2025-01-17,21
M0012414,E008898,K10+,Episode start,2025-01-12,32
M0012415,E008901,K10+,Episode start,2025-01-09,21
M0012416,E008902,K10+,Episode start,2025-01-15,24
M0012417,E008903,K10+,Episode start,2025-02-01,36
M0012418,E008904,K10+,Episode start,2025-01-13,25
M0012419,E008905,K10+,Episode start,2025-01-18,30
M0012420,E008906,K10+,Episode start,2025-01-18,31
M0012421,E008907,SDQ,Episode start,2025-01-23,15
M0012422,E008907,SDQ,Episode end,2025-03-12,11
M0012423,E008908,K10+,Episode start,2025-01-15,37
M0012424,E008909,K10+,Episode start,2025-01-25,39
M0012425,E008911,K10+,Episode start,2025-01-18,26
M0012426,E008911,K10+,Episode end,2025-03-24,23
M0012427,E008912,K10+,Episode start,2025-01-19,29
M0012428,E008913,K10+,Episode start,2025-01-29,32
M0012429,E008914,K10+,Episode start,2025-01-26,29
M0012430,E008914,K10+,Episode end,2025-04-27,27
M0012431,E008916,K10+,Episode start,2025-01-25,25
M0012432,E008917,K10+,Episode start,2025-02-07,27
M0012433,E008918,K10+,Episode start,2025-01-26,22
M0012434,E008919,K10+,Episode start,2025-01-28,21
M0012435,E008920,K10+,Episode start,2025-02-11,17
M0012436,E008921,K10+,Episode start,2025-01-25,28
M0012437,E008922,K10+,Episode start,2025-01-27,34
M0012438,E008923,K10+,Episode start,2025-01-25,40
M0012439,E008923,K10+,Episode end,2025-07-29,38
M0012440,E008924,K10+,Episode start,2025-02-16,25
M0012441,E008925,K10+,Episode start,2025-02-05,32
M0012442,E008926,K10+,Episode start,2025-02-02,34
M0012443,E008927,K10+,Episode start,2025-02-06,33
M0012444,E008928,K10+,Episode start,2025-02-14,33
M0012445,E008931,K10+,Episode start,2025-02-14,27
M0012446,E008933,K10+,Episode start,2025-02-08,26
M0012447,E008935,K10+,Episode start,2025-02-13,27
M0012448,E008936,K10+,Episode start,2025-02-07,29
M0012449,E008937,K10+,Episode start,2025-02-17,35
M0012450,E008938,K10+,Episode start,2025-02-11,27
M0012451,E008939,K10+,Episode start,2025-02-05,30
M0012452,E008940,K10+,Episode start,2025-02-09,32
M0012453,E008940,K10+,Episode end,2025-05-12,32
M0012454,E008941,K10+,Episode start,2025-02-07,18
M0012455,E008942,SDQ,Episode start,2025-02-06,27
M0012456,E008943,K10+,Episode start,2025-02-13,33
M0012457,E008944,K10+,Episode start,2025-02-13,22
M0012458,E008944,K10+,Episode end,2025-04-13,12
M0012459,E008945,K10+,Episode start,2025-02-12,27
M0012460,E008947,K10+,Episode start,2025-02-09,34
M0012461,E008948,K10+,Episode start,2025-02-07,17
M0012462,E008949,K10+,Episode start,2025-02-17,29
M0012463,E008951,K10+,Episode start,2025-02-12,30
M0012464,E008952,K10+,Episode start,2025-02-10,37
M0012465,E008953,K10+,Episode start,2025-02-10,29
M0012466,E008954,K10+,Episode start,2025-02-18,31
M0012467,E008955,K10+,Episode start,2025-02-13,50
M0012468,E008955,K10+,Episode end,2025-08-06,50
M0012469,E008956,K10+,Episode start,2025-02-13,30
M0012470,E008957,K10+,Episode start,2025-02-10,30
M0012471,E008958,K10+,Episode start,2025-03-20,26
M0012472,E008959,K10+,Episode start,2025-02-16,26
M0012473,E008960,K10+,Episode start,2025-02-13,21
M0012474,E008961,K10+,Episode start,2025-02-25,22
M0012475,E008962,K10+,Episode start,2025-02-26,39
M0012476,E008962,K10+,Episode end,2025-07-01,38
M0012477,E008963,K10+,Episode start,2025-03-05,32
M0012478,E008964,K10+,Episode start,2025-02-17,26
M0012479,E008966,K10+,Episode start,2025-02-23,27
M0012480,E008967,K10+,Episode start,2025-02-10,32
M0012481,E008968,K10+,Episode start,2025-03-02,32
M0012482,E008969,K10+,Episode start,2025-02-22,28
M0012483,E008970,K10+,Episode start,2025-03-01,37
M0012484,E008971,K10+,Episode start,2025-03-02,39
M0012485,E008972,K10+,Episode start,2025-02-20,23
M0012486,E008974,K10+,Episode start,2025-03-02,33
M0012487,E008975,SDQ,Episode start,2025-02-22,16
M0012488,E008976,K10+,Episode start,2025-03-01,21
M0012489,E008977,K10+,Episode start,2025-02-18,35
M0012490,E008978,K10+,Episode start,2025-02-25,38
M0012491,E008978,K10+,Episode end,2025-09-17,39
M0012492,E008979,K10+,Episode start,2025-03-05,38
M0012493,E008980,K10+,Episode start,2025-02-27,34
M0012494,E008981,K10+,Episode start,2025-03-01,25
M0012495,E008982,K10+,Episode end,2025-08-18,18
M0012496,E008983,K10+,Episode start,2025-02-22,32
M0012497,E008984,K10+,Episode start,2025-02-22,24
M0012498,E008984,K10+,Episode end,2025-06-21,20
M0012499,E008985,K10+,Episode start,2025-02-23,31
M0012500,E008986,K10+,Episode start,2025-03-02,34
M0012501,E008987,K10+,Episode start,2025-02-27,34
M0012502,E008988,K10+,Episode start,2025-03-01,38
M0012503,E008988,K10+,Episode end,2025-04-28,40
M0012504,E008990,K10+,Episode start,2025-02-23,23
M0012505,E008990,K10+,Episode end,2025-07-04,10
M0012506,E008991,K10+,Episode start,2025-03-03,30
M0012507,E008992,K10+,Episode start,2025-03-11,20
M0012508,E008993,K10+,Episode end,2025-05-20,19
M0012509,E008994,K10+,Episode start,2025-03-02,30
M0012510,E008995,K10+,Episode start,2025-03-04,32
M0012511,E008996,K10+,Episode start,2025-03-01,41
M0012512,E008997,K10+,Episode start,2025-03-09,43
M0012513,E008998,K10+,Episode start,2025-03-15,30
M0012514,E008999,K10+,Episode start,2025-02-27,24
M0012515,E009000,K10+,Episode start,2025-02-28,29
M0012516,E009001,K10+,Episode start,2025-05-02,34
M0012517,E009002,SDQ,Episode start,2025-03-09,21
M0012518,E009003,K10+,Episode start,2025-03-14,30
M0012519,E009004,K10+,Episode start,2025-03-09,34
M0012520,E009004,K10+,Episode end,2025-06-08,17
M0012521,E009005,K10+,Episode start,2025-03-19,39
M0012522,E009006,K10+,Episode start,2025-03-08,27
M0012523,E009007,K10+,Episode start,2025-03-14,35
M0012524,E009008,SDQ,Episode start,2025-03-11,15
M0012525,E009010,K10+,Episode start,2025-03-23,35
M0012526,E009010,K10+,Episode end,2025-08-12,32
M0012527,E009011,K10+,Episode start,2025-03-10,38
M0012528,E009012,K10+,Episode start,2025-04-11,26
M0012529,E009013,K10+,Episode start,2025-03-08,33
M0012530,E009014,K10+,Episode start,2025-03-08,30
M0012531,E009015,K10+,Episode start,2025-03-07,28
M0012532,E009016,K10+,Episode start,2025-04-23,31
M0012533,E009017,K10+,Episode start,2025-03-11,42
M0012534,E009018,K10+,Episode start,2025-03-22,21
M0012535,E009019,K10+,Episode start,2025-03-12,27
M0012536,E009019,K10+,Episode end,2025-06-14,24
M0012537,E009020,K10+,Episode start,2025-03-13,38
M0012538,E009020,K10+,Episode end,2025-06-11,35
M0012539,E009021,K10+,Episode start,2025-03-08,32
M0012540,E009022,K10+,Episode start,2025-03-20,30
M0012541,E009023,K10+,Episode start,2025-03-14,29
M0012542,E009025,K10+,Episode start,2025-03-14,32
M0012543,E009025,K10+,Episode end,2025-07-12,30
M0012544,E009027,K10+,Episode start,2025-03-14,28
M0012545,E009027,K10+,Episode end,2025-08-13,24
M0012546,E009028,K10+,Episode start,2025-03-20,33
M0012547,E009028,K10+,Episode end,2025-07-26,29
M0012548,E009030,K10+,Episode start,2025-03-28,39
M0012549,E009031,K10+,Episode start,2025-03-22,27
M0012550,E009032,K10+,Episode start,2025-03-23,37
M0012551,E009033,K10+,Episode start,2025-03-31,41
M0012552,E009034,K10+,Episode start,2025-04-01,31
M0012553,E009034,K10+,Episode end,2025-06-25,30
M0012554,E009035,K10+,Episode start,2025-03-17,30
M0012555,E009036,K10+,Episode start,2025-03-31,28
M0012556,E009037,K10+,Episode start,2025-04-05,36
M0012557,E009038,K10+,Episode start,2025-03-21,29
M0012558,E009039,K10+,Episode start,2025-04-01,32
M0012559,E009040,K10+,Episode start,2025-04-02,30
M0012560,E009040,K10+,Episode end,2025-08-20,19
M0012561,E009041,K10+,Episode start,2025-03-27,47
M0012562,E009042,K10+,Episode start,2025-03-26,31
M0012563,E009043,K10+,Episode start,2025-03-26,36
M0012564,E009043,K10+,Episode end,2025-06-07,18
M0012565,E009044,K10+,Episode start,2025-03-28,42
M0012566,E009046,K10+,Episode start,2025-03-31,29
M0012567,E009046,K10+,Episode end,2025-06-23,21
M0012568,E009047,K10+,Episode start,2025-04-16,25
M0012569,E009048,K10+,Episode start,2025-03-27,37
M0012570,E009049,K10+,Episode start,2025-04-02,45
M0012571,E009050,K10+,Episode end,2025-06-11,28
M0012572,E009051,K10+,Episode start,2025-04-01,27
M0012573,E009052,K10+,Episode start,2025-04-07,33
M0012574,E009053,K10+,Episode start,2025-04-08,29
M0012575,E009054,K10+,Episode start,2025-04-14,33
M0012576,E009054,K10+,Episode end,2025-08-24,31
M0012577,E009055,K10+,Episode start,2025-04-03,27
M0012578,E009055,K10+,Episode end,2025-08-30,25
M0012579,E009056,K10+,Episode start,2025-04-03,32
M0012580,E009056,K10+,Episode end,2025-10-06,20
M0012581,E009057,K10+,Episode start,2025-04-28,37
M0012582,E009058,K10+,Episode start,2025-04-04,36
M0012583,E009058,K10+,Episode end,2025-08-23,28
M0012584,E009059,K10+,Episode start,2025-04-02,40
M0012585,E009060,K10+,Episode start,2025-04-10,38
M0012586,E009061,K10+,Episode start,2025-04-05,35
M0012587,E009062,K10+,Episode start,2025-04-05,28
M0012588,E009063,K10+,Episode start,2025-04-03,18
M0012589,E009064,K10+,Episode start,2025-04-02,36
M0012590,E009065,SDQ,Episode start,2025-04-01,16
M0012591,E009065,SDQ,Episode end,2025-09-09,13
M0012592,E009066,K10+,Episode start,2025-03-31,38
M0012593,E009066,K10+,Episode end,2025-07-27,32
M0012594,E009067,K10+,Episode start,2025-04-03,36
M0012595,E009068,K10+,Episode start,2025-04-22,26
M0012596,E009068,K10+,Episode end,2025-07-14,10
M0012597,E009069,K10+,Episode start,2025-04-15,17
M0012598,E009070,K10+,Episode start,2025-04-09,21
M0012599,E009071,SDQ,Episode start,2025-04-10,25
M0012600,E009072,K10+,Episode start,2025-04-05,34
M0012601,E009073,K10+,Episode start,2025-04-12,32
M0012602,E009074,K10+,Episode start,2025-04-29,32
M0012603,E009075,K10+,Episode start,2025-04-14,42
M0012604,E009076,K10+,Episode start,2025-04-15,24
M0012605,E009077,K10+,Episode start,2025-04-07,35
M0012606,E009079,K10+,Episode start,2025-04-25,26
M0012607,E009080,K10+,Episode start,2025-04-11,42
M0012608,E009081,K10+,Episode start,2025-04-11,33
M0012609,E009082,K10+,Episode start,2025-04-15,34
M0012610,E009082,K10+,Episode end,2025-10-25,34
M0012611,E009083,K10+,Episode start,2025-04-28,29
M0012612,E009084,K10+,Episode start,2025-04-27,38
M0012613,E009085,K10+,Episode start,2025-04-15,32
M0012614,E009086,K10+,Episode start,2025-04-18,26
M0012615,E009087,K10+,Episode start,2025-04-14,38
M0012616,E009088,K10+,Episode start,2025-04-20,21
M0012617,E009089,K10+,Episode start,2025-04-20,32
M0012618,E009090,K10+,Episode start,2025-04-22,27
M0012619,E009091,K10+,Episode start,2025-04-27,30
M0012620,E009091,K10+,Episode end,2025-08-23,27
M0012621,E009092,K10+,Episode start,2025-05-01,21
M0012622,E009093,K10+,Episode start,2025-05-05,33
M0012623,E009093,K10+,Episode end,2025-08-22,35
M0012624,E009094,K10+,Episode start,2025-05-02,35
M0012625,E009095,K10+,Episode start,2025-04-24,30
M0012626,E009096,K10+,Episode start,2025-04-24,40
M0012627,E009097,K10+,Episode start,2025-05-01,30
M0012628,E009097,K10+,Episode end,2025-10-24,18
M0012629,E009098,K10+,Episode start,2025-05-20,39
M0012630,E009099,K10+,Episode start,2025-05-07,41
M0012631,E009099,K10+,Episode end,2025-08-29,36
M0012632,E009100,K10+,Episode end,2025-07-24,17
M0012633,E009102,SDQ,Episode start,2025-05-19,17
M0012634,E009103,K10+,Episode start,2025-05-04,37
M0012635,E009104,K10+,Episode start,2025-05-06,30
M0012636,E009105,K10+,Episode start,2025-05-10,37
M0012637,E009106,K10+,Episode start,2025-04-29,34
M0012638,E009106,K10+,Episode end,2025-07-14,27
M0012639,E009107,K10+,Episode start,2025-06-10,22
M0012640,E009108,K10+,Episode start,2025-04-30,20
M0012641,E009109,K10+,Episode start,2025-05-13,28
M0012642,E009109,K10+,Episode end,2026-01-01,27
M0012643,E009110,SDQ,Episode start,2025-05-13,14
M0012644,E009110,SDQ,Episode end,2025-08-04,8
M0012645,E009111,K10+,Episode start,2025-05-06,36
M0012646,E009112,K10+,Episode start,2025-05-09,42
M0012647,E009113,K10+,Episode start,2025-05-13,39
M0012648,E009114,K10+,Episode start,2025-05-10,36
M0012649,E009115,K10+,Episode start,2025-05-07,35
M0012650,E009116,K10+,Episode start,2025-05-03,33
M0012651,E009117,SDQ,Episode start,2025-05-16,19
M0012652,E009117,SDQ,Episode end,2025-10-28,11
M0012653,E009118,K10+,Episode start,2025-05-26,26
M0012654,E009120,K10+,Episode start,2025-05-11,20
M0012655,E009121,K10+,Episode start,2025-05-18,30
M0012656,E009121,K10+,Episode end,2025-08-17,32
M0012657,E009122,K10+,Episode start,2025-05-09,39
M0012658,E009123,K10+,Episode start,2025-05-24,25
M0012659,E009123,K10+,Episode end,2025-06-30,22
M0012660,E009124,K10+,Episode start,2025-05-27,25
M0012661,E009125,K10+,Episode start,2025-06-02,23
M0012662,E009125,K10+,Episode end,2025-11-05,25
M0012663,E009126,K10+,Episode start,2025-05-08,36
M0012664,E009127,K10+,Episode start,2025-05-08,29
M0012665,E009128,K10+,Episode start,2025-05-17,24
M0012666,E009129,K10+,Episode start,2025-05-10,30
M0012667,E009130,K10+,Episode start,2025-05-11,22
M0012668,E009131,K10+,Episode start,2025-05-13,21
M0012669,E009132,K10+,Episode start,2025-05-12,39
M0012670,E009132,K10+,Episode end,2025-09-24,39
M0012671,E009133,K10+,Episode start,2025-05-19,27
M0012672,E009134,K10+,Episode start,2025-06-04,33
M0012673,E009135,K10+,Episode start,2025-06-11,35
M0012674,E009136,K10+,Episode start,2025-05-15,31
M0012675,E009137,K10+,Episode start,2025-06-01,32
M0012676,E009139,K10+,Episode start,2025-05-14,30
M0012677,E009140,K10+,Episode start,2025-06-02,32
M0012678,E009141,K10+,Episode start,2025-05-16,29
M0012679,E009142,K10+,Episode start,2025-05-29,28
M0012680,E009143,K10+,Episode start,2025-05-20,32
M0012681,E009143,K10+,Episode end,2025-08-24,30
M0012682,E009145,K10+,Episode start,2025-05-23,28
M0012683,E009145,K10+,Episode end,2025-08-04,29
M0012684,E009146,K10+,Episode start,2025-05-30,32
M0012685,E009147,K10+,Episode start,2025-05-16,38
M0012686,E009149,K10+,Episode start,2025-06-07,43
M0012687,E009150,K10+,Episode start,2025-05-27,41
M0012688,E009151,K10+,Episode start,2025-05-26,35
M0012689,E009152,K10+,Episode start,2025-05-24,28
M0012690,E009153,K10+,Episode start,2025-05-18,33
M0012691,E009154,K10+,Episode start,2025-06-15,26
M0012692,E009155,K10+,Episode start,2025-05-20,38
M0012693,E009156,K10+,Episode start,2025-05-17,33
M0012694,E009157,K10+,Episode start,2025-05-31,28
M0012695,E009158,K10+,Episode start,2025-06-09,29
M0012696,E009159,K10+,Episode start,2025-07-23,40
M0012697,E009161,K10+,Episode start,2025-06-14,31
M0012698,E009162,K10+,Episode start,2025-05-20,28
M0012699,E009163,K10+,Episode start,2025-05-31,37
M0012700,E009164,K10+,Episode start,2025-05-27,19
M0012701,E009165,K10+,Episode start,2025-05-26,40
M0012702,E009165,K10+,Episode end,2025-10-22,37
M0012703,E009166,K10+,Episode start,2025-06-08,35
M0012704,E009166,K10+,Episode end,2025-09-22,31
M0012705,E009167,K10+,Episode end,2025-12-07,29
M0012706,E009168,K10+,Episode start,2025-06-07,29
M0012707,E009169,K10+,Episode start,2025-06-26,15
M0012708,E009170,K10+,Episode start,2025-06-13,28
M0012709,E009170,K10+,Episode end,2025-08-29,12
M0012710,E009171,K10+,Episode start,2025-06-13,29
M0012711,E009172,K10+,Episode start,2025-06-02,28
M0012712,E009173,K10+,Episode start,2025-06-04,28
M0012713,E009173,K10+,Episode end,2026-01-01,23
M0012714,E009175,K10+,Episode start,2025-06-18,30
M0012715,E009176,K10+,Episode start,2025-05-28,34
M0012716,E009177,K10+,Episode start,2025-06-16,33
M0012717,E009178,K10+,Episode start,2025-05-30,40
M0012718,E009179,K10+,Episode start,2025-06-03,34
M0012719,E009180,K10+,Episode start,2025-05-30,23
M0012720,E009181,K10+,Episode start,2025-06-21,28
M0012721,E009182,K10+,Episode start,2025-06-04,35
M0012722,E009182,K10+,Episode end,2025-06-27,34
M0012723,E009183,K10+,Episode start,2025-05-28,39
M0012724,E009184,K10+,Episode start,2025-06-01,29
M0012725,E009184,K10+,Episode end,2025-10-29,25
M0012726,E009185,K10+,Episode start,2025-06-01,28
M0012727,E009185,K10+,Episode end,2025-10-02,19
M0012728,E009187,K10+,Episode start,2025-05-31,29
M0012729,E009188,K10+,Episode start,2025-06-27,25
M0012730,E009188,K10+,Episode end,2025-09-12,22
M0012731,E009189,K10+,Episode start,2025-05-29,26
M0012732,E009190,K10+,Episode start,2025-06-07,35
M0012733,E009191,K10+,Episode start,2025-06-09,30
M0012734,E009192,K10+,Episode start,2025-06-03,30
M0012735,E009193,K10+,Episode start,2025-06-10,47
M0012736,E009195,K10+,Episode start,2025-06-24,38
M0012737,E009195,K10+,Episode end,2025-09-29,26
M0012738,E009196,K10+,Episode start,2025-06-09,35
M0012739,E009197,K10+,Episode start,2025-06-11,36
M0012740,E009198,K10+,Episode start,2025-06-13,33
M0012741,E009198,K10+,Episode end,2025-12-21,28
M0012742,E009200,K10+,Episode start,2025-06-27,32
M0012743,E009201,K10+,Episode start,2025-06-12,39
M0012744,E009202,K10+,Episode start,2025-06-15,36
M0012745,E009203,K10+,Episode start,2025-06-20,28
M0012746,E009203,K10+,Episode end,2025-08-07,26
M0012747,E009204,K10+,Episode start,2025-06-21,31
M0012748,E009205,K10+,Episode start,2025-06-23,40
M0012749,E009206,K10+,Episode start,2025-06-23,34
M0012750,E009207,K10+,Episode start,2025-06-18,34
M0012751,E009208,K10+,Episode start,2025-06-25,32
M0012752,E009208,K10+,Episode end,2025-08-23,27
M0012753,E009209,K10+,Episode start,2025-06-17,28
M0012754,E009209,K10+,Episode end,2025-09-04,25
M0012755,E009210,K10+,Episode start,2025-06-20,29
M0012756,E009210,K10+,Episode end,2025-12-19,24
M0012757,E009211,K10+,Episode start,2025-06-28,29
M0012758,E009212,K10+,Episode start,2025-06-22,33
M0012759,E009214,K10+,Episode start,2025-06-16,32
M0012760,E009215,K10+,Episode start,2025-06-19,32
M0012761,E009216,K10+,Episode start,2025-06-21,26
M0012762,E009217,K10+,Episode start,2025-06-15,16
M0012763,E009218,K10+,Episode start,2025-07-01,28
M0012764,E009219,K10+,Episode start,2025-06-26,33
M0012765,E009219,K10+,Episode end,2025-09-15,21
M0012766,E009220,K10+,Episode start,2025-06-27,40
M0012767,E009221,K10+,Episode start,2025-06-25,23
M0012768,E009221,K10+,Episode end,2025-11-02,26
M0012769,E009222,K10+,Episode start,2025-06-26,27
M0012770,E009223,SDQ,Episode start,2025-07-07,22
M0012771,E009224,K10+,Episode start,2025-07-05,35
M0012772,E009225,K10+,Episode end,2025-08-01,14
M0012773,E009226,K10+,Episode start,2025-07-06,33
M0012774,E009226,K10+,Episode end,2025-09-12,21
M0012775,E009227,K10+,Episode start,2025-06-24,40
M0012776,E009228,K10+,Episode start,2025-07-04,40
M0012777,E009229,K10+,Episode start,2025-06-24,31
M0012778,E009231,K10+,Episode start,2025-06-22,26
M0012779,E009232,K10+,Episode start,2025-07-04,37
M0012780,E009233,K10+,Episode start,2025-07-05,28
M0012781,E009233,K10+,Episode end,2025-11-07,23
M0012782,E009234,K10+,Episode start,2025-06-27,23
M0012783,E009235,K10+,Episode start,2025-07-04,26
M0012784,E009236,K10+,Episode start,2025-07-01,29
M0012785,E009237,SDQ,Episode start,2025-07-04,19
M0012786,E009239,K10+,Episode start,2025-07-05,35
M0012787,E009240,K10+,Episode start,2025-07-03,34
M0012788,E009243,K10+,Episode start,2025-07-07,33
M0012789,E009244,K10+,Episode start,2025-07-14,20
M0012790,E009245,K10+,Episode start,2025-07-09,28
M0012791,E009245,K10+,Episode end,2025-08-11,23
M0012792,E009246,K10+,Episode start,2025-07-08,30
M0012793,E009247,K10+,Episode start,2025-07-12,33
M0012794,E009248,K10+,Episode start,2025-07-14,25
M0012795,E009250,K10+,Episode start,2025-07-09,42
M0012796,E009251,K10+,Episode start,2025-07-28,28
M0012797,E009252,K10+,Episode start,2025-07-26,21
M0012798,E009253,K10+,Episode start,2025-07-14,26
M0012799,E009255,K10+,Episode start,2025-07-28,26
M0012800,E009256,K10+,Episode start,2025-08-06,30
M0012801,E009257,K10+,Episode start,2025-07-26,24
M0012802,E009257,K10+,Episode end,2025-09-10,28
M0012803,E009258,K10+,Episode start,2025-07-16,31
M0012804,E009259,K10+,Episode end,2026-04-13,22
M0012805,E009260,K10+,Episode start,2025-07-27,24
M0012806,E009261,K10+,Episode start,2025-07-18,33
M0012807,E009262,K10+,Episode start,2025-07-20,32
M0012808,E009263,K10+,Episode start,2025-07-22,36
M0012809,E009263,K10+,Episode end,2025-11-30,29
M0012810,E009264,K10+,Episode start,2025-07-20,26
M0012811,E009265,K10+,Episode start,2025-08-28,34
M0012812,E009266,K10+,Episode start,2025-07-26,31
M0012813,E009267,K10+,Episode start,2025-07-31,26
M0012814,E009267,K10+,Episode end,2025-12-05,16
M0012815,E009268,K10+,Episode start,2025-07-26,31
M0012816,E009268,K10+,Episode end,2025-09-29,28
M0012817,E009269,K10+,Episode start,2025-07-27,31
M0012818,E009270,K10+,Episode start,2025-08-13,35
M0012819,E009271,K10+,Episode start,2025-09-06,31
M0012820,E009273,K10+,Episode start,2025-08-18,33
M0012821,E009274,SDQ,Episode start,2025-08-03,16
M0012822,E009274,SDQ,Episode end,2025-09-18,11
M0012823,E009275,K10+,Episode start,2025-08-12,22
M0012824,E009276,K10+,Episode start,2025-08-10,33
M0012825,E009277,K10+,Episode start,2025-07-28,35
M0012826,E009277,K10+,Episode end,2025-09-30,21
M0012827,E009278,K10+,Episode start,2025-07-31,37
M0012828,E009279,K10+,Episode start,2025-08-14,15
M0012829,E009280,K10+,Episode start,2025-08-02,31
M0012830,E009280,K10+,Episode end,2026-01-08,22
M0012831,E009281,K10+,Episode start,2025-07-30,30
M0012832,E009281,K10+,Episode end,2025-09-03,28
M0012833,E009282,K10+,Episode start,2025-08-06,28
M0012834,E009283,K10+,Episode start,2025-08-13,39
M0012835,E009284,K10+,Episode start,2025-08-21,32
M0012836,E009285,K10+,Episode start,2025-08-26,30
M0012837,E009286,K10+,Episode start,2025-08-28,45
M0012838,E009287,K10+,Episode start,2025-08-20,28
M0012839,E009288,K10+,Episode start,2025-08-07,26
M0012840,E009289,K10+,Episode start,2025-08-12,35
M0012841,E009290,K10+,Episode start,2025-08-12,39
M0012842,E009291,K10+,Episode start,2025-08-16,31
M0012843,E009292,K10+,Episode start,2025-08-28,26
M0012844,E009293,K10+,Episode start,2025-09-04,23
M0012845,E009294,K10+,Episode start,2025-08-12,35
M0012846,E009295,K10+,Episode start,2025-08-12,25
M0012847,E009295,K10+,Episode end,2025-10-18,29
M0012848,E009296,K10+,Episode start,2025-08-12,28
M0012849,E009298,K10+,Episode start,2025-08-21,28
M0012850,E009299,K10+,Episode start,2025-08-20,24
M0012851,E009302,K10+,Episode start,2025-08-31,26
M0012852,E009304,K10+,Episode start,2025-08-26,37
M0012853,E009306,K10+,Episode start,2025-09-02,43
M0012854,E009306,K10+,Episode end,2025-12-02,33
M0012855,E009307,K10+,Episode start,2025-08-25,27
M0012856,E009307,K10+,Episode end,2026-01-28,22
M0012857,E009308,K10+,Episode start,2025-08-27,33
M0012858,E009308,K10+,Episode end,2026-01-12,33
M0012859,E009310,K10+,Episode start,2025-08-24,35
M0012860,E009311,K10+,Episode start,2025-08-29,41
M0012861,E009312,K10+,Episode start,2025-08-27,27
M0012862,E009313,K10+,Episode start,2025-09-07,25
M0012863,E009314,K10+,Episode start,2025-08-29,47
M0012864,E009315,K10+,Episode start,2025-08-28,24
M0012865,E009316,K10+,Episode start,2025-09-13,34
M0012866,E009318,K10+,Episode start,2025-08-30,29
M0012867,E009318,K10+,Episode end,2025-10-29,16
M0012868,E009319,K10+,Episode start,2025-09-16,22
M0012869,E009320,K10+,Episode start,2025-09-05,32
M0012870,E009321,K10+,Episode start,2025-09-03,27
M0012871,E009322,K10+,Episode start,2025-09-02,27
M0012872,E009322,K10+,Episode end,2026-02-08,21
M0012873,E009324,K10+,Episode start,2025-09-02,20
M0012874,E009325,K10+,Episode start,2025-09-09,33
M0012875,E009326,K10+,Episode start,2025-09-01,41
M0012876,E009327,K10+,Episode start,2025-09-15,33
M0012877,E009327,K10+,Episode end,2026-06-18,12
M0012878,E009328,K10+,Episode start,2025-09-12,26
M0012879,E009329,K10+,Episode start,2025-09-11,24
M0012880,E009329,K10+,Episode end,2026-02-20,31
M0012881,E009330,K10+,Episode start,2025-09-11,28
M0012882,E009330,K10+,Episode end,2026-03-01,26
M0012883,E009332,K10+,Episode start,2025-09-07,30
M0012884,E009333,K10+,Episode start,2025-09-06,27
M0012885,E009334,K10+,Episode start,2025-09-08,41
M0012886,E009337,K10+,Episode start,2025-09-09,28
M0012887,E009338,SDQ,Episode start,2025-09-12,21
M0012888,E009339,SDQ,Episode start,2025-10-13,21
M0012889,E009340,K10+,Episode start,2025-09-15,32
M0012890,E009341,K10+,Episode start,2025-09-09,29
M0012891,E009342,K10+,Episode start,2025-09-18,38
M0012892,E009343,K10+,Episode start,2025-09-17,24
M0012893,E009344,K10+,Episode start,2025-10-03,29
M0012894,E009345,K10+,Episode start,2025-09-24,21
M0012895,E009346,K10+,Episode start,2025-09-18,32
M0012896,E009346,K10+,Episode end,2025-10-23,27
M0012897,E009347,K10+,Episode start,2025-09-16,19
M0012898,E009348,K10+,Episode start,2025-09-20,35
M0012899,E009349,K10+,Episode start,2025-09-22,36
M0012900,E009350,K10+,Episode start,2025-09-18,27
M0012901,E009351,K10+,Episode start,2025-10-03,26
M0012902,E009351,K10+,Episode end,2025-11-18,26
M0012903,E009352,K10+,Episode start,2025-09-23,29
M0012904,E009353,K10+,Episode start,2025-09-28,37
M0012905,E009354,K10+,Episode start,2025-09-24,30
M0012906,E009355,K10+,Episode start,2025-09-28,24
M0012907,E009356,K10+,Episode start,2025-10-04,31
M0012908,E009357,K10+,Episode start,2025-09-23,29
M0012909,E009358,K10+,Episode start,2025-10-02,37
M0012910,E009359,K10+,Episode start,2025-10-05,32
M0012911,E009359,K10+,Episode end,2026-01-15,18
M0012912,E009360,K10+,Episode start,2025-10-13,27
M0012913,E009361,K10+,Episode start,2025-09-28,34
M0012914,E009362,K10+,Episode start,2025-10-01,37
M0012915,E009363,K10+,Episode start,2025-10-05,30
M0012916,E009364,K10+,Episode start,2025-10-14,28
M0012917,E009365,K10+,Episode start,2025-09-30,26
M0012918,E009366,K10+,Episode start,2025-10-05,39
M0012919,E009368,K10+,Episode start,2025-09-29,32
M0012920,E009368,K10+,Episode end,2025-11-08,33
M0012921,E009369,K10+,Episode start,2025-10-06,28
M0012922,E009369,K10+,Episode end,2026-02-22,16
M0012923,E009371,K10+,Episode start,2025-10-03,35
M0012924,E009372,K10+,Episode end,2026-05-30,18
M0012925,E009373,K10+,Episode start,2025-10-08,40
M0012926,E009374,K10+,Episode start,2025-10-14,30
M0012927,E009374,K10+,Episode end,2026-01-28,30
M0012928,E009375,SDQ,Episode start,2025-10-10,23
M0012929,E009377,K10+,Episode start,2025-10-22,18
M0012930,E009378,K10+,Episode start,2025-11-23,37
M0012931,E009379,K10+,Episode start,2025-10-27,30
M0012932,E009380,K10+,Episode start,2025-10-15,41
M0012933,E009381,K10+,Episode start,2025-11-06,21
M0012934,E009382,K10+,Episode start,2025-10-18,33
M0012935,E009383,K10+,Episode start,2025-10-16,30
M0012936,E009383,K10+,Episode end,2025-12-04,28
M0012937,E009384,K10+,Episode start,2025-10-21,37
M0012938,E009385,K10+,Episode start,2025-10-21,37
M0012939,E009385,K10+,Episode end,2026-04-06,25
M0012940,E009386,K10+,Episode start,2025-10-18,27
M0012941,E009387,K10+,Episode start,2025-10-19,35
M0012942,E009388,K10+,Episode start,2025-10-31,39
M0012943,E009389,K10+,Episode start,2025-10-14,30
M0012944,E009391,K10+,Episode start,2025-10-19,28
M0012945,E009392,K10+,Episode start,2025-10-24,34
M0012946,E009393,K10+,Episode start,2025-10-17,32
M0012947,E009393,K10+,Episode end,2025-11-19,12
M0012948,E009394,K10+,Episode start,2025-10-26,36
M0012949,E009394,K10+,Episode end,2026-01-01,36
M0012950,E009396,K10+,Episode start,2025-10-17,36
M0012951,E009397,K10+,Episode start,2025-10-22,24
M0012952,E009398,K10+,Episode start,2025-10-27,24
M0012953,E009398,K10+,Episode end,2026-03-12,10
M0012954,E009399,K10+,Episode start,2025-10-25,44
M0012955,E009400,K10+,Episode start,2025-10-27,22
M0012956,E009400,K10+,Episode end,2026-01-05,23
M0012957,E009401,K10+,Episode start,2025-11-03,36
M0012958,E009402,K10+,Episode start,2025-10-23,33
M0012959,E009403,K10+,Episode start,2025-11-06,33
M0012960,E009404,K10+,Episode start,2025-11-30,36
M0012961,E009404,K10+,Episode end,2026-05-09,29
M0012962,E009405,K10+,Episode start,2025-10-25,22
M0012963,E009407,K10+,Episode start,2025-11-01,31
M0012964,E009408,K10+,Episode start,2025-10-30,45
M0012965,E009409,K10+,Episode start,2025-10-30,34
M0012966,E009410,K10+,Episode start,2025-11-10,25
M0012967,E009411,K10+,Episode start,2025-12-23,23
M0012968,E009412,K10+,Episode start,2025-11-06,31
M0012969,E009413,K10+,Episode start,2025-11-02,27
M0012970,E009413,K10+,Episode end,2026-02-10,30
M0012971,E009414,K10+,Episode start,2025-11-25,33
M0012972,E009415,K10+,Episode start,2025-11-03,26
M0012973,E009415,K10+,Episode end,2026-01-27,29
M0012974,E009416,K10+,Episode start,2025-12-05,32
M0012975,E009418,K10+,Episode start,2025-11-06,19
M0012976,E009418,K10+,Episode end,2026-04-29,15
M0012977,E009419,K10+,Episode start,2025-11-27,31
M0012978,E009419,K10+,Episode end,2025-12-31,23
M0012979,E009421,K10+,Episode start,2025-11-11,41
M0012980,E009422,K10+,Episode start,2025-11-23,36
M0012981,E009423,K10+,Episode start,2025-11-18,34
M0012982,E009424,K10+,Episode start,2025-11-13,41
M0012983,E009425,K10+,Episode start,2025-11-08,30
M0012984,E009427,K10+,Episode start,2025-11-12,23
M0012985,E009428,K10+,Episode start,2025-11-23,38
M0012986,E009429,K10+,Episode start,2025-11-13,34
M0012987,E009430,K10+,Episode start,2025-11-11,34
M0012988,E009431,K10+,Episode start,2025-11-13,30
M0012989,E009432,K10+,Episode start,2025-12-20,24
M0012990,E009433,K10+,Episode start,2025-11-23,30
M0012991,E009434,K10+,Episode start,2025-11-18,36
M0012992,E009434,K10+,Episode end,2026-01-05,33
M0012993,E009435,SDQ,Episode start,2025-11-23,23
M0012994,E009435,SDQ,Episode end,2026-03-24,16
M0012995,E009436,K10+,Episode start,2025-11-26,28
M0012996,E009437,K10+,Episode start,2025-11-26,31
M0012997,E009438,K10+,Episode start,2025-11-27,28
M0012998,E009439,K10+,Episode start,2025-11-25,29
M0012999,E009440,K10+,Episode start,2025-11-25,30
M0013000,E009440,K10+,Episode end,2025-12-25,29
M0013001,E009441,K10+,Episode start,2025-11-27,31
M0013002,E009441,K10+,Episode end,2026-02-07,39
M0013003,E009442,K10+,Episode start,2025-11-23,36
M0013004,E009443,K10+,Episode start,2025-11-30,26
M0013005,E009445,K10+,Episode start,2025-11-26,31
M0013006,E009445,K10+,Episode end,2026-01-26,28
M0013007,E009446,K10+,Episode start,2025-11-23,29
M0013008,E009447,K10+,Episode start,2025-11-24,30
M0013009,E009447,K10+,Episode end,2026-05-22,31
M0013010,E009448,K10+,Episode start,2025-11-27,27
M0013011,E009449,K10+,Episode start,2025-11-29,34
M0013012,E009450,K10+,Episode start,2025-11-24,28
M0013013,E009451,K10+,Episode start,2025-11-24,32
M0013014,E009452,K10+,Episode start,2025-11-28,30
M0013015,E009453,K10+,Episode start,2025-12-24,33
M0013016,E009454,K10+,Episode start,2025-11-23,36
M0013017,E009455,K10+,Episode start,2025-11-30,49
M0013018,E009457,K10+,Episode start,2025-12-01,32
M0013019,E009457,K10+,Episode end,2026-01-15,27
M0013020,E009458,K10+,Episode start,2025-12-31,25
M0013021,E009459,K10+,Episode start,2025-12-03,21
M0013022,E009459,K10+,Episode end,2026-05-04,16
M0013023,E009461,K10+,Episode start,2025-12-14,28
M0013024,E009461,K10+,Episode end,2026-05-07,20
M0013025,E009462,K10+,Episode start,2025-12-02,40
M0013026,E009463,K10+,Episode start,2025-12-03,27
M0013027,E009464,K10+,Episode start,2025-12-17,39
M0013028,E009465,K10+,Episode start,2025-12-04,35
M0013029,E009466,K10+,Episode start,2025-12-08,37
M0013030,E009466,K10+,Episode end,2026-03-31,20
M0013031,E009467,K10+,Episode start,2025-12-06,36
M0013032,E009468,K10+,Episode start,2025-12-26,30
M0013033,E009469,K10+,Episode start,2025-12-22,35
M0013034,E009470,K10+,Episode start,2025-12-18,38
M0013035,E009470,K10+,Episode end,2026-04-06,30
M0013036,E009471,K10+,Episode start,2025-12-07,39
M0013037,E009471,K10+,Episode end,2026-03-30,26
M0013038,E009472,K10+,Episode start,2025-12-05,36
M0013039,E009472,K10+,Episode end,2026-02-22,22
M0013040,E009473,K10+,Episode start,2025-12-11,25
M0013041,E009474,K10+,Episode start,2025-12-17,33
M0013042,E009475,K10+,Episode start,2025-12-17,30
M0013043,E009476,K10+,Episode start,2025-12-29,26
M0013044,E009477,K10+,Episode start,2025-12-13,16
M0013045,E009478,K10+,Episode start,2025-12-26,33
M0013046,E009479,K10+,Episode start,2025-12-23,23
M0013047,E009480,K10+,Episode start,2025-12-18,25
M0013048,E009481,K10+,Episode start,2025-12-12,23
M0013049,E009482,K10+,Episode start,2025-12-21,38
M0013050,E009483,K10+,Episode start,2025-12-19,31
M0013051,E009484,K10+,Episode start,2025-12-24,44
M0013052,E009485,K10+,Episode start,2026-01-10,39
M0013053,E009486,K10+,Episode start,2025-12-31,27
M0013054,E009487,SDQ,Episode start,2025-12-19,28
M0013055,E009488,K10+,Episode start,2026-01-08,33
M0013056,E009489,K10+,Episode start,2025-12-28,24
M0013057,E009490,K10+,Episode start,2025-12-28,38
M0013058,E009490,K10+,Episode end,2026-01-20,38
M0013059,E009491,SDQ,Episode start,2025-12-23,30
M0013060,E009492,K10+,Episode start,2026-01-08,41
M0013061,E009493,K10+,Episode start,2025-12-30,46
M0013062,E009495,K10+,Episode start,2025-12-29,35
M0013063,E009496,K10+,Episode start,2025-12-23,44
M0013064,E009497,K10+,Episode start,2025-12-30,20
M0013065,E009497,K10+,Episode end,2026-03-21,21
M0013066,E009498,K10+,Episode start,2026-01-03,27
M0013067,E009499,K10+,Episode start,2026-01-08,34
M0013068,E009500,K10+,Episode start,2025-12-29,25
M0013069,E009501,K10+,Episode start,2025-12-31,38
M0013070,E009502,K10+,Episode start,2026-01-01,28
M0013071,E009503,K10+,Episode end,2026-04-07,17
M0013072,E009504,K10+,Episode start,2025-12-25,33
M0013073,E009504,K10+,Episode end,2026-01-28,33
M0013074,E009505,K10+,Episode start,2025-12-29,37
M0013075,E009506,SDQ,Episode start,2026-01-01,20
M0013076,E009507,K10+,Episode start,2026-01-04,27
M0013077,E009508,K10+,Episode start,2026-01-29,25
M0013078,E009509,K10+,Episode start,2026-01-05,30
M0013079,E009510,K10+,Episode start,2026-01-02,32
M0013080,E009512,K10+,Episode start,2026-01-09,30
M0013081,E009512,K10+,Episode end,2026-04-21,35
M0013082,E009513,K10+,Episode start,2026-01-10,30
M0013083,E009513,K10+,Episode end,2026-03-10,17
M0013084,E009514,K10+,Episode start,2026-01-10,31
M0013085,E009514,K10+,Episode end,2026-05-28,28
M0013086,E009515,K10+,Episode start,2026-01-09,37
M0013087,E009515,K10+,Episode end,2026-02-14,42
M0013088,E009516,K10+,Episode start,2026-01-06,32
M0013089,E009516,K10+,Episode end,2026-04-15,21
M0013090,E009517,K10+,Episode start,2026-01-08,34
M0013091,E009517,K10+,Episode end,2026-04-03,30
M0013092,E009518,K10+,Episode start,2026-01-20,27
M0013093,E009518,K10+,Episode end,2026-03-04,13
M0013094,E009519,K10+,Episode start,2026-01-06,28
M0013095,E009520,K10+,Episode start,2026-01-06,30
M0013096,E009521,K10+,Episode start,2026-01-09,41
M0013097,E009522,K10+,Episode start,2026-01-10,27
M0013098,E009523,K10+,Episode start,2026-01-08,24
M0013099,E009524,K10+,Episode start,2026-01-12,36
M0013100,E009524,K10+,Episode end,2026-02-01,26
M0013101,E009526,K10+,Episode start,2026-01-17,24
M0013102,E009526,K10+,Episode end,2026-03-22,10
M0013103,E009527,K10+,Episode start,2026-01-13,28
M0013104,E009527,K10+,Episode end,2026-04-25,18
M0013105,E009528,K10+,Episode start,2026-01-14,31
M0013106,E009528,K10+,Episode end,2026-04-30,28
M0013107,E009531,K10+,Episode start,2026-01-15,26
M0013108,E009531,K10+,Episode end,2026-03-07,24
M0013109,E009532,K10+,Episode start,2026-01-21,34
M0013110,E009533,K10+,Episode start,2026-01-21,38
M0013111,E009534,K10+,Episode start,2026-02-13,19
M0013112,E009536,K10+,Episode start,2026-02-16,19
M0013113,E009537,K10+,Episode start,2026-01-24,22
M0013114,E009537,K10+,Episode end,2026-05-19,23
M0013115,E009538,K10+,Episode start,2026-01-28,35
M0013116,E009539,K10+,Episode start,2026-01-26,38
M0013117,E009539,K10+,Episode end,2026-05-08,35
M0013118,E009540,K10+,Episode start,2026-01-28,34
M0013119,E009540,K10+,Episode end,2026-03-04,22
M0013120,E009541,K10+,Episode start,2026-02-05,30
M0013121,E009541,K10+,Episode end,2026-04-20,27
M0013122,E009543,K10+,Episode start,2026-01-31,31
M0013123,E009544,K10+,Episode start,2026-01-23,33
M0013124,E009546,K10+,Episode start,2026-02-08,25
M0013125,E009546,K10+,Episode end,2026-06-23,20
M0013126,E009547,K10+,Episode start,2026-01-29,30
M0013127,E009547,K10+,Episode end,2026-04-29,28
M0013128,E009548,K10+,Episode start,2026-02-04,29
M0013129,E009549,K10+,Episode start,2026-02-01,29
M0013130,E009550,K10+,Episode start,2026-01-28,33
M0013131,E009550,K10+,Episode end,2026-04-16,21
M0013132,E009551,K10+,Episode start,2026-01-31,40
M0013133,E009552,K10+,Episode start,2026-02-10,31
M0013134,E009552,K10+,Episode end,2026-05-07,23
M0013135,E009553,K10+,Episode start,2026-02-10,44
M0013136,E009554,K10+,Episode start,2026-01-31,31
M0013137,E009554,K10+,Episode end,2026-05-12,19
M0013138,E009555,K10+,Episode start,2026-02-07,23
M0013139,E009555,K10+,Episode end,2026-05-10,17
M0013140,E009556,K10+,Episode start,2026-01-31,33
M0013141,E009556,K10+,Episode end,2026-04-26,21
M0013142,E009557,K10+,Episode start,2026-02-21,39
M0013143,E009557,K10+,Episode end,2026-06-05,35
M0013144,E009558,K10+,Episode start,2026-02-14,26
M0013145,E009559,K10+,Episode start,2026-02-08,29
M0013146,E009559,K10+,Episode end,2026-05-18,19
M0013147,E009560,K10+,Episode start,2026-03-05,40
M0013148,E009561,K10+,Episode start,2026-02-12,20
M0013149,E009563,K10+,Episode end,2026-03-03,24
M0013150,E009565,K10+,Episode start,2026-02-08,28
M0013151,E009565,K10+,Episode end,2026-06-26,26
M0013152,E009566,K10+,Episode start,2026-02-18,36
M0013153,E009566,K10+,Episode end,2026-04-22,32
M0013154,E009567,K10+,Episode start,2026-02-13,38
M0013155,E009567,K10+,Episode end,2026-06-19,40
M0013156,E009568,K10+,Episode start,2026-02-19,32
M0013157,E009568,K10+,Episode end,2026-06-02,17
M0013158,E009569,K10+,Episode start,2026-03-07,34
M0013159,E009570,K10+,Episode start,2026-02-20,28
M0013160,E009571,K10+,Episode start,2026-03-15,25
M0013161,E009572,K10+,Episode start,2026-02-12,26
M0013162,E009572,K10+,Episode end,2026-05-17,31
M0013163,E009573,K10+,Episode start,2026-02-11,37
M0013164,E009573,K10+,Episode end,2026-04-13,33
M0013165,E009574,K10+,Episode start,2026-03-13,43
M0013166,E009575,K10+,Episode start,2026-02-10,31
M0013167,E009575,K10+,Episode end,2026-03-15,24
M0013168,E009576,K10+,Episode end,2026-05-25,12
M0013169,E009577,K10+,Episode start,2026-02-13,31
M0013170,E009577,K10+,Episode end,2026-06-18,22
M0013171,E009578,K10+,Episode start,2026-02-14,28
M0013172,E009579,K10+,Episode start,2026-02-26,27
M0013173,E009579,K10+,Episode end,2026-05-10,11
M0013174,E009580,K10+,Episode start,2026-02-12,33
M0013175,E009580,K10+,Episode end,2026-04-27,28
M0013176,E009581,K10+,Episode start,2026-02-17,30
M0013177,E009581,K10+,Episode end,2026-05-11,31
M0013178,E009582,K10+,Episode start,2026-03-10,26
M0013179,E009582,K10+,Episode end,2026-04-14,15
M0013180,E009583,K10+,Episode start,2026-02-21,22
M0013181,E009583,K10+,Episode end,2026-05-18,13
M0013182,E009584,K10+,Episode start,2026-02-23,30
M0013183,E009584,K10+,Episode end,2026-03-24,29
M0013184,E009585,K10+,Episode start,2026-02-17,36
M0013185,E009586,K10+,Episode start,2026-03-07,30
M0013186,E009586,K10+,Episode end,2026-05-11,25
M0013187,E009587,K10+,Episode start,2026-02-28,29
M0013188,E009587,K10+,Episode end,2026-04-16,22
M0013189,E009588,K10+,Episode start,2026-02-24,28
M0013190,E009588,K10+,Episode end,2026-05-01,26
M0013191,E009589,K10+,Episode start,2026-02-23,20
M0013192,E009590,K10+,Episode start,2026-03-04,35
M0013193,E009590,K10+,Episode end,2026-06-12,21
M0013194,E009591,K10+,Episode start,2026-02-22,31
M0013195,E009592,K10+,Episode start,2026-03-05,28
M0013196,E009592,K10+,Episode end,2026-04-14,30
M0013197,E009593,K10+,Episode start,2026-02-24,33
M0013198,E009593,K10+,Episode end,2026-05-18,27
M0013199,E009594,K10+,Episode start,2026-02-16,25
M0013200,E009594,K10+,Episode end,2026-06-14,24
M0013201,E009595,K10+,Episode start,2026-03-08,33
M0013202,E009596,K10+,Episode start,2026-02-26,35
M0013203,E009598,K10+,Episode start,2026-02-25,27
M0013204,E009599,SDQ,Episode start,2026-03-01,11
M0013205,E009599,SDQ,Episode end,2026-06-11,6
M0013206,E009600,K10+,Episode start,2026-02-24,24
M0013207,E009600,K10+,Episode end,2026-04-16,19
M0013208,E009601,K10+,Episode start,2026-02-26,29
M0013209,E009601,K10+,Episode end,2026-04-06,30
M0013210,E009602,K10+,Episode start,2026-02-22,35
M0013211,E009602,K10+,Episode end,2026-04-13,37
M0013212,E009603,K10+,Episode start,2026-03-02,25
M0013213,E009604,K10+,Episode start,2026-03-05,32
M0013214,E009604,K10+,Episode end,2026-06-08,32
M0013215,E009605,K10+,Episode start,2026-03-11,31
M0013216,E009606,SDQ,Episode start,2026-02-28,18
M0013217,E009606,SDQ,Episode end,2026-04-25,11
M0013218,E009608,K10+,Episode start,2026-03-04,25
M0013219,E009610,K10+,Episode start,2026-03-12,30
M0013220,E009611,K10+,Episode start,2026-03-02,23
M0013221,E009611,K10+,Episode end,2026-05-01,21
M0013222,E009612,K10+,Episode start,2026-03-10,27
M0013223,E009614,K10+,Episode start,2026-03-07,28
M0013224,E009614,K10+,Episode end,2026-05-12,24
M0013225,E009615,K10+,Episode start,2026-03-10,26
M0013226,E009615,K10+,Episode end,2026-05-29,13
M0013227,E009616,K10+,Episode start,2026-03-06,32
M0013228,E009616,K10+,Episode end,2026-04-03,27
M0013229,E009617,K10+,Episode start,2026-03-12,25
M0013230,E009617,K10+,Episode end,2026-06-09,14
M0013231,E009618,SDQ,Episode start,2026-04-07,15
M0013232,E009619,K10+,Episode start,2026-03-19,26
M0013233,E009619,K10+,Episode end,2026-05-08,29
M0013234,E009620,K10+,Episode start,2026-03-10,36
M0013235,E009620,K10+,Episode end,2026-05-21,32
M0013236,E009621,K10+,Episode start,2026-03-14,48
M0013237,E009622,K10+,Episode start,2026-03-14,30
M0013238,E009622,K10+,Episode end,2026-05-15,16
M0013239,E009623,K10+,Episode start,2026-03-09,25
M0013240,E009623,K10+,Episode end,2026-05-30,19
M0013241,E009625,K10+,Episode start,2026-03-07,30
M0013242,E009626,K10+,Episode start,2026-03-07,36
M0013243,E009627,K10+,Episode start,2026-03-12,40
M0013244,E009628,K10+,Episode start,2026-03-07,30
M0013245,E009628,K10+,Episode end,2026-04-09,24
M0013246,E009629,K10+,Episode start,2026-03-26,36
M0013247,E009630,K10+,Episode start,2026-03-17,35
M0013248,E009630,K10+,Episode end,2026-05-25,30
M0013249,E009631,K10+,Episode start,2026-03-15,30
M0013250,E009633,K10+,Episode start,2026-03-18,35
M0013251,E009633,K10+,Episode end,2026-05-01,38
M0013252,E009634,K10+,Episode start,2026-03-22,39
M0013253,E009634,K10+,Episode end,2026-05-02,37
M0013254,E009635,K10+,Episode start,2026-03-26,26
M0013255,E009635,K10+,Episode end,2026-06-08,18
M0013256,E009638,K10+,Episode start,2026-03-18,26
M0013257,E009639,K10+,Episode start,2026-03-16,23
M0013258,E009639,K10+,Episode end,2026-04-18,20
M0013259,E009640,K10+,Episode start,2026-03-19,38
M0013260,E009640,K10+,Episode end,2026-06-27,28
M0013261,E009641,K10+,Episode start,2026-03-26,29
M0013262,E009642,K10+,Episode start,2026-03-26,34
M0013263,E009643,K10+,Episode start,2026-04-20,37
M0013264,E009644,K10+,Episode end,2026-05-13,17
M0013265,E009645,K10+,Episode start,2026-04-12,33
M0013266,E009646,K10+,Episode start,2026-03-21,21
M0013267,E009647,K10+,Episode start,2026-03-24,22
M0013268,E009648,K10+,Episode start,2026-04-03,23
M0013269,E009649,K10+,Episode start,2026-03-19,29
M0013270,E009649,K10+,Episode end,2026-05-05,20
M0013271,E009650,K10+,Episode start,2026-03-21,28
M0013272,E009651,K10+,Episode start,2026-03-31,33
M0013273,E009652,K10+,Episode start,2026-04-10,36
M0013274,E009653,K10+,Episode start,2026-04-03,32
M0013275,E009653,K10+,Episode end,2026-06-11,10
M0013276,E009654,K10+,Episode start,2026-03-23,41
M0013277,E009655,K10+,Episode start,2026-03-23,23
M0013278,E009656,K10+,Episode start,2026-03-26,32
M0013279,E009657,K10+,Episode start,2026-03-27,34
M0013280,E009658,K10+,Episode start,2026-03-26,18
M0013281,E009658,K10+,Episode end,2026-06-02,10
M0013282,E009659,K10+,Episode start,2026-03-28,26
M0013283,E009660,K10+,Episode start,2026-03-30,30
M0013284,E009660,K10+,Episode end,2026-06-09,27
M0013285,E009661,K10+,Episode start,2026-04-07,42
M0013286,E009661,K10+,Episode end,2026-06-03,39
M0013287,E009662,K10+,Episode start,2026-03-28,31
M0013288,E009663,K10+,Episode start,2026-03-30,33
M0013289,E009664,K10+,Episode start,2026-04-07,25
M0013290,E009664,K10+,Episode end,2026-06-15,16
M0013291,E009665,K10+,Episode start,2026-04-05,33
M0013292,E009665,K10+,Episode end,2026-05-23,26
M0013293,E009666,K10+,Episode start,2026-03-28,29
M0013294,E009667,K10+,Episode start,2026-03-27,29
M0013295,E009670,K10+,Episode start,2026-03-29,32
M0013296,E009670,K10+,Episode end,2026-05-07,27
M0013297,E009671,K10+,Episode start,2026-04-04,45
M0013298,E009672,K10+,Episode start,2026-04-02,22
M0013299,E009673,K10+,Episode start,2026-04-02,34
M0013300,E009674,K10+,Episode start,2026-04-02,32
M0013301,E009675,K10+,Episode start,2026-04-03,26
M0013302,E009675,K10+,Episode end,2026-06-11,18
M0013303,E009676,K10+,Episode start,2026-04-14,33
M0013304,E009677,K10+,Episode start,2026-04-06,42
M0013305,E009677,K10+,Episode end,2026-06-04,45
M0013306,E009678,K10+,Episode start,2026-04-05,35
M0013307,E009679,K10+,Episode end,2026-06-28,18
M0013308,E009680,K10+,Episode start,2026-04-10,32
M0013309,E009680,K10+,Episode end,2026-06-24,30
M0013310,E009681,K10+,Episode start,2026-04-03,27
M0013311,E009683,K10+,Episode start,2026-04-13,31
M0013312,E009684,K10+,Episode start,2026-04-07,34
M0013313,E009685,K10+,Episode start,2026-04-10,33
M0013314,E009686,K10+,Episode start,2026-04-17,22
M0013315,E009686,K10+,Episode end,2026-06-27,15
M0013316,E009687,K10+,Episode start,2026-05-26,33
M0013317,E009688,K10+,Episode start,2026-04-15,37
M0013318,E009691,K10+,Episode start,2026-04-15,26
M0013319,E009691,K10+,Episode end,2026-06-17,18
M0013320,E009692,K10+,Episode start,2026-04-18,26
M0013321,E009693,K10+,Episode start,2026-04-10,22
M0013322,E009694,K10+,Episode start,2026-04-27,28
M0013323,E009696,K10+,Episode start,2026-05-06,29
M0013324,E009696,K10+,Episode end,2026-05-28,31
M0013325,E009697,K10+,Episode start,2026-04-12,26
M0013326,E009699,K10+,Episode start,2026-04-18,35
M0013327,E009700,K10+,Episode start,2026-05-21,42
M0013328,E009701,K10+,Episode start,2026-04-20,33
M0013329,E009701,K10+,Episode end,2026-06-22,29
M0013330,E009702,K10+,Episode start,2026-04-18,24
M0013331,E009702,K10+,Episode end,2026-06-03,19
M0013332,E009703,K10+,Episode start,2026-04-15,35
M0013333,E009705,K10+,Episode start,2026-04-25,23
M0013334,E009705,K10+,Episode end,2026-06-25,21
M0013335,E009706,K10+,Episode start,2026-04-25,32
M0013336,E009707,SDQ,Episode start,2026-04-16,30
M0013337,E009708,K10+,Episode start,2026-04-17,31
M0013338,E009709,K10+,Episode start,2026-04-17,24
M0013339,E009710,K10+,Episode start,2026-04-26,31
M0013340,E009711,K10+,Episode start,2026-04-17,29
M0013341,E009713,K10+,Episode start,2026-05-04,29
M0013342,E009714,K10+,Episode start,2026-04-18,33
M0013343,E009714,K10+,Episode end,2026-06-13,30
M0013344,E009715,K10+,Episode start,2026-05-01,32
M0013345,E009717,K10+,Episode start,2026-06-06,30
M0013346,E009718,K10+,Episode start,2026-04-30,30
M0013347,E009719,K10+,Episode start,2026-05-11,24
M0013348,E009721,K10+,Episode start,2026-04-25,21
M0013349,E009724,K10+,Episode start,2026-04-25,28
M0013350,E009725,K10+,Episode start,2026-04-22,40
M0013351,E009725,K10+,Episode end,2026-06-25,26
M0013352,E009726,K10+,Episode start,2026-05-08,14
M0013353,E009727,K10+,Episode start,2026-04-25,31
M0013354,E009728,K10+,Episode start,2026-04-28,29
M0013355,E009729,K10+,Episode start,2026-05-02,25
M0013356,E009729,K10+,Episode end,2026-05-18,22
M0013357,E009730,K10+,Episode start,2026-04-23,19
M0013358,E009731,K10+,Episode start,2026-04-28,28
M0013359,E009731,K10+,Episode end,2026-06-29,20
M0013360,E009732,K10+,Episode start,2026-04-30,28
M0013361,E009733,K10+,Episode start,2026-04-27,28
M0013362,E009734,K10+,Episode start,2026-04-27,32
M0013363,E009735,K10+,Episode start,2026-04-28,27
M0013364,E009737,K10+,Episode start,2026-05-07,30
M0013365,E009738,K10+,Episode start,2026-05-02,31
M0013366,E009740,K10+,Episode start,2026-05-07,28
M0013367,E009741,K10+,Episode start,2026-05-10,27
M0013368,E009742,K10+,Episode start,2026-05-10,32
M0013369,E009743,K10+,Episode start,2026-05-10,31
M0013370,E009744,SDQ,Episode start,2026-05-05,18
M0013371,E009745,K10+,Episode start,2026-05-22,34
M0013372,E009746,K10+,Episode start,2026-05-15,28
M0013373,E009747,K10+,Episode start,2026-05-04,15
M0013374,E009747,K10+,Episode end,2026-06-29,11
M0013375,E009748,K10+,Episode start,2026-05-04,26
M0013376,E009749,K10+,Episode start,2026-05-10,35
M0013377,E009750,K10+,Episode start,2026-05-12,38
M0013378,E009751,K10+,Episode start,2026-05-10,34
M0013379,E009752,K10+,Episode start,2026-05-19,23
M0013380,E009753,SDQ,Episode start,2026-05-13,29
M0013381,E009754,K10+,Episode start,2026-05-10,36
M0013382,E009755,K10+,Episode start,2026-05-12,23
M0013383,E009756,K10+,Episode start,2026-05-12,35
M0013384,E009757,K10+,Episode start,2026-05-11,29
M0013385,E009757,K10+,Episode end,2026-06-07,28
M0013386,E009758,K10+,Episode start,2026-05-12,24
M0013387,E009759,K10+,Episode start,2026-06-02,29
M0013388,E009761,K10+,Episode start,2026-05-14,25
M0013389,E009762,K10+,Episode start,2026-05-30,41
M0013390,E009763,SDQ,Episode start,2026-05-19,20
M0013391,E009763,SDQ,Episode end,2026-06-23,15
M0013392,E009765,K10+,Episode start,2026-05-17,24
M0013393,E009766,K10+,Episode start,2026-05-17,27
M0013394,E009767,K10+,Episode start,2026-05-25,26
M0013395,E009767,K10+,Episode end,2026-06-09,10
M0013396,E009768,K10+,Episode start,2026-05-28,29
M0013397,E009769,K10+,Episode start,2026-05-16,22
M0013398,E009770,K10+,Episode start,2026-05-29,33
M0013399,E009771,K10+,Episode start,2026-06-01,33
M0013400,E009772,K10+,Episode start,2026-05-26,32
M0013401,E009773,K10+,Episode start,2026-06-13,34
M0013402,E009774,K10+,Episode start,2026-06-06,29
M0013403,E009775,K10+,Episode start,2026-05-22,37
M0013404,E009776,K10+,Episode start,2026-05-25,33
M0013405,E009777,K10+,Episode start,2026-05-23,36
M0013406,E009779,K10+,Episode start,2026-05-31,27
M0013407,E009781,SDQ,Episode start,2026-05-21,15
M0013408,E009782,K10+,Episode start,2026-05-21,40
M0013409,E009783,K10+,Episode start,2026-05-20,42
M0013410,E009785,K10+,Episode start,2026-06-17,36
M0013411,E009786,K10+,Episode start,2026-06-02,27
M0013412,E009787,K10+,Episode start,2026-06-05,23
M0013413,E009788,K10+,Episode start,2026-05-30,25
M0013414,E009789,K10+,Episode start,2026-06-02,26
M0013415,E009791,K10+,Episode start,2026-05-30,29
M0013416,E009792,SDQ,Episode start,2026-05-27,18
M0013417,E009793,K10+,Episode start,2026-05-26,21
M0013418,E009794,K10+,Episode start,2026-06-08,24
M0013419,E009795,K10+,Episode start,2026-05-30,13
M0013420,E009796,K10+,Episode start,2026-06-09,32
M0013421,E009797,K10+,Episode start,2026-06-05,32
M0013422,E009798,K10+,Episode start,2026-05-29,27
M0013423,E009800,K10+,Episode start,2026-06-03,21
M0013424,E009801,K10+,Episode start,2026-06-03,37
M0013425,E009802,K10+,Episode start,2026-06-05,42
M0013426,E009803,SDQ,Episode start,2026-06-03,21
M0013427,E009804,K10+,Episode start,2026-05-29,41
M0013428,E009805,K10+,Episode start,2026-06-12,36
M0013429,E009806,K10+,Episode start,2026-05-31,33
M0013430,E009807,K10+,Episode start,2026-06-08,27
M0013431,E009808,K10+,Episode start,2026-06-07,29
M0013432,E009809,K10+,Episode start,2026-06-05,18
M0013433,E009810,K10+,Episode start,2026-06-13,32
M0013434,E009812,K10+,Episode start,2026-06-10,30
M0013435,E009813,K10+,Episode start,2026-06-20,30
M0013436,E009814,K10+,Episode start,2026-06-18,35
M0013437,E009815,K10+,Episode start,2026-06-06,39
M0013438,E009816,K10+,Episode start,2026-06-10,24
M0013439,E009817,K10+,Episode start,2026-06-27,33
M0013440,E009818,K10+,Episode start,2026-06-11,40
M0013441,E009819,K10+,Episode start,2026-06-11,22
M0013442,E009820,K10+,Episode start,2026-06-11,30
M0013443,E009821,K10+,Episode start,2026-06-15,26
M0013444,E009823,K10+,Episode start,2026-06-20,35
M0013445,E009824,K10+,Episode start,2026-06-12,26
M0013446,E009825,K10+,Episode start,2026-06-24,37
M0013447,E009827,K10+,Episode start,2026-06-25,35
M0013448,E009829,K10+,Episode start,2026-06-15,30
M0013449,E009830,K10+,Episode start,2026-06-18,31
M0013450,E009831,K10+,Episode start,2026-06-16,40
M0013451,E009833,K10+,Episode start,2026-06-15,42
M0013452,E009834,K10+,Episode start,2026-06-13,29
M0013453,E009835,K10+,Episode start,2026-06-19,22
M0013454,E009836,K10+,Episode start,2026-06-13,28
M0013455,E009837,K10+,Episode start,2026-06-16,20
M0013456,E009838,K10+,Episode start,2026-06-26,40
M0013457,E009839,K10+,Episode start,2026-06-19,35
M0013458,E009840,K10+,Episode start,2026-06-14,30
M0013459,E009842,K10+,Episode start,2026-06-18,25
M0013460,E009843,K10+,Episode start,2026-06-19,28
M0013461,E009844,K10+,Episode start,2026-06-15,32
M0013462,E009845,K10+,Episode start,2026-06-17,38
M0013463,E009848,K10+,Episode start,2026-06-26,43
M0013464,E009849,K10+,Episode start,2026-06-19,25
M0013465,E009850,K10+,Episode start,2026-06-23,31
M0013466,E009852,K10+,Episode start,2026-06-22,25
M0013467,E009853,K10+,Episode start,2026-06-20,35
M0013468,E009855,K10+,Episode start,2026-06-27,22
M0013469,E009859,K10+,Episode start,2026-06-28,40
M0013470,E009861,K10+,Episode start,2026-06-23,40
M0013471,E009862,K10+,Episode start,2026-06-25,36
M0013472,E009863,K10+,Episode start,2026-06-27,34
M0013473,E009864,K10+,Episode start,2026-06-27,21
M0013474,E009866,K10+,Episode start,2026-06-28,33
M0013475,E009870,K10+,Episode start,2026-06-28,32
M0013476,E009874,K10+,Episode start,2025-02-04,34
M0013477,E009876,K10+,Episode start,2025-02-09,27
M0013478,E009876,K10+,Episode end,2025-07-09,24
M0013479,E009877,K10+,Episode start,2025-01-22,39
M0013480,E009877,K10+,Episode end,2025-04-27,35
M0013481,E009878,K10+,Episode start,2025-03-03,30
M0013482,E009878,K10+,Episode end,2025-10-08,19
M0013483,E009879,K10+,Episode start,2025-01-23,33
M0013484,E009880,K10+,Episode start,2025-02-03,21
M0013485,E009880,K10+,Episode end,2025-08-16,18
M0013486,E009881,K10+,Episode start,2025-01-27,31
M0013487,E009881,K10+,Episode end,2025-07-12,19
M0013488,E009883,K10+,Episode start,2025-01-14,39
M0013489,E009883,K10+,Episode end,2025-06-22,33
M0013490,E009884,K10+,Episode start,2025-02-22,21
M0013491,E009884,K10+,Episode end,2025-09-07,17
M0013492,E009885,K10+,Episode start,2025-01-19,34
M0013493,E009885,K10+,Episode end,2025-08-10,19
M0013494,E009886,K10+,Episode start,2025-02-24,34
M0013495,E009886,K10+,Episode end,2025-07-03,32
M0013496,E009887,K10+,Episode start,2025-03-20,31
M0013497,E009887,K10+,Episode end,2025-11-26,26
M0013498,E009889,K10+,Episode start,2025-02-21,30
M0013499,E009890,K10+,Episode start,2025-04-06,34
M0013500,E009890,K10+,Episode end,2025-08-13,34
M0013501,E009891,K10+,Episode start,2025-02-13,28
M0013502,E009891,K10+,Episode end,2025-10-30,24
M0013503,E009892,K10+,Episode start,2025-03-21,30
M0013504,E009892,K10+,Episode end,2025-08-22,10
M0013505,E009893,K10+,Episode start,2025-02-13,31
M0013506,E009894,K10+,Episode start,2025-02-03,39
M0013507,E009895,K10+,Episode start,2025-03-11,43
M0013508,E009895,K10+,Episode end,2025-09-10,38
M0013509,E009896,K10+,Episode start,2025-02-18,37
M0013510,E009896,K10+,Episode end,2025-04-25,24
M0013511,E009897,K10+,Episode start,2025-03-08,21
M0013512,E009897,K10+,Episode end,2025-07-12,16
M0013513,E009898,K10+,Episode start,2025-02-11,43
M0013514,E009898,K10+,Episode end,2025-09-06,47
M0013515,E009899,K10+,Episode start,2025-02-19,35
M0013516,E009899,K10+,Episode end,2025-07-16,26
M0013517,E009900,K10+,Episode start,2025-02-26,25
M0013518,E009900,K10+,Episode end,2025-09-21,23
M0013519,E009901,K10+,Episode start,2025-02-18,40
M0013520,E009901,K10+,Episode end,2025-05-28,27
M0013521,E009902,K10+,Episode start,2025-02-28,32
M0013522,E009902,K10+,Episode end,2025-08-22,16
M0013523,E009903,K10+,Episode start,2025-02-23,39
M0013524,E009903,K10+,Episode end,2025-08-13,40
M0013525,E009905,K10+,Episode start,2025-02-20,21
M0013526,E009906,K10+,Episode start,2025-03-23,28
M0013527,E009906,K10+,Episode end,2025-06-17,27
M0013528,E009908,K10+,Episode start,2025-02-28,29
M0013529,E009908,K10+,Episode end,2025-06-17,25
M0013530,E009909,K10+,Episode start,2025-02-28,31
M0013531,E009909,K10+,Episode end,2025-11-23,25
M0013532,E009910,K10+,Episode start,2025-03-13,34
M0013533,E009910,K10+,Episode end,2026-03-21,31
M0013534,E009911,K10+,Episode start,2025-02-16,21
M0013535,E009911,K10+,Episode end,2025-08-28,10
M0013536,E009912,K10+,Episode start,2025-03-06,31
M0013537,E009912,K10+,Episode end,2025-05-22,23
M0013538,E009913,K10+,Episode start,2025-03-11,19
M0013539,E009913,K10+,Episode end,2025-06-04,10
M0013540,E009914,K10+,Episode start,2025-03-13,25
M0013541,E009914,K10+,Episode end,2026-01-04,10
M0013542,E009915,K10+,Episode start,2025-03-12,31
M0013543,E009915,K10+,Episode end,2025-11-17,15
M0013544,E009916,K10+,Episode start,2025-04-15,26
M0013545,E009916,K10+,Episode end,2025-07-25,12
M0013546,E009917,K10+,Episode start,2025-04-22,30
M0013547,E009917,K10+,Episode end,2025-10-14,25
M0013548,E009918,K10+,Episode start,2025-03-08,35
M0013549,E009918,K10+,Episode end,2025-10-18,28
M0013550,E009919,K10+,Episode start,2025-06-01,24
M0013551,E009919,K10+,Episode end,2025-08-14,12
M0013552,E009920,K10+,Episode start,2025-03-03,31
M0013553,E009920,K10+,Episode end,2025-07-11,27
M0013554,E009921,K10+,Episode start,2025-03-20,26
M0013555,E009921,K10+,Episode end,2025-07-11,17
M0013556,E009922,K10+,Episode start,2025-04-04,24
M0013557,E009922,K10+,Episode end,2025-06-02,16
M0013558,E009923,K10+,Episode start,2025-03-11,35
M0013559,E009923,K10+,Episode end,2025-09-01,21
M0013560,E009924,K10+,Episode start,2025-03-12,31
M0013561,E009924,K10+,Episode end,2025-05-31,31
M0013562,E009925,K10+,Episode start,2025-03-17,30
M0013563,E009925,K10+,Episode end,2025-07-01,26
M0013564,E009926,K10+,Episode start,2025-03-17,45
M0013565,E009926,K10+,Episode end,2025-10-16,32
M0013566,E009927,K10+,Episode start,2025-03-10,27
M0013567,E009927,K10+,Episode end,2025-10-21,20
M0013568,E009928,K10+,Episode start,2025-05-04,29
M0013569,E009929,K10+,Episode start,2025-05-10,26
M0013570,E009929,K10+,Episode end,2025-12-01,13
M0013571,E009930,K10+,Episode start,2025-03-15,31
M0013572,E009931,K10+,Episode start,2025-04-03,36
M0013573,E009931,K10+,Episode end,2025-12-28,24
M0013574,E009932,K10+,Episode start,2025-04-26,33
M0013575,E009932,K10+,Episode end,2025-09-29,28
M0013576,E009933,K10+,Episode start,2025-05-02,32
M0013577,E009933,K10+,Episode end,2025-11-20,33
M0013578,E009934,SDQ,Episode start,2025-03-17,24
M0013579,E009934,SDQ,Episode end,2025-08-28,20
M0013580,E009935,K10+,Episode start,2025-04-17,37
M0013581,E009936,K10+,Episode start,2025-05-02,31
M0013582,E009936,K10+,Episode end,2025-08-28,25
M0013583,E009937,K10+,Episode start,2025-03-27,28
M0013584,E009937,K10+,Episode end,2025-10-10,21
M0013585,E009938,K10+,Episode start,2025-05-16,29
M0013586,E009938,K10+,Episode end,2025-08-15,26
M0013587,E009939,K10+,Episode start,2025-04-04,22
M0013588,E009939,K10+,Episode end,2025-06-27,21
M0013589,E009940,K10+,Episode start,2025-04-23,30
M0013590,E009940,K10+,Episode end,2025-06-23,20
M0013591,E009941,K10+,Episode start,2025-03-29,28
M0013592,E009941,K10+,Episode end,2025-09-30,23
M0013593,E009942,K10+,Episode start,2025-04-02,21
M0013594,E009943,K10+,Episode start,2025-04-04,34
M0013595,E009944,K10+,Episode start,2025-03-29,30
M0013596,E009944,K10+,Episode end,2026-02-09,26
M0013597,E009945,SDQ,Episode start,2025-04-08,11
M0013598,E009945,SDQ,Episode end,2025-08-14,10
M0013599,E009946,K10+,Episode start,2025-04-15,27
M0013600,E009946,K10+,Episode end,2026-01-19,19
M0013601,E009947,K10+,Episode end,2025-12-11,14
M0013602,E009948,K10+,Episode start,2025-04-06,40
M0013603,E009948,K10+,Episode end,2025-08-13,40
M0013604,E009949,K10+,Episode start,2025-04-12,25
M0013605,E009950,K10+,Episode start,2025-05-18,28
M0013606,E009950,K10+,Episode end,2026-01-12,28
M0013607,E009951,K10+,Episode start,2025-05-03,27
M0013608,E009951,K10+,Episode end,2025-07-20,15
M0013609,E009952,K10+,Episode start,2025-05-13,26
M0013610,E009952,K10+,Episode end,2025-09-02,20
M0013611,E009954,K10+,Episode start,2025-05-03,33
M0013612,E009954,K10+,Episode end,2025-10-07,15
M0013613,E009955,K10+,Episode start,2025-06-04,29
M0013614,E009955,K10+,Episode end,2026-03-30,20
M0013615,E009956,K10+,Episode start,2025-04-17,21
M0013616,E009956,K10+,Episode end,2025-10-20,16
M0013617,E009957,SDQ,Episode start,2025-06-20,12
M0013618,E009957,SDQ,Episode end,2025-10-04,11
M0013619,E009958,K10+,Episode start,2025-05-15,21
M0013620,E009958,K10+,Episode end,2025-08-12,11
M0013621,E009959,K10+,Episode end,2025-08-15,43
M0013622,E009961,K10+,Episode start,2025-04-26,27
M0013623,E009961,K10+,Episode end,2025-08-06,31
M0013624,E009962,K10+,Episode start,2025-04-29,37
M0013625,E009962,K10+,Episode end,2025-12-02,22
M0013626,E009964,K10+,Episode start,2025-05-31,43
M0013627,E009964,K10+,Episode end,2025-09-04,28
M0013628,E009965,K10+,Episode start,2025-05-06,38
M0013629,E009965,K10+,Episode end,2026-05-10,34
M0013630,E009966,K10+,Episode start,2025-06-01,28
M0013631,E009966,K10+,Episode end,2025-10-15,20
M0013632,E009968,K10+,Episode start,2025-06-16,28
M0013633,E009968,K10+,Episode end,2026-01-05,19
M0013634,E009969,K10+,Episode start,2025-05-16,45
M0013635,E009969,K10+,Episode end,2025-08-20,41
M0013636,E009970,K10+,Episode start,2025-06-12,40
M0013637,E009970,K10+,Episode end,2025-11-15,29
M0013638,E009971,K10+,Episode start,2025-06-11,38
M0013639,E009971,K10+,Episode end,2025-10-13,32
M0013640,E009972,K10+,Episode start,2025-05-22,36
M0013641,E009973,K10+,Episode start,2025-05-12,25
M0013642,E009973,K10+,Episode end,2025-09-06,17
M0013643,E009974,K10+,Episode end,2025-08-31,29
M0013644,E009975,K10+,Episode start,2025-06-18,29
M0013645,E009975,K10+,Episode end,2025-08-17,34
M0013646,E009976,K10+,Episode start,2025-05-04,33
M0013647,E009977,K10+,Episode start,2025-06-12,24
M0013648,E009977,K10+,Episode end,2026-03-11,23
M0013649,E009978,K10+,Episode start,2025-06-14,33
M0013650,E009978,K10+,Episode end,2025-11-26,30
M0013651,E009979,K10+,Episode start,2025-05-31,36
M0013652,E009979,K10+,Episode end,2025-12-27,33
M0013653,E009980,K10+,Episode start,2025-05-22,16
M0013654,E009981,K10+,Episode start,2025-05-25,24
M0013655,E009982,K10+,Episode start,2025-06-21,26
M0013656,E009982,K10+,Episode end,2025-10-19,27
M0013657,E009983,K10+,Episode start,2025-05-15,33
M0013658,E009983,K10+,Episode end,2026-02-14,27
M0013659,E009984,K10+,Episode start,2025-05-30,23
M0013660,E009984,K10+,Episode end,2025-10-22,17
M0013661,E009985,K10+,Episode start,2025-06-16,35
M0013662,E009985,K10+,Episode end,2025-08-21,28
M0013663,E009986,K10+,Episode start,2025-06-05,29
M0013664,E009987,K10+,Episode start,2025-06-26,23
M0013665,E009988,K10+,Episode start,2025-06-05,38
M0013666,E009988,K10+,Episode end,2025-10-06,27
M0013667,E009989,K10+,Episode start,2025-06-20,33
M0013668,E009989,K10+,Episode end,2025-08-18,37
M0013669,E009990,K10+,Episode start,2025-06-04,39
M0013670,E009990,K10+,Episode end,2025-09-23,37
M0013671,E009991,K10+,Episode start,2025-06-04,35
M0013672,E009991,K10+,Episode end,2025-10-06,16
M0013673,E009992,K10+,Episode start,2025-05-28,33
M0013674,E009992,K10+,Episode end,2025-07-27,25
M0013675,E009993,K10+,Episode start,2025-07-26,39
M0013676,E009994,K10+,Episode start,2025-06-16,32
M0013677,E009994,K10+,Episode end,2025-11-13,22
M0013678,E009995,K10+,Episode start,2025-06-27,28
M0013679,E009995,K10+,Episode end,2025-12-19,13
M0013680,E009996,K10+,Episode start,2025-06-10,25
M0013681,E009996,K10+,Episode end,2025-09-27,10
M0013682,E009997,K10+,Episode start,2025-06-25,23
M0013683,E009998,K10+,Episode start,2025-07-12,30
M0013684,E009998,K10+,Episode end,2026-01-11,19
M0013685,E009999,K10+,Episode start,2025-07-13,36
M0013686,E009999,K10+,Episode end,2025-12-31,31
M0013687,E010000,K10+,Episode start,2025-06-06,35
M0013688,E010000,K10+,Episode end,2026-02-06,30
M0013689,E010001,K10+,Episode start,2025-05-29,15
M0013690,E010001,K10+,Episode end,2026-03-19,10
M0013691,E010002,K10+,Episode start,2025-06-21,27
M0013692,E010002,K10+,Episode end,2025-11-17,20
M0013693,E010003,K10+,Episode start,2025-07-01,30
M0013694,E010003,K10+,Episode end,2026-04-20,17
M0013695,E010006,K10+,Episode start,2025-07-15,22
M0013696,E010006,K10+,Episode end,2025-10-31,10
M0013697,E010007,K10+,Episode start,2025-06-09,23
M0013698,E010007,K10+,Episode end,2025-10-27,16
M0013699,E010008,K10+,Episode start,2025-06-02,20
M0013700,E010008,K10+,Episode end,2025-10-30,19
M0013701,E010009,K10+,Episode start,2025-06-16,33
M0013702,E010009,K10+,Episode end,2026-06-04,35
M0013703,E010010,K10+,Episode start,2025-07-09,30
M0013704,E010010,K10+,Episode end,2025-10-25,25
M0013705,E010012,K10+,Episode start,2025-06-09,25
M0013706,E010012,K10+,Episode end,2026-01-10,15
M0013707,E010013,K10+,Episode start,2025-06-09,39
M0013708,E010014,K10+,Episode start,2025-06-08,36
M0013709,E010014,K10+,Episode end,2025-07-21,30
M0013710,E010015,K10+,Episode start,2025-06-09,38
M0013711,E010015,K10+,Episode end,2025-09-17,30
M0013712,E010016,K10+,Episode start,2025-06-09,26
M0013713,E010016,K10+,Episode end,2025-10-12,21
M0013714,E010017,K10+,Episode start,2025-07-10,33
M0013715,E010017,K10+,Episode end,2026-02-14,24
M0013716,E010018,K10+,Episode start,2025-07-17,23
M0013717,E010018,K10+,Episode end,2026-03-29,17
M0013718,E010019,K10+,Episode start,2025-07-11,27
M0013719,E010019,K10+,Episode end,2025-09-17,25
M0013720,E010020,K10+,Episode start,2025-08-02,14
M0013721,E010020,K10+,Episode end,2026-03-06,10
M0013722,E010023,K10+,Episode start,2025-06-21,32
M0013723,E010023,K10+,Episode end,2025-08-12,25
M0013724,E010024,K10+,Episode start,2025-06-21,27
M0013725,E010024,K10+,Episode end,2025-10-03,26
M0013726,E010026,K10+,Episode start,2025-06-26,20
M0013727,E010026,K10+,Episode end,2025-12-21,10
M0013728,E010028,K10+,Episode start,2025-08-10,23
M0013729,E010028,K10+,Episode end,2025-11-14,24
M0013730,E010029,K10+,Episode start,2025-07-10,23
M0013731,E010030,K10+,Episode start,2025-06-18,30
M0013732,E010030,K10+,Episode end,2025-12-19,10
M0013733,E010031,K10+,Episode start,2025-06-20,23
M0013734,E010031,K10+,Episode end,2025-11-22,13
M0013735,E010033,K10+,Episode start,2025-07-27,33
M0013736,E010033,K10+,Episode end,2026-03-10,27
M0013737,E010034,K10+,Episode start,2025-07-17,42
M0013738,E010034,K10+,Episode end,2026-01-31,35
M0013739,E010036,K10+,Episode start,2025-07-01,38
M0013740,E010037,K10+,Episode start,2025-07-18,33
M0013741,E010037,K10+,Episode end,2026-02-21,23
M0013742,E010040,K10+,Episode end,2026-01-10,26
M0013743,E010041,K10+,Episode start,2025-07-18,30
M0013744,E010041,K10+,Episode end,2026-02-26,28
M0013745,E010042,K10+,Episode start,2025-07-30,28
M0013746,E010042,K10+,Episode end,2026-02-03,29
M0013747,E010043,K10+,Episode start,2025-10-11,30
M0013748,E010044,K10+,Episode start,2025-07-18,49
M0013749,E010044,K10+,Episode end,2025-11-02,34
M0013750,E010045,K10+,Episode start,2025-08-09,25
M0013751,E010045,K10+,Episode end,2026-01-16,15
M0013752,E010047,K10+,Episode start,2025-07-12,32
M0013753,E010047,K10+,Episode end,2025-09-29,19
M0013754,E010048,K10+,Episode start,2025-07-15,25
M0013755,E010048,K10+,Episode end,2026-03-26,14
M0013756,E010049,K10+,Episode start,2025-07-11,36
M0013757,E010049,K10+,Episode end,2026-01-08,29
M0013758,E010050,K10+,Episode start,2025-08-08,28
M0013759,E010050,K10+,Episode end,2025-12-29,14
M0013760,E010051,K10+,Episode start,2025-08-12,28
M0013761,E010054,K10+,Episode start,2025-08-03,32
M0013762,E010054,K10+,Episode end,2025-09-13,13
M0013763,E010055,SDQ,Episode start,2025-07-20,18
M0013764,E010055,SDQ,Episode end,2026-03-17,14
M0013765,E010056,K10+,Episode start,2025-08-22,34
M0013766,E010056,K10+,Episode end,2025-12-21,24
M0013767,E010057,K10+,Episode end,2025-12-28,20
M0013768,E010058,K10+,Episode start,2025-07-28,42
M0013769,E010058,K10+,Episode end,2026-02-13,40
M0013770,E010059,K10+,Episode start,2025-08-06,33
M0013771,E010059,K10+,Episode end,2026-02-24,14
M0013772,E010060,K10+,Episode start,2025-08-01,21
M0013773,E010060,K10+,Episode end,2025-10-31,16
M0013774,E010061,K10+,Episode start,2025-08-12,32
M0013775,E010062,K10+,Episode start,2025-08-22,24
M0013776,E010063,K10+,Episode start,2025-08-06,30
M0013777,E010063,K10+,Episode end,2026-05-11,22
M0013778,E010064,K10+,Episode start,2025-07-30,28
M0013779,E010064,K10+,Episode end,2025-12-28,18
M0013780,E010065,K10+,Episode start,2025-08-14,30
M0013781,E010065,K10+,Episode end,2026-02-18,18
M0013782,E010066,K10+,Episode start,2025-09-09,41
M0013783,E010066,K10+,Episode end,2026-01-18,31
M0013784,E010067,K10+,Episode start,2025-10-06,33
M0013785,E010067,K10+,Episode end,2025-11-17,24
M0013786,E010068,K10+,Episode start,2025-08-04,22
M0013787,E010068,K10+,Episode end,2025-12-19,11
M0013788,E010069,K10+,Episode start,2025-08-23,27
M0013789,E010069,K10+,Episode end,2025-12-14,10
M0013790,E010070,K10+,Episode start,2025-08-11,30
M0013791,E010070,K10+,Episode end,2026-01-28,22
M0013792,E010071,K10+,Episode start,2025-08-03,40
M0013793,E010071,K10+,Episode end,2026-01-22,50
M0013794,E010072,SDQ,Episode start,2025-08-19,17
M0013795,E010073,K10+,Episode start,2025-09-12,38
M0013796,E010074,K10+,Episode start,2025-08-30,28
M0013797,E010074,K10+,Episode end,2026-05-19,18
M0013798,E010075,K10+,Episode start,2025-08-11,26
M0013799,E010075,K10+,Episode end,2026-05-26,23
M0013800,E010076,K10+,Episode start,2025-09-13,30
M0013801,E010076,K10+,Episode end,2026-03-21,17
M0013802,E010077,K10+,Episode start,2025-09-25,29
M0013803,E010078,K10+,Episode start,2025-08-06,29
M0013804,E010078,K10+,Episode end,2025-09-06,21
M0013805,E010079,K10+,Episode start,2025-09-13,29
M0013806,E010079,K10+,Episode end,2026-05-10,25
M0013807,E010080,K10+,Episode end,2026-01-04,22
M0013808,E010081,K10+,Episode start,2025-08-29,18
M0013809,E010081,K10+,Episode end,2025-11-16,17
M0013810,E010082,K10+,Episode start,2025-08-30,31
M0013811,E010082,K10+,Episode end,2025-10-19,26
M0013812,E010083,K10+,Episode start,2025-08-18,34
M0013813,E010083,K10+,Episode end,2025-11-26,34
M0013814,E010085,K10+,Episode start,2025-09-18,38
M0013815,E010085,K10+,Episode end,2026-06-02,35
M0013816,E010086,K10+,Episode start,2025-08-19,40
M0013817,E010086,K10+,Episode end,2026-03-23,28
M0013818,E010087,K10+,Episode start,2025-08-17,42
M0013819,E010087,K10+,Episode end,2025-09-18,35
M0013820,E010088,K10+,Episode start,2025-08-19,31
M0013821,E010088,K10+,Episode end,2025-11-13,28
M0013822,E010089,SDQ,Episode start,2025-08-25,11
M0013823,E010090,K10+,Episode start,2025-08-16,38
M0013824,E010091,K10+,Episode start,2025-09-01,41
M0013825,E010091,K10+,Episode end,2026-05-23,47
M0013826,E010092,K10+,Episode start,2025-08-24,36
M0013827,E010093,K10+,Episode start,2025-10-20,28
M0013828,E010093,K10+,Episode end,2026-02-11,25
M0013829,E010094,K10+,Episode start,2025-08-28,18
M0013830,E010094,K10+,Episode end,2026-04-14,19
M0013831,E010095,K10+,Episode start,2025-09-08,22
M0013832,E010095,K10+,Episode end,2025-11-02,20
M0013833,E010096,K10+,Episode start,2025-09-04,25
M0013834,E010096,K10+,Episode end,2025-11-19,14
M0013835,E010097,K10+,Episode start,2025-09-21,31
M0013836,E010097,K10+,Episode end,2026-06-15,30
M0013837,E010098,K10+,Episode start,2025-08-23,18
M0013838,E010099,K10+,Episode start,2025-09-16,31
M0013839,E010099,K10+,Episode end,2026-06-03,30
M0013840,E010100,K10+,Episode start,2025-10-08,36
M0013841,E010100,K10+,Episode end,2026-06-01,30
M0013842,E010101,K10+,Episode start,2025-09-01,24
M0013843,E010103,SDQ,Episode start,2025-09-04,22
M0013844,E010103,SDQ,Episode end,2026-02-11,20
M0013845,E010104,K10+,Episode start,2025-10-20,35
M0013846,E010104,K10+,Episode end,2026-02-11,30
M0013847,E010105,K10+,Episode start,2025-09-26,29
M0013848,E010106,K10+,Episode start,2025-09-17,24
M0013849,E010106,K10+,Episode end,2026-04-08,10
M0013850,E010107,K10+,Episode start,2025-10-12,36
M0013851,E010108,K10+,Episode start,2025-12-28,23
M0013852,E010109,K10+,Episode start,2025-09-08,35
M0013853,E010110,K10+,Episode start,2025-10-03,29
M0013854,E010111,K10+,Episode start,2025-09-22,27
M0013855,E010111,K10+,Episode end,2025-12-15,20
M0013856,E010112,K10+,Episode start,2025-10-07,36
M0013857,E010112,K10+,Episode end,2025-12-17,36
M0013858,E010113,K10+,Episode start,2025-09-19,22
M0013859,E010114,K10+,Episode start,2025-10-05,28
M0013860,E010114,K10+,Episode end,2026-02-19,22
M0013861,E010115,K10+,Episode start,2025-09-22,34
M0013862,E010115,K10+,Episode end,2026-04-10,38
M0013863,E010116,K10+,Episode start,2026-01-11,32
M0013864,E010117,K10+,Episode start,2025-09-19,36
M0013865,E010117,K10+,Episode end,2025-12-29,35
M0013866,E010118,K10+,Episode start,2025-09-16,20
M0013867,E010119,K10+,Episode start,2025-09-24,31
M0013868,E010122,K10+,Episode start,2025-09-16,20
M0013869,E010123,K10+,Episode start,2025-09-30,30
M0013870,E010124,K10+,Episode start,2025-10-15,35
M0013871,E010124,K10+,Episode end,2025-12-27,32
M0013872,E010125,K10+,Episode start,2025-11-29,29
M0013873,E010125,K10+,Episode end,2026-03-08,27
M0013874,E010126,K10+,Episode start,2025-10-08,27
M0013875,E010127,K10+,Episode start,2025-10-11,24
M0013876,E010128,K10+,Episode start,2025-09-20,28
M0013877,E010129,K10+,Episode start,2025-10-28,40
M0013878,E010130,K10+,Episode start,2025-09-29,29
M0013879,E010131,K10+,Episode start,2025-10-16,32
M0013880,E010132,K10+,Episode start,2025-10-31,33
M0013881,E010133,K10+,Episode start,2025-10-14,38
M0013882,E010133,K10+,Episode end,2026-05-23,35
M0013883,E010134,K10+,Episode start,2025-11-07,32
M0013884,E010134,K10+,Episode end,2026-05-18,22
M0013885,E010135,K10+,Episode start,2025-11-28,39
M0013886,E010136,K10+,Episode start,2025-10-31,33
M0013887,E010137,K10+,Episode start,2025-10-06,31
M0013888,E010137,K10+,Episode end,2026-04-18,29
M0013889,E010138,K10+,Episode start,2025-11-03,32
M0013890,E010140,K10+,Episode start,2025-11-07,37
M0013891,E010140,K10+,Episode end,2026-02-28,37
M0013892,E010141,K10+,Episode start,2025-10-30,32
M0013893,E010141,K10+,Episode end,2026-01-22,29
M0013894,E010142,K10+,Episode start,2025-10-29,25
M0013895,E010143,K10+,Episode start,2025-11-22,37
M0013896,E010143,K10+,Episode end,2026-04-07,32
M0013897,E010144,K10+,Episode start,2026-01-10,33
M0013898,E010144,K10+,Episode end,2026-04-25,23
M0013899,E010145,K10+,Episode start,2025-10-27,31
M0013900,E010145,K10+,Episode end,2026-04-24,28
M0013901,E010146,K10+,Episode start,2025-10-20,33
M0013902,E010146,K10+,Episode end,2026-03-28,23
M0013903,E010147,K10+,Episode start,2025-10-21,14
M0013904,E010147,K10+,Episode end,2026-02-05,13
M0013905,E010148,K10+,Episode start,2025-11-03,32
M0013906,E010149,K10+,Episode start,2025-11-04,43
M0013907,E010150,K10+,Episode start,2025-11-20,32
M0013908,E010152,K10+,Episode start,2025-10-26,30
M0013909,E010152,K10+,Episode end,2025-11-24,23
M0013910,E010153,K10+,Episode start,2025-10-24,34
M0013911,E010153,K10+,Episode end,2026-06-10,25
M0013912,E010154,K10+,Episode start,2025-10-26,33
M0013913,E010154,K10+,Episode end,2025-12-10,28
M0013914,E010155,K10+,Episode start,2025-11-12,24
M0013915,E010155,K10+,Episode end,2026-05-30,10
M0013916,E010156,K10+,Episode start,2025-11-21,26
M0013917,E010158,K10+,Episode start,2025-11-12,22
M0013918,E010158,K10+,Episode end,2026-02-14,14
M0013919,E010159,K10+,Episode start,2025-12-16,27
M0013920,E010160,K10+,Episode start,2025-11-28,34
M0013921,E010160,K10+,Episode end,2026-04-08,29
M0013922,E010161,K10+,Episode start,2025-11-11,35
M0013923,E010161,K10+,Episode end,2026-05-03,29
M0013924,E010162,K10+,Episode start,2025-11-18,31
M0013925,E010162,K10+,Episode end,2026-05-28,21
M0013926,E010163,K10+,Episode start,2025-12-24,33
M0013927,E010164,K10+,Episode start,2025-12-17,33
M0013928,E010165,K10+,Episode start,2026-01-05,26
M0013929,E010165,K10+,Episode end,2026-06-02,24
M0013930,E010167,K10+,Episode start,2025-11-27,28
M0013931,E010168,K10+,Episode end,2026-05-09,21
M0013932,E010169,K10+,Episode start,2025-11-30,35
M0013933,E010169,K10+,Episode end,2026-03-31,18
M0013934,E010170,K10+,Episode start,2025-12-26,40
M0013935,E010171,K10+,Episode start,2026-01-27,27
M0013936,E010172,K10+,Episode start,2025-12-27,32
M0013937,E010172,K10+,Episode end,2026-04-06,30
M0013938,E010173,K10+,Episode start,2025-12-22,26
M0013939,E010173,K10+,Episode end,2026-05-29,18
M0013940,E010174,K10+,Episode start,2025-12-08,37
M0013941,E010174,K10+,Episode end,2026-05-18,34
M0013942,E010176,K10+,Episode start,2026-01-01,38
M0013943,E010177,K10+,Episode start,2026-03-02,29
M0013944,E010177,K10+,Episode end,2026-06-02,29
M0013945,E010178,K10+,Episode start,2026-03-26,37
M0013946,E010179,K10+,Episode start,2025-12-07,27
M0013947,E010180,K10+,Episode end,2026-03-23,31
M0013948,E010181,K10+,Episode start,2025-12-07,42
M0013949,E010182,K10+,Episode start,2025-12-13,28
M0013950,E010182,K10+,Episode end,2026-02-03,28
M0013951,E010183,K10+,Episode start,2026-01-28,35
M0013952,E010183,K10+,Episode end,2026-05-21,21
M0013953,E010186,K10+,Episode start,2025-12-16,37
M0013954,E010188,K10+,Episode start,2025-12-14,32
M0013955,E010188,K10+,Episode end,2026-04-05,14
M0013956,E010189,K10+,Episode start,2025-12-19,39
M0013957,E010189,K10+,Episode end,2026-05-03,29
M0013958,E010190,K10+,Episode start,2026-02-06,47
M0013959,E010191,K10+,Episode start,2026-01-09,27
M0013960,E010192,K10+,Episode end,2026-02-01,19
M0013961,E010193,K10+,Episode start,2026-02-02,20
M0013962,E010194,K10+,Episode start,2026-06-22,32
M0013963,E010195,K10+,Episode end,2026-06-16,15
M0013964,E010196,K10+,Episode start,2025-12-23,24
M0013965,E010197,K10+,Episode start,2025-12-27,36
M0013966,E010198,K10+,Episode start,2026-01-05,44
M0013967,E010198,K10+,Episode end,2026-06-08,39
M0013968,E010199,K10+,Episode start,2026-01-05,21
M0013969,E010199,K10+,Episode end,2026-05-29,18
M0013970,E010200,K10+,Episode start,2026-01-15,36
M0013971,E010200,K10+,Episode end,2026-03-27,37
M0013972,E010202,K10+,Episode start,2026-02-05,25
M0013973,E010203,K10+,Episode start,2026-01-13,29
M0013974,E010204,K10+,Episode start,2026-01-09,44
M0013975,E010204,K10+,Episode end,2026-06-05,38
M0013976,E010205,K10+,Episode start,2026-01-21,24
M0013977,E010206,K10+,Episode start,2026-02-16,34
M0013978,E010207,SDQ,Episode start,2026-02-05,22
M0013979,E010208,K10+,Episode start,2026-01-20,43
M0013980,E010208,K10+,Episode end,2026-05-28,38
M0013981,E010209,K10+,Episode start,2026-01-05,39
M0013982,E010210,K10+,Episode start,2026-02-08,30
M0013983,E010211,K10+,Episode start,2026-02-17,32
M0013984,E010212,K10+,Episode start,2026-01-15,42
M0013985,E010213,K10+,Episode start,2026-03-15,30
M0013986,E010214,K10+,Episode start,2026-02-15,26
M0013987,E010215,K10+,Episode start,2026-02-07,29
M0013988,E010216,K10+,Episode start,2026-01-27,29
M0013989,E010217,K10+,Episode start,2026-02-08,33
M0013990,E010218,SDQ,Episode start,2026-02-20,12
M0013991,E010218,SDQ,Episode end,2026-06-06,11
M0013992,E010219,K10+,Episode start,2026-01-22,31
M0013993,E010220,K10+,Episode start,2026-04-30,35
M0013994,E010221,K10+,Episode start,2026-03-15,38
M0013995,E010222,K10+,Episode start,2026-02-01,27
M0013996,E010222,K10+,Episode end,2026-04-26,31
M0013997,E010223,K10+,Episode start,2026-02-20,37
M0013998,E010224,K10+,Episode start,2026-02-11,43
M0013999,E010224,K10+,Episode end,2026-06-12,37
M0014000,E010226,K10+,Episode start,2026-02-28,38
M0014001,E010227,K10+,Episode start,2026-02-27,40
M0014002,E010228,K10+,Episode start,2026-02-01,36
M0014003,E010229,K10+,Episode start,2026-03-11,36
M0014004,E010230,K10+,Episode start,2026-02-13,35
M0014005,E010231,K10+,Episode start,2026-04-23,31
M0014006,E010232,K10+,Episode start,2026-02-12,27
M0014007,E010232,K10+,Episode end,2026-06-04,17
M0014008,E010233,K10+,Episode start,2026-03-01,30
M0014009,E010235,K10+,Episode start,2026-03-21,32
M0014010,E010235,K10+,Episode end,2026-05-26,32
M0014011,E010236,K10+,Episode start,2026-03-03,30
M0014012,E010237,K10+,Episode start,2026-03-06,30
M0014013,E010238,K10+,Episode start,2026-02-14,19
M0014014,E010239,SDQ,Episode start,2026-03-18,19
M0014015,E010240,K10+,Episode start,2026-02-19,38
M0014016,E010241,K10+,Episode start,2026-02-15,34
M0014017,E010243,SDQ,Episode start,2026-03-08,23
M0014018,E010244,K10+,Episode start,2026-03-01,35
M0014019,E010245,K10+,Episode start,2026-03-03,24
M0014020,E010246,K10+,Episode start,2026-03-21,24
M0014021,E010246,K10+,Episode end,2026-06-13,16
M0014022,E010247,K10+,Episode start,2026-02-27,31
M0014023,E010247,K10+,Episode end,2026-03-30,24
M0014024,E010248,K10+,Episode start,2026-04-03,29
M0014025,E010249,K10+,Episode start,2026-03-04,23
M0014026,E010250,K10+,Episode start,2026-03-04,28
M0014027,E010251,K10+,Episode start,2026-03-31,37
M0014028,E010252,K10+,Episode start,2026-03-18,35
M0014029,E010253,K10+,Episode start,2026-02-25,27
M0014030,E010255,K10+,Episode start,2026-03-13,30
M0014031,E010256,K10+,Episode start,2026-04-02,34
M0014032,E010259,K10+,Episode start,2026-03-18,43
M0014033,E010261,K10+,Episode start,2026-05-15,37
M0014034,E010262,K10+,Episode start,2026-03-31,24
M0014035,E010263,K10+,Episode start,2026-03-16,31
M0014036,E010263,K10+,Episode end,2026-05-02,25
M0014037,E010264,K10+,Episode start,2026-03-29,36
M0014038,E010265,K10+,Episode start,2026-03-11,43
M0014039,E010266,K10+,Episode start,2026-03-28,39
M0014040,E010267,K10+,Episode start,2026-04-20,34
M0014041,E010268,K10+,Episode start,2026-05-05,27
M0014042,E010270,K10+,Episode start,2026-03-18,33
M0014043,E010272,K10+,Episode start,2026-03-24,34
M0014044,E010273,K10+,Episode start,2026-04-04,41
M0014045,E010274,K10+,Episode start,2026-05-15,32
M0014046,E010275,K10+,Episode start,2026-04-17,40
M0014047,E010276,K10+,Episode start,2026-04-06,45
M0014048,E010277,K10+,Episode start,2026-04-19,30
M0014049,E010278,K10+,Episode start,2026-04-29,37
M0014050,E010279,K10+,Episode start,2026-04-17,32
M0014051,E010280,K10+,Episode start,2026-06-17,27
M0014052,E010281,K10+,Episode start,2026-04-26,37
M0014053,E010282,K10+,Episode start,2026-04-16,34
M0014054,E010282,K10+,Episode end,2026-06-12,24
M0014055,E010283,K10+,Episode start,2026-05-10,32
M0014056,E010284,K10+,Episode start,2026-04-29,50
M0014057,E010285,K10+,Episode start,2026-04-14,50
M0014058,E010287,K10+,Episode start,2026-05-08,28
M0014059,E010289,K10+,Episode start,2026-04-19,30
M0014060,E010290,K10+,Episode start,2026-05-15,39
M0014061,E010292,K10+,Episode start,2026-04-09,33
M0014062,E010293,K10+,Episode start,2026-04-08,31
M0014063,E010293,K10+,Episode end,2026-06-28,31
M0014064,E010294,K10+,Episode start,2026-04-09,33
M0014065,E010295,K10+,Episode start,2026-04-27,34
M0014066,E010296,K10+,Episode start,2026-05-04,35
M0014067,E010297,K10+,Episode start,2026-05-25,34
M0014068,E010298,K10+,Episode start,2026-05-15,22
M0014069,E010299,K10+,Episode start,2026-05-04,31
M0014070,E010299,K10+,Episode end,2026-06-26,28
M0014071,E010300,K10+,Episode start,2026-05-17,26
M0014072,E010301,K10+,Episode start,2026-04-17,28
M0014073,E010302,K10+,Episode start,2026-05-15,39
M0014074,E010303,K10+,Episode start,2026-06-18,21
M0014075,E010304,K10+,Episode start,2026-04-28,32
M0014076,E010306,K10+,Episode start,2026-05-23,36
M0014077,E010307,SDQ,Episode start,2026-04-25,18
M0014078,E010308,K10+,Episode start,2026-06-17,25
M0014079,E010309,K10+,Episode start,2026-05-20,21
M0014080,E010310,K10+,Episode start,2026-06-22,19
M0014081,E010311,K10+,Episode start,2026-05-03,34
M0014082,E010313,K10+,Episode start,2026-05-24,17
M0014083,E010314,SDQ,Episode start,2026-05-13,20
M0014084,E010315,K10+,Episode start,2026-05-18,29
M0014085,E010317,K10+,Episode start,2026-05-05,34
M0014086,E010318,K10+,Episode start,2026-05-18,38
M0014087,E010319,K10+,Episode start,2026-05-12,23
M0014088,E010323,K10+,Episode start,2026-05-04,24
M0014089,E010323,K10+,Episode end,2026-06-20,10
M0014090,E010324,K10+,Episode start,2026-05-08,27
M0014091,E010325,K10+,Episode start,2026-05-08,27
M0014092,E010326,K10+,Episode start,2026-06-01,31
M0014093,E010327,K10+,Episode start,2026-06-05,30
M0014094,E010328,K10+,Episode start,2026-06-06,37
M0014095,E010329,K10+,Episode start,2026-05-21,26
M0014096,E010330,K10+,Episode start,2026-05-28,32
M0014097,E010331,K10+,Episode start,2026-06-07,26
M0014098,E010332,K10+,Episode start,2026-05-23,41
M0014099,E010334,K10+,Episode start,2026-05-22,41
M0014100,E010335,K10+,Episode start,2026-05-26,29
M0014101,E010338,K10+,Episode start,2026-06-19,30
M0014102,E010339,K10+,Episode start,2026-06-25,34
M0014103,E010340,K10+,Episode start,2026-05-31,29
M0014104,E010342,K10+,Episode start,2026-05-27,30
M0014105,E010343,K10+,Episode start,2026-06-06,29
M0014106,E010344,K10+,Episode start,2026-06-02,29
M0014107,E010346,K10+,Episode start,2026-05-26,19
M0014108,E010347,K10+,Episode start,2026-06-16,36
M0014109,E010349,K10+,Episode start,2026-06-12,37
M0014110,E010350,K10+,Episode start,2026-06-13,40
M0014111,E010351,K10+,Episode start,2026-06-05,35
M0014112,E010352,K10+,Episode start,2026-05-31,29
M0014113,E010353,K10+,Episode start,2026-05-31,32
M0014114,E010354,K10+,Episode start,2026-06-11,30
M0014115,E010355,K10+,Episode start,2026-05-27,29
M0014116,E010356,SDQ,Episode start,2026-06-05,18
M0014117,E010357,K10+,Episode start,2026-05-25,32
M0014118,E010358,K10+,Episode start,2026-06-05,28
M0014119,E010359,SDQ,Episode start,2026-05-28,26
M0014120,E010360,K10+,Episode start,2026-06-02,30
M0014121,E010361,K10+,Episode start,2026-06-23,32
M0014122,E010362,K10+,Episode start,2026-06-03,26
M0014123,E010363,K10+,Episode start,2026-06-01,30
M0014124,E010364,K10+,Episode start,2026-06-12,26
M0014125,E010366,K10+,Episode start,2026-06-27,26
M0014126,E010368,K10+,Episode start,2026-06-03,32
M0014127,E010372,K10+,Episode start,2026-06-10,28
M0014128,E010376,K10+,Episode start,2026-06-20,24
M0014129,E010377,K10+,Episode start,2026-06-25,22
M0014130,E010379,K10+,Episode start,2026-06-12,35
M0014131,E010381,K10+,Episode start,2026-06-14,42
M0014132,E010383,K10+,Episode start,2026-06-28,33
M0014133,E010384,K10+,Episode start,2026-06-19,30
M0014134,E010385,K10+,Episode start,2026-06-17,27
M0014135,E010386,K10+,Episode start,2026-06-28,28
M0014136,E010395,K10+,Episode start,2026-06-28,43
